ISO-10303-21;
HEADER;
FILE_DESCRIPTION(('ViewDefinition [SchedulingView]'),'2;1');
FILE_NAME('De Vaart Apartment Complex.ifc','2026-09-11T17:47:43',('Project director'),('Randstad Construction Group BV'),'Open Planner Studio 0.1','Open Planner Studio','');
FILE_SCHEMA(('IFC4X3'));
ENDSEC;
DATA;
#1=IFCPERSON($,'Project director',$,$,$,$,$,$);
#2=IFCORGANIZATION($,'Randstad Construction Group BV',$,$,$);
#3=IFCPERSONANDORGANIZATION(#1,#2,$);
#4=IFCORGANIZATION($,'OpenAEC Foundation',$,$,$);
#5=IFCAPPLICATION(#4,'0.1','Open Planner Studio','OPS');
#6=IFCOWNERHISTORY(#3,#5,$,.NOCHANGE.,$,$,$,1789148863);
#7=IFCSIUNIT(*,.LENGTHUNIT.,$,.METRE.);
#8=IFCSIUNIT(*,.TIMEUNIT.,$,.SECOND.);
#9=IFCUNITASSIGNMENT((#7,#8));
#10=IFCCARTESIANPOINT((0.,0.,0.));
#11=IFCAXIS2PLACEMENT3D(#10,$,$);
#12=IFCGEOMETRICREPRESENTATIONCONTEXT($,'Plan',3,1.0E-05,#11,$);
#13=IFCPROJECT('J5ljflGN8XYf37UFfpZf6V',#6,'De Vaart Apartment Complex','Apartment complex of three towers on one plot, with the car park/site works delivered by a subcontractor — the "kitchen sink" showcase that carries every advanced feature.',$,$,$,(#12),#9);
#14=IFCTIMEPERIOD('07:00:00','16:00:00');
#15=IFCRECURRENCEPATTERN(.WEEKLY.,$,(1,2,3,4,5),$,$,$,$,(#14));
#16=IFCWORKTIME('Standard work week',.PREDICTED.,$,#15,$,$);
#17=IFCWORKTIME('New Year''s Day',.PREDICTED.,$,$,'2027-01-01','2027-01-01');
#18=IFCWORKTIME('Good Friday',.PREDICTED.,$,$,'2027-03-26','2027-03-26');
#19=IFCWORKTIME('Easter',.PREDICTED.,$,$,'2027-03-28','2027-03-29');
#20=IFCWORKTIME('King''s Day',.PREDICTED.,$,$,'2027-04-27','2027-04-27');
#21=IFCWORKTIME('Liberation Day',.PREDICTED.,$,$,'2027-05-05','2027-05-05');
#22=IFCWORKTIME('Ascension Day',.PREDICTED.,$,$,'2027-05-06','2027-05-06');
#23=IFCWORKTIME('Whitsun',.PREDICTED.,$,$,'2027-05-16','2027-05-17');
#24=IFCWORKTIME('Christmas',.PREDICTED.,$,$,'2027-12-25','2027-12-26');
#25=IFCWORKTIME('Construction holiday (northern region)',.PREDICTED.,$,$,'2027-07-26','2027-08-15');
#26=IFCWORKTIME('New Year''s Day',.PREDICTED.,$,$,'2028-01-01','2028-01-01');
#27=IFCWORKTIME('Good Friday',.PREDICTED.,$,$,'2028-04-14','2028-04-14');
#28=IFCWORKTIME('Easter',.PREDICTED.,$,$,'2028-04-16','2028-04-17');
#29=IFCWORKTIME('King''s Day',.PREDICTED.,$,$,'2028-04-27','2028-04-27');
#30=IFCWORKTIME('Liberation Day',.PREDICTED.,$,$,'2028-05-05','2028-05-05');
#31=IFCWORKTIME('Ascension Day',.PREDICTED.,$,$,'2028-05-25','2028-05-25');
#32=IFCWORKTIME('Whitsun',.PREDICTED.,$,$,'2028-06-04','2028-06-05');
#33=IFCWORKTIME('Christmas',.PREDICTED.,$,$,'2028-12-25','2028-12-26');
#34=IFCWORKTIME('Construction holiday (northern region)',.PREDICTED.,$,$,'2028-07-24','2028-08-13');
#35=IFCWORKCALENDAR('_HlbW$VPl1Yxnv_nBDbFBd',#6,'Construction calendar NL (LARGE)','Standard construction calendar: Mon-Fri 07:00-16:00',$,(#16),(#17,#18,#19,#20,#21,#22,#23,#24,#25,#26,#27,#28,#29,#30,#31,#32,#33,#34),.FIRSTSHIFT.);
#36=IFCPROPERTYSINGLEVALUE('HoursPerDay',$,IFCREAL(8),$);
#37=IFCPROPERTYSET('qL5XmPUFgdlJ6X9$WtAtOZ',#6,'OPS_Calendar',$,(#36));
#38=IFCRELDEFINESBYPROPERTIES('bXh12hy$qvOdOP_VbbYntl',#6,$,$,(#35),#37);
#39=IFCWORKPLAN('L3X3U5wvsrDPCh2F9Pmfg9',#6,'De Vaart Apartment Complex','Apartment complex of three towers on one plot, with the car park/site works delivered by a subcontractor — the "kitchen sink" showcase that carries every advanced feature.',$,$,'2026-09-11T17:47:43',$,$,$,$,$,'2027-03-01T07:00:00','2027-04-19T07:00:00',.PLANNED.);
#40=IFCWORKSCHEDULE('ord3ETXvelm1mrIXEJYn$p',#6,'Construction schedule v1.0',$,$,$,'2026-09-11T17:47:43',$,$,$,$,$,'2027-03-01T07:00:00','2027-04-19T07:00:00',.PLANNED.);
#41=IFCWORKSCHEDULE('CrVhbR5XL7m$K$blc393xh',#6,'Contract',$,$,$,'2026-09-11T17:47:43.533Z',$,$,$,$,$,$,'2028-05-03T07:00:00',.BASELINE.);
#42=IFCWORKSCHEDULE('c$t5ETff8XcV_JxFElP5Dj',#6,'Re-baseline (variation order)',$,$,$,'2026-09-11T17:47:43.623Z',$,$,$,$,$,$,'2028-05-09T07:00:00',.BASELINE.);
#43=IFCRELAGGREGATES('X$Ph9TPtbVDd8te$ftI1sz',#6,$,$,#39,(#40,#41,#42));
#44=IFCTASKTIME('Start of Apartment Complex project Time',.PREDICTED.,$,.WORKTIME.,'P0Y0M0D','2027-03-01T07:00:00','2027-03-01T07:00:00','2027-03-01T07:00:00','2027-03-01T07:00:00','2027-03-02T07:00:00','2027-03-02T07:00:00','P0Y0M0D','P0Y0M1D',.F.,'2027-07-05T07:00:00',$,'2027-03-01T07:00:00','2027-03-01T07:00:00','P0Y0M0D',1.00);
#45=IFCTASK('zHF5IHud5Rx1CL2FZ$LlZf',#6,'Start of Apartment Complex project',$,$,'1',$,$,$,.T.,$,#44,.CONSTRUCTION.);
#46=IFCTASKTIME('1. Preparation & site clearance Time',.PREDICTED.,$,.WORKTIME.,'P0Y0M5D','2027-03-01T07:00:00','2027-03-05T07:00:00','2027-03-01T07:00:00','2027-04-09T07:00:00','2027-03-02T07:00:00','2027-04-12T07:00:00','P0Y0M0D','P0Y0M0D',.F.,$,$,$,$,$,0.00);
#47=IFCTASK('cxCpB34l7Zarix0V9TjvbR',#6,'1. Preparation & site clearance',$,$,'2',$,$,$,.F.,$,#46,.LOGISTIC.);
#48=IFCTASKTIME('CPT soundings & soil investigation Time',.PREDICTED.,$,.WORKTIME.,'P0Y0M3D','2027-03-01T07:00:00','2027-03-03T07:00:00','2027-03-01T07:00:00','2027-03-03T07:00:00','2027-03-02T07:00:00','2027-03-04T07:00:00','P0Y0M0D','P0Y0M1D',.F.,'2027-07-05T07:00:00',$,'2027-03-01T07:00:00','2027-03-03T07:00:00','P0Y0M0D',1.00);
#49=IFCTASK('Ndm7XJ2FeFaBibinQvCRxL',#6,'CPT soundings & soil investigation',$,$,'2.1',$,$,$,.F.,$,#48,.LOGISTIC.);
#50=IFCTASKTIME('Obtain building permit Time',.PREDICTED.,$,.WORKTIME.,'P0Y0M10D','2027-03-01T07:00:00','2027-03-12T07:00:00','2027-03-04T07:00:00','2027-03-17T07:00:00','2027-03-05T07:00:00','2027-03-18T07:00:00','P0Y0M0D','P0Y0M1D',.F.,'2027-07-05T07:00:00',$,'2027-03-04T07:00:00','2027-03-17T07:00:00','P0Y0M0D',1.00);
#51=IFCTASK('T3yZW1lvK9wJIF3FSxpd9H',#6,'Obtain building permit',$,$,'2.2',$,$,$,.F.,$,#50,.LOGISTIC.);
#52=IFCTASKTIME('Municipal road closure (permitted closure period) Time',.PREDICTED.,$,.WORKTIME.,'P0Y0M3D','2027-03-01T07:00:00','2027-03-03T07:00:00','2027-03-11T07:00:00','2027-03-15T07:00:00','2027-03-11T07:00:00','2027-03-15T07:00:00','P0Y0M2D','P0Y0M0D',.F.,'2027-07-05T07:00:00',$,'2027-03-11T07:00:00','2027-03-15T07:00:00','P0Y0M0D',1.00);
#53=IFCTASK('1FztUNHP5lJfFdoVm$jv5L',#6,'Municipal road closure (permitted closure period)','Hard pin (P6 Mandatory Start): the permitted closure date is fixed by the municipality and overrides the network logic.',$,'2.3',$,$,$,.F.,$,#52,.ATTENDANCE.);
#54=IFCTASKTIME('Construct site road Time',.PREDICTED.,$,.WORKTIME.,'P0Y0M4D','2027-03-01T07:00:00','2027-03-04T07:00:00','2027-03-18T07:00:00','2027-03-23T07:00:00','2027-03-19T07:00:00','2027-03-24T07:00:00','P0Y0M0D','P0Y0M1D',.F.,'2027-07-05T07:00:00',$,'2027-03-18T07:00:00','2027-03-23T07:00:00','P0Y0M0D',1.00);
#55=IFCTASK('FhJdND1dPPC5RB_XjfcDCH',#6,'Construct site road',$,$,'2.4',$,$,$,.F.,$,#54,.LOGISTIC.);
#56=IFCTASKTIME('Place site huts Time',.PREDICTED.,$,.WORKTIME.,'P0Y0M2D','2027-03-01T07:00:00','2027-03-02T07:00:00','2027-03-24T07:00:00','2027-03-25T07:00:00','2027-03-25T07:00:00','2027-03-30T07:00:00','P0Y0M0D','P0Y0M1D',.F.,'2027-07-05T07:00:00',$,'2027-03-24T07:00:00','2027-03-25T07:00:00','P0Y0M0D',1.00);
#57=IFCTASK('H9SzURoHFzEvgtilORAtWd',#6,'Place site huts',$,$,'2.5',$,$,$,.F.,$,#56,.LOGISTIC.);
#58=IFCTASKTIME('Install utility connections Time',.PREDICTED.,$,.WORKTIME.,'P0Y0M4D','2027-03-01T07:00:00','2027-03-04T07:00:00','2027-03-30T07:00:00','2027-04-02T07:00:00','2027-03-31T07:00:00','2027-04-05T07:00:00','P0Y0M0D','P0Y0M1D',.F.,'2027-07-05T07:00:00',$,'2027-03-30T07:00:00','2027-04-02T07:00:00','P0Y0M0D',1.00);
#59=IFCTASK('8LAZe3LHLjoBO7IFiXJ77b',#6,'Install utility connections','Pinned (priority 1000): fixed connection date from the utility company, must not move.',$,'2.6',$,$,$,.F.,1000,#58,.LOGISTIC.);
#60=IFCTASKTIME('Install dewatering Time',.PREDICTED.,$,.WORKTIME.,'P0Y0M5D','2027-03-01T07:00:00','2027-03-05T07:00:00','2027-04-05T07:00:00','2027-04-09T07:00:00','2027-04-06T07:00:00','2027-04-12T07:00:00','P0Y0M0D','P0Y0M1D',.F.,'2027-07-05T07:00:00',$,'2027-04-05T07:00:00','2027-04-09T07:00:00','P0Y0M0D',1.00);
#61=IFCTASK('Kx95kJJnKtATBjZlip6J2T',#6,'Install dewatering',$,$,'2.7',$,$,$,.F.,$,#60,.CONSTRUCTION.);
#62=IFCTASKTIME('Site ready for construction Time',.PREDICTED.,$,.WORKTIME.,'P0Y0M0D','2027-03-01T07:00:00','2027-03-01T07:00:00','2027-04-09T07:00:00','2027-04-09T07:00:00','2027-04-12T07:00:00','2027-04-12T07:00:00','P0Y0M0D','P0Y0M1D',.F.,'2027-07-05T07:00:00',$,'2027-04-09T07:00:00','2027-04-09T07:00:00','P0Y0M0D',1.00);
#63=IFCTASK('AN_BNnqFePPrWppnvVz94P',#6,'Site ready for construction',$,$,'2.8',$,$,$,.T.,$,#62,.CONSTRUCTION.);
#64=IFCTASKTIME('2. Foundations & basement/car park Time',.PREDICTED.,$,.WORKTIME.,'P0Y0M5D','2027-03-01T07:00:00','2027-03-05T07:00:00','2027-04-12T07:00:00','2027-07-12T07:00:00','2027-04-13T07:00:00','2028-05-04T07:00:00','P0Y0M0D','P0Y0M0D',.F.,$,$,$,$,$,0.00);
#65=IFCTASK('cRuVGfu7IVxVsRu$xFXRJ$',#6,'2. Foundations & basement/car park',$,$,'3',$,$,$,.F.,$,#64,.CONSTRUCTION.);
#66=IFCTASKTIME('Commission dewatering Time',.PREDICTED.,$,.WORKTIME.,'P0Y0M2D','2027-03-01T07:00:00','2027-03-02T07:00:00','2027-04-12T07:00:00','2027-04-13T07:00:00','2027-04-13T07:00:00','2027-04-14T07:00:00','P0Y0M0D','P0Y0M1D',.F.,'2027-07-05T07:00:00',$,'2027-04-12T07:00:00','2027-04-13T07:00:00','P0Y0M0D',1.00);
#67=IFCTASK('0nLH3vnv23GX_vEnQ7KJ_1',#6,'Commission dewatering',$,$,'3.1',$,$,$,.F.,$,#66,.CONSTRUCTION.);
#68=IFCTASKTIME('Excavation, building pit Time',.PREDICTED.,$,.WORKTIME.,'P0Y0M6D','2027-03-01T07:00:00','2027-03-08T07:00:00','2027-04-14T07:00:00','2027-04-21T07:00:00','2027-04-15T07:00:00','2027-04-22T07:00:00','P0Y0M0D','P0Y0M1D',.F.,'2027-07-05T07:00:00',$,'2027-04-14T07:00:00','2027-04-21T07:00:00','P0Y0M0D',1.00);
#69=IFCTASK('b5iRalOPjhVb5FhHbxszvb',#6,'Excavation, building pit',$,$,'3.2',$,$,$,.F.,$,#68,.CONSTRUCTION.);
#70=IFCTASKTIME('Install sheet piling Time',.PREDICTED.,$,.WORKTIME.,'P0Y0M5D','2027-03-01T07:00:00','2027-03-05T07:00:00','2027-04-22T07:00:00','2027-04-29T07:00:00','2027-04-23T07:00:00','2027-04-30T07:00:00','P0Y0M0D','P0Y0M1D',.F.,'2027-07-05T07:00:00',$,'2027-04-22T07:00:00','2027-04-29T07:00:00','P0Y0M0D',1.00);
#71=IFCTASK('9tcf8hyl5Hjf9rc$IX7p8j',#6,'Install sheet piling',$,$,'3.3',$,$,$,.F.,$,#70,.CONSTRUCTION.);
#72=IFCTASKTIME('Pour foundation beams (shared) Time',.PREDICTED.,$,.WORKTIME.,'P0Y0M4D','2027-03-01T07:00:00','2027-03-04T07:00:00','2027-04-30T07:00:00','2027-05-07T07:00:00','2027-05-03T07:00:00','2027-05-10T07:00:00','P0Y0M0D','P0Y0M1D',.F.,'2027-07-05T07:00:00',$,'2027-04-30T07:00:00','2027-05-07T07:00:00','P0Y0M0D',1.00);
#73=IFCTASK('B9kH37tfOFqxBDlX5BK5XZ',#6,'Pour foundation beams (shared)',$,$,'3.4',$,$,$,.F.,$,#72,.CONSTRUCTION.);
#74=IFCTASKTIME('Basement earthworks — Tower A Time',.PREDICTED.,$,.WORKTIME.,'P0Y0M3D','2027-03-01T07:00:00','2027-03-03T07:00:00','2027-05-10T07:00:00','2027-05-12T07:00:00','2027-05-11T07:00:00','2027-05-13T07:00:00','P0Y0M0D','P0Y0M1D',.F.,'2027-07-05T07:00:00',$,'2027-05-10T07:00:00','2027-05-12T07:00:00','P0Y0M0D',1.00);
#75=IFCTASK('GNeHVfOPpbx$43XV6NMZtn',#6,'Basement earthworks — Tower A',$,$,'3.5',$,$,$,.F.,$,#74,.CONSTRUCTION.);
#76=IFCTASKTIME('Rebar fixing, basement floor — Tower A Time',.PREDICTED.,$,.WORKTIME.,'P0Y0M5D','2027-03-01T07:00:00','2027-03-05T07:00:00','2027-05-13T07:00','2027-05-20T15:00','2027-05-14T07:00','2027-05-21T15:00','P0Y0M0D','P0Y0M1D',.F.,'2027-07-05T07:00:00',$,'2027-05-13T07:00','2027-05-20T15:00','P0Y0M0D',1.00);
#77=IFCTASK('1nZN0Fhl7fcVMNmXgLWdxl',#6,'Rebar fixing, basement floor — Tower A',$,$,'3.6',$,$,$,.F.,$,#76,.CONSTRUCTION.);
#78=IFCTASKTIME('Pour basement floor — Tower A Time',.PREDICTED.,$,.WORKTIME.,'P0Y0M5D','2027-03-01T07:00:00','2027-03-05T07:00:00','2027-05-21T07:00','2027-05-27T15:00','2027-05-24T07:00','2027-05-28T15:00','P0Y0M0D','P0Y0M1D',.F.,'2027-07-05T07:00:00',$,'2027-05-21T07:00','2027-05-27T15:00','P0Y0M0D',1.00);
#79=IFCTASK('FhTNO5o991vpSJ5FoHlzdh',#6,'Pour basement floor — Tower A',$,$,'3.7',$,$,$,.F.,$,#78,.CONSTRUCTION.);
#80=IFCTASKTIME('Rebar fixing, basement walls — Tower A Time',.PREDICTED.,$,.WORKTIME.,'P0Y0M5D','2027-03-01T07:00:00','2027-03-05T07:00:00','2027-05-28T07:00','2027-06-03T15:00','2027-05-31T07:00','2027-06-04T15:00','P0Y0M0D','P0Y0M1D',.F.,'2027-07-05T07:00:00',$,'2027-05-28T07:00','2027-06-03T15:00','P0Y0M0D',1.00);
#81=IFCTASK('Gdcjrvc7KfcVIFxleppPfV',#6,'Rebar fixing, basement walls — Tower A',$,$,'3.8',$,$,$,.F.,$,#80,.CONSTRUCTION.);
#82=IFCTASKTIME('Pour basement walls — Tower A Time',.PREDICTED.,$,.WORKTIME.,'P0Y0M5D','2027-03-01T07:00:00','2027-03-05T07:00:00','2027-06-04T07:00','2027-06-10T15:00','2027-06-07T07:00','2027-06-11T15:00','P0Y0M0D','P0Y0M1D',.F.,'2027-07-05T07:00:00',$,'2027-06-04T07:00','2027-06-10T15:00','P0Y0M0D',1.00);
#83=IFCTASK('W11Tapsd9Bnh_DFV1XlriV',#6,'Pour basement walls — Tower A',$,$,'3.9',$,$,$,.F.,$,#82,.CONSTRUCTION.);
#84=IFCTASKTIME('Basement earthworks — Tower B Time',.PREDICTED.,$,.WORKTIME.,'P0Y0M3D','2027-03-01T07:00:00','2027-03-03T07:00:00','2027-05-10T07:00:00','2027-05-12T07:00:00','2027-05-11T07:00:00','2027-05-13T07:00:00','P0Y0M0D','P0Y0M1D',.F.,'2027-07-05T07:00:00',$,'2027-05-10T07:00:00','2027-05-12T07:00:00','P0Y0M0D',1.00);
#85=IFCTASK('o7w9kl8dHpuvYNCHUdaBa5',#6,'Basement earthworks — Tower B',$,$,'3.10',$,$,$,.F.,$,#84,.CONSTRUCTION.);
#86=IFCTASKTIME('Rebar fixing, basement floor — Tower B Time',.PREDICTED.,$,.WORKTIME.,'P0Y0M5D','2027-03-01T07:00:00','2027-03-05T07:00:00','2027-05-13T07:00','2027-05-20T15:00','2027-05-14T07:00','2027-05-21T15:00','P0Y0M0D','P0Y0M1D',.F.,'2027-07-05T07:00:00',$,'2027-05-13T07:00','2027-05-20T15:00','P0Y0M0D',1.00);
#87=IFCTASK('sDfjbVDn2NkP8Hv$5lBFjz',#6,'Rebar fixing, basement floor — Tower B',$,$,'3.11',$,$,$,.F.,$,#86,.CONSTRUCTION.);
#88=IFCTASKTIME('Pour basement floor — Tower B Time',.PREDICTED.,$,.WORKTIME.,'P0Y0M5D','2027-03-01T07:00:00','2027-03-05T07:00:00','2027-05-21T07:00','2027-05-27T15:00','2027-05-24T07:00','2027-05-28T15:00','P0Y0M0D','P0Y0M1D',.F.,'2027-07-05T07:00:00',$,'2027-05-21T07:00','2027-05-27T15:00','P0Y0M0D',1.00);
#89=IFCTASK('ST8F7PZH$rzfDlLFrjnZ9l',#6,'Pour basement floor — Tower B',$,$,'3.12',$,$,$,.F.,$,#88,.CONSTRUCTION.);
#90=IFCTASKTIME('Rebar fixing, basement walls — Tower B Time',.PREDICTED.,$,.WORKTIME.,'P0Y0M5D','2027-03-01T07:00:00','2027-03-05T07:00:00','2027-05-28T07:00','2027-06-03T15:00','2027-05-31T07:00','2027-06-04T15:00','P0Y0M0D','P0Y0M1D',.F.,'2027-07-05T07:00:00',$,'2027-05-28T07:00','2027-06-03T15:00','P0Y0M0D',1.00);
#91=IFCTASK('IRpPzvPt9rVbFJ5FMHjv19',#6,'Rebar fixing, basement walls — Tower B',$,$,'3.13',$,$,$,.F.,$,#90,.CONSTRUCTION.);
#92=IFCTASKTIME('Pour basement walls — Tower B Time',.PREDICTED.,$,.WORKTIME.,'P0Y0M5D','2027-03-01T07:00:00','2027-03-05T07:00:00','2027-06-04T07:00','2027-06-10T15:00','2027-06-07T07:00','2027-06-11T15:00','P0Y0M0D','P0Y0M1D',.F.,'2027-07-05T07:00:00',$,'2027-06-04T07:00','2027-06-10T15:00','P0Y0M0D',1.00);
#93=IFCTASK('qhb1ArP9b$15pFVXi1fhUF',#6,'Pour basement walls — Tower B',$,$,'3.14',$,$,$,.F.,$,#92,.CONSTRUCTION.);
#94=IFCTASKTIME('Basement earthworks — Tower C Time',.PREDICTED.,$,.WORKTIME.,'P0Y0M3D','2027-03-01T07:00:00','2027-03-03T07:00:00','2027-05-10T07:00:00','2027-05-12T07:00:00','2027-05-11T07:00:00','2027-05-13T07:00:00','P0Y0M0D','P0Y0M1D',.F.,'2027-07-05T07:00:00',$,'2027-05-10T07:00:00','2027-05-12T07:00:00','P0Y0M0D',1.00);
#95=IFCTASK('RxaLpH8dPvuNfRWVXjUnT5',#6,'Basement earthworks — Tower C',$,$,'3.15',$,$,$,.F.,$,#94,.CONSTRUCTION.);
#96=IFCTASKTIME('Rebar fixing, basement floor — Tower C Time',.PREDICTED.,$,.WORKTIME.,'P0Y0M5D','2027-03-01T07:00:00','2027-03-05T07:00:00','2027-05-13T07:00','2027-05-20T15:00','2027-05-14T07:00','2027-05-21T15:00','P0Y0M0D','P0Y0M1D',.F.,'2027-07-05T07:00:00',$,'2027-05-13T07:00','2027-05-20T15:00','P0Y0M0D',1.00);
#97=IFCTASK('znhltzDXNF1T55u1s$fh65',#6,'Rebar fixing, basement floor — Tower C',$,$,'3.16',$,$,$,.F.,$,#96,.CONSTRUCTION.);
#98=IFCTASKTIME('Pour basement floor — Tower C Time',.PREDICTED.,$,.WORKTIME.,'P0Y0M5D','2027-03-01T07:00:00','2027-03-05T07:00:00','2027-05-21T07:00','2027-05-27T15:00','2027-05-24T07:00','2027-05-28T15:00','P0Y0M0D','P0Y0M1D',.F.,'2027-07-05T07:00:00',$,'2027-05-21T07:00','2027-05-27T15:00','P0Y0M0D',1.00);
#99=IFCTASK('XzKjzhCnSXLH7JHX97CDyL',#6,'Pour basement floor — Tower C',$,$,'3.17',$,$,$,.F.,$,#98,.CONSTRUCTION.);
#100=IFCTASKTIME('Rebar fixing, basement walls — Tower C Time',.PREDICTED.,$,.WORKTIME.,'P0Y0M5D','2027-03-01T07:00:00','2027-03-05T07:00:00','2027-05-28T07:00','2027-06-03T15:00','2027-05-31T07:00','2027-06-04T15:00','P0Y0M0D','P0Y0M1D',.F.,'2027-07-05T07:00:00',$,'2027-05-28T07:00','2027-06-03T15:00','P0Y0M0D',1.00);
#101=IFCTASK('SZOlj$ItxHTda7QH$XnhYl',#6,'Rebar fixing, basement walls — Tower C',$,$,'3.18',$,$,$,.F.,$,#100,.CONSTRUCTION.);
#102=IFCTASKTIME('Pour basement walls — Tower C Time',.PREDICTED.,$,.WORKTIME.,'P0Y0M5D','2027-03-01T07:00:00','2027-03-05T07:00:00','2027-06-04T07:00','2027-06-10T15:00','2027-06-07T07:00','2027-06-11T15:00','P0Y0M0D','P0Y0M1D',.F.,'2027-07-05T07:00:00',$,'2027-06-04T07:00','2027-06-10T15:00','P0Y0M0D',1.00);
#103=IFCTASK('wnfjHx1PNlLln7onkVfZDJ',#6,'Pour basement walls — Tower C',$,$,'3.19',$,$,$,.F.,$,#102,.CONSTRUCTION.);
#104=IFCTASKTIME('Basement sealing Time',.PREDICTED.,$,.WORKTIME.,'P0Y0M3D','2027-03-01T07:00:00','2027-03-03T07:00:00','2027-06-14T07:00:00','2027-06-16T07:00:00','2027-06-14T07:00:00','2027-06-16T07:00:00','P0Y0M0D','P0Y0M0D',.F.,'2027-07-05T07:00:00',$,'2027-06-14T07:00:00','2027-06-16T07:00:00','P0Y0M0D',1.00);
#105=IFCTASK('1nLHfpfNYv8vIbClc3vD0N',#6,'Basement sealing',$,$,'3.20',$,$,$,.F.,$,#104,.CONSTRUCTION.);
#106=IFCTASKTIME('Backfill around basement Time',.PREDICTED.,$,.WORKTIME.,'P0Y0M3D','2027-03-01T07:00:00','2027-03-03T07:00:00','2027-06-17T07:00:00','2027-06-21T07:00:00','2027-06-17T07:00:00','2027-06-21T07:00:00','P0Y0M0D','P0Y0M0D',.F.,'2027-07-05T07:00:00',$,'2027-06-17T07:00:00','2027-06-21T07:00:00','P0Y0M0D',1.00);
#107=IFCTASK('0lF5IFS$6ZIL6D5Hyv4hEx',#6,'Backfill around basement',$,$,'3.21',$,$,$,.F.,$,#106,.CONSTRUCTION.);
#108=IFCTASKTIME('Pour parking deck (ground floor cover) Time',.PREDICTED.,$,.WORKTIME.,'P0Y0M5D','2027-03-01T07:00:00','2027-03-05T07:00:00','2027-06-22T07:00:00','2027-06-28T07:00:00','2027-06-22T07:00:00','2027-06-28T07:00:00','P0Y0M0D','P0Y0M0D',.F.,'2027-07-05T07:00:00',$,'2027-06-22T07:00:00','2027-06-28T07:00:00','P0Y0M0D',1.00);
#109=IFCTASK('8rQNe5gPlDWlZtylhP8$oN',#6,'Pour parking deck (ground floor cover)',$,$,'3.22',$,$,$,.F.,$,#108,.CONSTRUCTION.);
#110=IFCTASKTIME('Remove sheet piling Time',.PREDICTED.,$,.WORKTIME.,'P0Y0M2D','2027-03-01T07:00:00','2027-03-02T07:00:00','2027-06-29T07:00:00','2027-06-30T07:00:00','2027-06-29T07:00:00','2027-06-30T07:00:00','P0Y0M0D','P0Y0M0D',.F.,'2027-07-05T07:00:00',$,'2027-06-29T07:00:00','2027-06-30T07:00:00','P0Y0M0D',1.00);
#111=IFCTASK('W11ZGf87ERZPO7UnhvKJIr',#6,'Remove sheet piling',$,$,'3.23',$,$,$,.F.,$,#110,.CONSTRUCTION.);
#112=IFCTASKTIME('Basement watertight — inspection Time',.PREDICTED.,$,.WORKTIME.,'P0Y0M0D','2027-03-01T07:00:00','2027-03-01T07:00:00','2027-06-30T07:00:00','2027-06-30T07:00:00','2027-06-30T07:00:00','2027-06-30T07:00:00','P0Y0M0D','P0Y0M0D',.F.,'2027-07-05T07:00:00',$,'2027-06-30T07:00:00','2027-06-30T07:00:00','P0Y0M0D',1.00);
#113=IFCTASK('YVz9wZuvo5$THfqH6tMNQr',#6,'Basement watertight — inspection',$,$,'3.24',$,$,$,.T.,$,#112,.CONSTRUCTION.);
#114=IFCTASKTIME('3. Structural works, towers A/B/C (parallel) Time',.PREDICTED.,$,.WORKTIME.,'P0Y0M5D','2027-03-01T07:00:00','2027-03-05T07:00:00','2027-07-01T07:00:00','2027-11-02T07:00:00','2027-07-01T07:00:00','2028-05-09T07:00:00','P0Y0M0D','P0Y0M0D',.T.,$,$,$,$,$,0.00);
#115=IFCTASK('yDY1gxVP$9lrWDBHHdS3J$',#6,'3. Structural works, towers A/B/C (parallel)',$,$,'4',$,$,$,.F.,$,#114,.CONSTRUCTION.);
#116=IFCTASKTIME('Erect tower crane Time',.PREDICTED.,$,.WORKTIME.,'P0Y0M3D','2027-03-01T07:00:00','2027-03-03T07:00:00','2027-07-01T07:00:00','2027-07-05T07:00:00','2027-07-01T07:00:00','2027-07-05T07:00:00','P0Y0M0D','P0Y0M0D',.F.,'2027-07-05T07:00:00',$,'2027-07-01T07:00:00','2027-07-05T07:00:00','P0Y0M0D',1.00);
#117=IFCTASK('4nfjtVg1ABzf5RaFRxA3pF',#6,'Erect tower crane',$,$,'4.1',$,$,$,.F.,$,#116,.LOGISTIC.);
#118=IFCTASKTIME('Structural works — Tower A Time',.PREDICTED.,$,.WORKTIME.,'P0Y0M5D','2027-03-01T07:00:00','2027-03-05T07:00:00','2027-07-06T07:00:00','2027-10-29T07:00:00','2027-07-06T07:00:00','2028-05-04T07:00:00','P0Y0M0D','P0Y0M0D',.T.,$,$,$,$,$,0.00);
#119=IFCTASK('_j6DtTHPdJ6jQFf$$$R$A3',#6,'Structural works — Tower A',$,$,'4.2',$,$,$,.F.,$,#118,.CONSTRUCTION.);
#120=IFCTASKTIME('Pour ground floor slab — Tower A Time',.PREDICTED.,$,.WORKTIME.,'P0Y0M4D','2027-03-01T07:00:00','2027-03-04T07:00:00','2027-07-06T07:00:00','2027-07-09T07:00:00','2027-07-06T07:00:00','2027-07-09T07:00:00','P0Y0M0D','P0Y0M0D',.T.,$,$,$,$,$,0.00);
#121=IFCTASK('hvShvha$w3cXYZBHZzelVd',#6,'Pour ground floor slab — Tower A',$,$,'4.2.1',$,$,$,.F.,$,#120,.CONSTRUCTION.);
#122=IFCTASKTIME('Walls, floor 1 — Tower A Time',.PREDICTED.,$,.WORKTIME.,'P0Y0M4D','2027-03-01T07:00:00','2027-03-04T07:00:00','2027-07-12T07:00:00','2027-07-15T07:00:00','2027-07-12T07:00:00','2027-07-15T07:00:00','P0Y0M0D','P0Y0M0D',.T.,$,$,$,$,$,0.00);
#123=IFCTASK('xr_VO3hl$L7D8lHVDdqbNZ',#6,'Walls, floor 1 — Tower A',$,$,'4.2.2',$,$,$,.F.,$,#122,.CONSTRUCTION.);
#124=IFCTASKTIME('Slab, floor 1 — Tower A Time',.PREDICTED.,$,.WORKTIME.,'P0Y0M3D','2027-03-01T07:00:00','2027-03-03T07:00:00','2027-07-14T07:00:00','2027-07-16T07:00:00','2027-07-14T07:00:00','2027-07-16T07:00:00','P0Y0M0D','P0Y0M0D',.T.,$,$,$,$,$,0.00);
#125=IFCTASK('W1FpJXs$GJkLMN0V$$Z9i$',#6,'Slab, floor 1 — Tower A',$,$,'4.2.3',$,$,$,.F.,$,#124,.CONSTRUCTION.);
#126=IFCTASKTIME('Walls, floor 2 — Tower A Time',.PREDICTED.,$,.WORKTIME.,'P0Y0M4D','2027-03-01T07:00:00','2027-03-04T07:00:00','2027-07-19T07:00:00','2027-07-22T07:00:00','2027-07-19T07:00:00','2027-07-22T07:00:00','P0Y0M0D','P0Y0M0D',.T.,$,$,$,$,$,0.00);
#127=IFCTASK('Er9pNpVdNxN5j1pn1zuFHh',#6,'Walls, floor 2 — Tower A',$,$,'4.2.4',$,$,$,.F.,$,#126,.CONSTRUCTION.);
#128=IFCTASKTIME('Slab, floor 2 — Tower A Time',.PREDICTED.,$,.WORKTIME.,'P0Y0M3D','2027-03-01T07:00:00','2027-03-03T07:00:00','2027-07-21T07:00:00','2027-07-23T07:00:00','2027-07-21T07:00:00','2027-07-23T07:00:00','P0Y0M0D','P0Y0M0D',.T.,$,$,$,$,$,0.00);
#129=IFCTASK('SVpPbbzlFFi3$LAla5z9Gn',#6,'Slab, floor 2 — Tower A',$,$,'4.2.5',$,$,$,.F.,$,#128,.CONSTRUCTION.);
#130=IFCTASKTIME('Walls, floor 3 — Tower A Time',.PREDICTED.,$,.WORKTIME.,'P0Y0M4D','2027-03-01T07:00:00','2027-03-04T07:00:00','2027-08-16T07:00:00','2027-08-19T07:00:00','2027-08-16T07:00:00','2027-08-19T07:00:00','P0Y0M0D','P0Y0M0D',.T.,$,$,$,$,$,0.00);
#131=IFCTASK('hZj7TRs1GJ6J615luThl19',#6,'Walls, floor 3 — Tower A',$,$,'4.2.6',$,$,$,.F.,$,#130,.CONSTRUCTION.);
#132=IFCTASKTIME('Slab, floor 3 — Tower A Time',.PREDICTED.,$,.WORKTIME.,'P0Y0M3D','2027-03-01T07:00:00','2027-03-03T07:00:00','2027-08-18T07:00:00','2027-08-20T07:00:00','2027-08-18T07:00:00','2027-08-20T07:00:00','P0Y0M0D','P0Y0M0D',.T.,$,$,$,$,$,0.00);
#133=IFCTASK('D7U1E3JXTDWHxRinojcvfz',#6,'Slab, floor 3 — Tower A',$,$,'4.2.7',$,$,$,.F.,$,#132,.CONSTRUCTION.);
#134=IFCTASKTIME('Walls, floor 4 — Tower A Time',.PREDICTED.,$,.WORKTIME.,'P0Y0M4D','2027-03-01T07:00:00','2027-03-04T07:00:00','2027-08-23T07:00:00','2027-08-26T07:00:00','2027-08-23T07:00:00','2027-08-26T07:00:00','P0Y0M0D','P0Y0M0D',.T.,$,$,$,$,$,0.00);
#135=IFCTASK('VZeHVNWtJBZtnJJlRV5lDF',#6,'Walls, floor 4 — Tower A',$,$,'4.2.8',$,$,$,.F.,$,#134,.CONSTRUCTION.);
#136=IFCTASKTIME('Slab, floor 4 — Tower A Time',.PREDICTED.,$,.WORKTIME.,'P0Y0M3D','2027-03-01T07:00:00','2027-03-03T07:00:00','2027-08-25T07:00:00','2027-08-27T07:00:00','2027-08-25T07:00:00','2027-08-27T07:00:00','P0Y0M0D','P0Y0M0D',.T.,$,$,$,$,$,0.00);
#137=IFCTASK('rpVhXtCnGTCxzdUV5nHB0t',#6,'Slab, floor 4 — Tower A',$,$,'4.2.9',$,$,$,.F.,$,#136,.CONSTRUCTION.);
#138=IFCTASKTIME('Walls, floor 5 — Tower A Time',.PREDICTED.,$,.WORKTIME.,'P0Y0M4D','2027-03-01T07:00:00','2027-03-04T07:00:00','2027-08-30T07:00:00','2027-09-02T07:00:00','2027-08-30T07:00:00','2027-09-02T07:00:00','P0Y0M0D','P0Y0M0D',.T.,$,$,$,$,$,0.00);
#139=IFCTASK('8jJdFFhHdv8fBDHXRx6JYJ',#6,'Walls, floor 5 — Tower A',$,$,'4.2.10',$,$,$,.F.,$,#138,.CONSTRUCTION.);
#140=IFCTASKTIME('Slab, floor 5 — Tower A Time',.PREDICTED.,$,.WORKTIME.,'P0Y0M3D','2027-03-01T07:00:00','2027-03-03T07:00:00','2027-09-01T07:00:00','2027-09-03T07:00:00','2027-09-01T07:00:00','2027-09-03T07:00:00','P0Y0M0D','P0Y0M0D',.T.,$,$,$,$,$,0.00);
#141=IFCTASK('3JM3QDsPPDcXghMHk$rFLt',#6,'Slab, floor 5 — Tower A',$,$,'4.2.11',$,$,$,.F.,$,#140,.CONSTRUCTION.);
#142=IFCTASKTIME('Walls, floor 6 — Tower A Time',.PREDICTED.,$,.WORKTIME.,'P0Y0M4D','2027-03-01T07:00:00','2027-03-04T07:00:00','2027-09-06T07:00:00','2027-09-09T07:00:00','2027-09-06T07:00:00','2027-09-09T07:00:00','P0Y0M0D','P0Y0M0D',.T.,$,$,$,$,$,0.00);
#143=IFCTASK('W$lJZ52Nk$t3xld$9PWdtF',#6,'Walls, floor 6 — Tower A',$,$,'4.2.12',$,$,$,.F.,$,#142,.CONSTRUCTION.);
#144=IFCTASKTIME('Slab, floor 6 — Tower A Time',.PREDICTED.,$,.WORKTIME.,'P0Y0M3D','2027-03-01T07:00:00','2027-03-03T07:00:00','2027-09-08T07:00:00','2027-09-10T07:00:00','2027-09-08T07:00:00','2027-09-10T07:00:00','P0Y0M0D','P0Y0M0D',.T.,$,$,$,$,$,0.00);
#145=IFCTASK('1pw9U5MPd70FFJ3lgh8$E9',#6,'Slab, floor 6 — Tower A',$,$,'4.2.13',$,$,$,.F.,$,#144,.CONSTRUCTION.);
#146=IFCTASKTIME('Walls, floor 7 — Tower A Time',.PREDICTED.,$,.WORKTIME.,'P0Y0M4D','2027-03-01T07:00:00','2027-03-04T07:00:00','2027-09-13T07:00:00','2027-09-16T07:00:00','2027-09-13T07:00:00','2027-09-16T07:00:00','P0Y0M0D','P0Y0M0D',.T.,$,$,$,$,$,0.00);
#147=IFCTASK('RR09E16723WHLT5lKpAzDF',#6,'Walls, floor 7 — Tower A',$,$,'4.2.14',$,$,$,.F.,$,#146,.CONSTRUCTION.);
#148=IFCTASKTIME('Slab, floor 7 — Tower A Time',.PREDICTED.,$,.WORKTIME.,'P0Y0M3D','2027-03-01T07:00:00','2027-03-03T07:00:00','2027-09-15T07:00:00','2027-09-17T07:00:00','2027-09-15T07:00:00','2027-09-17T07:00:00','P0Y0M0D','P0Y0M0D',.T.,$,$,$,$,$,0.00);
#149=IFCTASK('b$ljLNmNijSjEX5nML8$61',#6,'Slab, floor 7 — Tower A',$,$,'4.2.15',$,$,$,.F.,$,#148,.CONSTRUCTION.);
#150=IFCTASKTIME('Walls, floor 8 — Tower A Time',.PREDICTED.,$,.WORKTIME.,'P0Y0M4D','2027-03-01T07:00:00','2027-03-04T07:00:00','2027-09-20T07:00:00','2027-09-23T07:00:00','2027-09-20T07:00:00','2027-09-23T07:00:00','P0Y0M0D','P0Y0M0D',.T.,$,$,$,$,$,0.00);
#151=IFCTASK('1JI5M1vt55$Z$VjlPLWPjz',#6,'Walls, floor 8 — Tower A',$,$,'4.2.16',$,$,$,.F.,$,#150,.CONSTRUCTION.);
#152=IFCTASKTIME('Slab, floor 8 — Tower A Time',.PREDICTED.,$,.WORKTIME.,'P0Y0M3D','2027-03-01T07:00:00','2027-03-03T07:00:00','2027-09-22T07:00:00','2027-09-24T07:00:00','2027-09-22T07:00:00','2027-09-24T07:00:00','P0Y0M0D','P0Y0M0D',.T.,$,$,$,$,$,0.00);
#153=IFCTASK('BjLlNDNNYPajcF919vSriX',#6,'Slab, floor 8 — Tower A',$,$,'4.2.17',$,$,$,.F.,$,#152,.CONSTRUCTION.);
#154=IFCTASKTIME('Walls, floor 9 — Tower A Time',.PREDICTED.,$,.WORKTIME.,'P0Y0M4D','2027-03-01T07:00:00','2027-03-04T07:00:00','2027-09-27T07:00:00','2027-09-30T07:00:00','2027-09-27T07:00:00','2027-09-30T07:00:00','P0Y0M0D','P0Y0M0D',.T.,$,$,$,$,$,0.00);
#155=IFCTASK('AjD7vPTHhJATz72njtYF3r',#6,'Walls, floor 9 — Tower A',$,$,'4.2.18',$,$,$,.F.,$,#154,.CONSTRUCTION.);
#156=IFCTASKTIME('Slab, floor 9 — Tower A Time',.PREDICTED.,$,.WORKTIME.,'P0Y0M3D','2027-03-01T07:00:00','2027-03-03T07:00:00','2027-09-29T07:00:00','2027-10-01T07:00:00','2027-09-29T07:00:00','2027-10-01T07:00:00','P0Y0M0D','P0Y0M0D',.T.,$,$,$,$,$,0.00);
#157=IFCTASK('yFVhPb_nutHButGV6N6jUj',#6,'Slab, floor 9 — Tower A',$,$,'4.2.19',$,$,$,.F.,$,#156,.CONSTRUCTION.);
#158=IFCTASKTIME('Walls, floor 10 — Tower A Time',.PREDICTED.,$,.WORKTIME.,'P0Y0M4D','2027-03-01T07:00:00','2027-03-04T07:00:00','2027-10-04T07:00:00','2027-10-07T07:00:00','2027-10-04T07:00:00','2027-10-07T07:00:00','P0Y0M0D','P0Y0M0D',.T.,$,$,$,$,$,0.00);
#159=IFCTASK('c1XzUtrll1orO$P$47CDKp',#6,'Walls, floor 10 — Tower A',$,$,'4.2.20',$,$,$,.F.,$,#158,.CONSTRUCTION.);
#160=IFCTASKTIME('Slab, floor 10 — Tower A Time',.PREDICTED.,$,.WORKTIME.,'P0Y0M3D','2027-03-01T07:00:00','2027-03-03T07:00:00','2027-10-06T07:00:00','2027-10-08T07:00:00','2027-10-06T07:00:00','2027-10-08T07:00:00','P0Y0M0D','P0Y0M0D',.T.,$,$,$,$,$,0.00);
#161=IFCTASK('BpXhJXM$sNLlnvsHqzeHrT',#6,'Slab, floor 10 — Tower A',$,$,'4.2.21',$,$,$,.F.,$,#160,.CONSTRUCTION.);
#162=IFCTASKTIME('Walls, floor 11 — Tower A Time',.PREDICTED.,$,.WORKTIME.,'P0Y0M4D','2027-03-01T07:00:00','2027-03-04T07:00:00','2027-10-11T07:00:00','2027-10-14T07:00:00','2027-10-11T07:00:00','2027-10-14T07:00:00','P0Y0M0D','P0Y0M0D',.T.,$,$,$,$,$,0.00);
#163=IFCTASK('0FD7lb3HLPSjMNO1RRA9af',#6,'Walls, floor 11 — Tower A',$,$,'4.2.22',$,$,$,.F.,$,#162,.CONSTRUCTION.);
#164=IFCTASKTIME('Slab, floor 11 — Tower A Time',.PREDICTED.,$,.WORKTIME.,'P0Y0M3D','2027-03-01T07:00:00','2027-03-03T07:00:00','2027-10-13T07:00:00','2027-10-15T07:00:00','2027-10-13T07:00:00','2027-10-15T07:00:00','P0Y0M0D','P0Y0M0D',.T.,$,$,$,$,$,0.00);
#165=IFCTASK('$HXhTtBlnnypOPEVqFPJYD',#6,'Slab, floor 11 — Tower A',$,$,'4.2.23',$,$,$,.F.,$,#164,.CONSTRUCTION.);
#166=IFCTASKTIME('Walls, floor 12 — Tower A Time',.PREDICTED.,$,.WORKTIME.,'P0Y0M4D','2027-03-01T07:00:00','2027-03-04T07:00:00','2027-10-18T07:00:00','2027-10-21T07:00:00','2027-10-18T07:00:00','2027-10-21T07:00:00','P0Y0M0D','P0Y0M0D',.T.,$,$,$,$,$,0.00);
#167=IFCTASK('GtyrFLJV9h3f7p5HqnNTxl',#6,'Walls, floor 12 — Tower A',$,$,'4.2.24',$,$,$,.F.,$,#166,.CONSTRUCTION.);
#168=IFCTASKTIME('Slab, floor 12 — Tower A Time',.PREDICTED.,$,.WORKTIME.,'P0Y0M3D','2027-03-01T07:00:00','2027-03-03T07:00:00','2027-10-20T07:00:00','2027-10-22T07:00:00','2027-10-20T07:00:00','2027-10-22T07:00:00','P0Y0M0D','P0Y0M0D',.T.,$,$,$,$,$,0.00);
#169=IFCTASK('fd8X0l7tHp0Fxlv1lvu$Az',#6,'Slab, floor 12 — Tower A',$,$,'4.2.25',$,$,$,.F.,$,#168,.CONSTRUCTION.);
#170=IFCTASKTIME('Stair core & lift shaft — Tower A Time',.PREDICTED.,$,.WORKTIME.,'P0Y0M36D','2027-03-01T07:00:00','2027-04-19T07:00:00','2027-07-06T07:00:00','2027-09-14T07:00:00','2028-03-13T07:00:00','2028-05-04T07:00:00','P0Y0M33D','P0Y0M164D',.F.,$,$,$,$,$,0.00);
#171=IFCTASK('AjBnBdQXdpYfhTjF$$xX8p',#6,'Stair core & lift shaft — Tower A',$,$,'4.2.26',$,$,$,.F.,$,#170,.CONSTRUCTION.);
#172=IFCTASKTIME('Install roof structure — Tower A Time',.PREDICTED.,$,.WORKTIME.,'P0Y0M5D','2027-03-01T07:00:00','2027-03-05T07:00:00','2027-10-25T07:00:00','2027-10-29T07:00:00','2027-10-25T07:00:00','2027-10-29T07:00:00','P0Y0M0D','P0Y0M0D',.T.,$,$,$,$,$,0.00);
#173=IFCTASK('YVTfmNevGpslnPs1Z1DP7N',#6,'Install roof structure — Tower A',$,$,'4.2.27',$,$,$,.F.,$,#172,.CONSTRUCTION.);
#174=IFCTASKTIME('Structural works complete — Tower A Time',.PREDICTED.,$,.WORKTIME.,'P0Y0M0D','2027-03-01T07:00:00','2027-03-01T07:00:00','2027-10-29T07:00:00','2027-10-29T07:00:00','2028-05-04T07:00:00','2028-05-04T07:00:00','P0Y0M0D','P0Y0M131D',.F.,$,$,$,$,$,0.00);
#175=IFCTASK('gd09sLZ$Y70nZBoXKVbF3h',#6,'Structural works complete — Tower A',$,$,'4.2.28',$,$,$,.T.,$,#174,.CONSTRUCTION.);
#176=IFCTASKTIME('Structural works — Tower B Time',.PREDICTED.,$,.WORKTIME.,'P0Y0M5D','2027-03-01T07:00:00','2027-03-05T07:00:00','2027-07-06T07:00:00','2027-10-29T07:00:00','2027-07-06T07:00:00','2028-05-04T07:00:00','P0Y0M0D','P0Y0M0D',.T.,$,$,$,$,$,0.00);
#177=IFCTASK('gT3tIDNNsLt3JDJnv5QDiJ',#6,'Structural works — Tower B',$,$,'4.3',$,$,$,.F.,$,#176,.CONSTRUCTION.);
#178=IFCTASKTIME('Pour ground floor slab — Tower B Time',.PREDICTED.,$,.WORKTIME.,'P0Y0M4D','2027-03-01T07:00:00','2027-03-04T07:00:00','2027-07-06T07:00:00','2027-07-09T07:00:00','2027-07-06T07:00:00','2027-07-09T07:00:00','P0Y0M0D','P0Y0M0D',.T.,$,$,$,$,$,0.00);
#179=IFCTASK('fvKbuh4HbXZtDTVXCH5Vqz',#6,'Pour ground floor slab — Tower B',$,$,'4.3.1',$,$,$,.F.,$,#178,.CONSTRUCTION.);
#180=IFCTASKTIME('Walls, floor 1 — Tower B Time',.PREDICTED.,$,.WORKTIME.,'P0Y0M4D','2027-03-01T07:00:00','2027-03-04T07:00:00','2027-07-12T07:00:00','2027-07-15T07:00:00','2027-07-12T07:00:00','2027-07-15T07:00:00','P0Y0M0D','P0Y0M0D',.T.,$,$,$,$,$,0.00);
#181=IFCTASK('2HHR4$Q7m38fzdoXWfUhQl',#6,'Walls, floor 1 — Tower B',$,$,'4.3.2',$,$,$,.F.,$,#180,.CONSTRUCTION.);
#182=IFCTASKTIME('Slab, floor 1 — Tower B Time',.PREDICTED.,$,.WORKTIME.,'P0Y0M3D','2027-03-01T07:00:00','2027-03-03T07:00:00','2027-07-14T07:00:00','2027-07-16T07:00:00','2027-07-14T07:00:00','2027-07-16T07:00:00','P0Y0M0D','P0Y0M0D',.T.,$,$,$,$,$,0.00);
#183=IFCTASK('zjQjJZXvGjsZZtClMByZPv',#6,'Slab, floor 1 — Tower B',$,$,'4.3.3',$,$,$,.F.,$,#182,.CONSTRUCTION.);
#184=IFCTASKTIME('Walls, floor 2 — Tower B Time',.PREDICTED.,$,.WORKTIME.,'P0Y0M4D','2027-03-01T07:00:00','2027-03-04T07:00:00','2027-07-19T07:00:00','2027-07-22T07:00:00','2027-07-19T07:00:00','2027-07-22T07:00:00','P0Y0M0D','P0Y0M0D',.T.,$,$,$,$,$,0.00);
#185=IFCTASK('At_VyZeveP9bPFVXm1j7B3',#6,'Walls, floor 2 — Tower B',$,$,'4.3.4',$,$,$,.F.,$,#184,.CONSTRUCTION.);
#186=IFCTASKTIME('Slab, floor 2 — Tower B Time',.PREDICTED.,$,.WORKTIME.,'P0Y0M3D','2027-03-01T07:00:00','2027-03-03T07:00:00','2027-07-21T07:00:00','2027-07-23T07:00:00','2027-07-21T07:00:00','2027-07-23T07:00:00','P0Y0M0D','P0Y0M0D',.T.,$,$,$,$,$,0.00);
#187=IFCTASK('1nJPNjh1srpdqrIV2fQDWP',#6,'Slab, floor 2 — Tower B',$,$,'4.3.5',$,$,$,.F.,$,#186,.CONSTRUCTION.);
#188=IFCTASKTIME('Walls, floor 3 — Tower B Time',.PREDICTED.,$,.WORKTIME.,'P0Y0M4D','2027-03-01T07:00:00','2027-03-04T07:00:00','2027-08-16T07:00:00','2027-08-19T07:00:00','2027-08-16T07:00:00','2027-08-19T07:00:00','P0Y0M0D','P0Y0M0D',.T.,$,$,$,$,$,0.00);
#189=IFCTASK('zDY1UbEl5RhlBpN$PLmtCn',#6,'Walls, floor 3 — Tower B',$,$,'4.3.6',$,$,$,.F.,$,#188,.CONSTRUCTION.);
#190=IFCTASKTIME('Slab, floor 3 — Tower B Time',.PREDICTED.,$,.WORKTIME.,'P0Y0M3D','2027-03-01T07:00:00','2027-03-03T07:00:00','2027-08-18T07:00:00','2027-08-20T07:00:00','2027-08-18T07:00:00','2027-08-20T07:00:00','P0Y0M0D','P0Y0M0D',.T.,$,$,$,$,$,0.00);
#191=IFCTASK('hv4Z0HlP5FHJwDBHvbYFpJ',#6,'Slab, floor 3 — Tower B',$,$,'4.3.7',$,$,$,.F.,$,#190,.CONSTRUCTION.);
#192=IFCTASKTIME('Walls, floor 4 — Tower B Time',.PREDICTED.,$,.WORKTIME.,'P0Y0M4D','2027-03-01T07:00:00','2027-03-04T07:00:00','2027-08-23T07:00:00','2027-08-26T07:00:00','2027-08-23T07:00:00','2027-08-26T07:00:00','P0Y0M0D','P0Y0M0D',.T.,$,$,$,$,$,0.00);
#193=IFCTASK('DdAT8BGNAB3ffbWXLZZ9ax',#6,'Walls, floor 4 — Tower B',$,$,'4.3.8',$,$,$,.F.,$,#192,.CONSTRUCTION.);
#194=IFCTASKTIME('Slab, floor 4 — Tower B Time',.PREDICTED.,$,.WORKTIME.,'P0Y0M3D','2027-03-01T07:00:00','2027-03-03T07:00:00','2027-08-25T07:00:00','2027-08-27T07:00:00','2027-08-25T07:00:00','2027-08-27T07:00:00','P0Y0M0D','P0Y0M0D',.T.,$,$,$,$,$,0.00);
#195=IFCTASK('OZj7b1PtrNQVQHbF474hYD',#6,'Slab, floor 4 — Tower B',$,$,'4.3.9',$,$,$,.F.,$,#194,.CONSTRUCTION.);
#196=IFCTASKTIME('Walls, floor 5 — Tower B Time',.PREDICTED.,$,.WORKTIME.,'P0Y0M4D','2027-03-01T07:00:00','2027-03-04T07:00:00','2027-08-30T07:00:00','2027-09-02T07:00:00','2027-08-30T07:00:00','2027-09-02T07:00:00','P0Y0M0D','P0Y0M0D',.T.,$,$,$,$,$,0.00);
#197=IFCTASK('9fobexsPDRZPKV9$StYFb1',#6,'Walls, floor 5 — Tower B',$,$,'4.3.10',$,$,$,.F.,$,#196,.CONSTRUCTION.);
#198=IFCTASKTIME('Slab, floor 5 — Tower B Time',.PREDICTED.,$,.WORKTIME.,'P0Y0M3D','2027-03-01T07:00:00','2027-03-03T07:00:00','2027-09-01T07:00:00','2027-09-03T07:00:00','2027-09-01T07:00:00','2027-09-03T07:00:00','P0Y0M0D','P0Y0M0D',.T.,$,$,$,$,$,0.00);
#199=IFCTASK('nB$r$ZmNQXYfFds$fNQDCn',#6,'Slab, floor 5 — Tower B',$,$,'4.3.11',$,$,$,.F.,$,#198,.CONSTRUCTION.);
#200=IFCTASKTIME('Walls, floor 6 — Tower B Time',.PREDICTED.,$,.WORKTIME.,'P0Y0M4D','2027-03-01T07:00:00','2027-03-04T07:00:00','2027-09-06T07:00:00','2027-09-09T07:00:00','2027-09-06T07:00:00','2027-09-09T07:00:00','P0Y0M0D','P0Y0M0D',.T.,$,$,$,$,$,0.00);
#201=IFCTASK('7n1Br7Qvel8Nj$jF$$T909',#6,'Walls, floor 6 — Tower B',$,$,'4.3.12',$,$,$,.F.,$,#200,.CONSTRUCTION.);
#202=IFCTASKTIME('Slab, floor 6 — Tower B Time',.PREDICTED.,$,.WORKTIME.,'P0Y0M3D','2027-03-01T07:00:00','2027-03-03T07:00:00','2027-09-08T07:00:00','2027-09-10T07:00:00','2027-09-08T07:00:00','2027-09-10T07:00:00','P0Y0M0D','P0Y0M0D',.T.,$,$,$,$,$,0.00);
#203=IFCTASK('6FfJlR5V73GVE$1XA$trGH',#6,'Slab, floor 6 — Tower B',$,$,'4.3.13',$,$,$,.F.,$,#202,.CONSTRUCTION.);
#204=IFCTASKTIME('Walls, floor 7 — Tower B Time',.PREDICTED.,$,.WORKTIME.,'P0Y0M4D','2027-03-01T07:00:00','2027-03-04T07:00:00','2027-09-13T07:00:00','2027-09-16T07:00:00','2027-09-13T07:00:00','2027-09-16T07:00:00','P0Y0M0D','P0Y0M0D',.T.,$,$,$,$,$,0.00);
#205=IFCTASK('rfAZexo9RLT9TBg$ZTSB4h',#6,'Walls, floor 7 — Tower B',$,$,'4.3.14',$,$,$,.F.,$,#204,.CONSTRUCTION.);
#206=IFCTASKTIME('Slab, floor 7 — Tower B Time',.PREDICTED.,$,.WORKTIME.,'P0Y0M3D','2027-03-01T07:00:00','2027-03-03T07:00:00','2027-09-15T07:00:00','2027-09-17T07:00:00','2027-09-15T07:00:00','2027-09-17T07:00:00','P0Y0M0D','P0Y0M0D',.T.,$,$,$,$,$,0.00);
#207=IFCTASK('4jQjVjA$O7BnfPoVKDwjIB',#6,'Slab, floor 7 — Tower B',$,$,'4.3.15',$,$,$,.F.,$,#206,.CONSTRUCTION.);
#208=IFCTASKTIME('Walls, floor 8 — Tower B Time',.PREDICTED.,$,.WORKTIME.,'P0Y0M4D','2027-03-01T07:00:00','2027-03-04T07:00:00','2027-09-20T07:00:00','2027-09-23T07:00:00','2027-09-20T07:00:00','2027-09-23T07:00:00','P0Y0M0D','P0Y0M0D',.T.,$,$,$,$,$,0.00);
#209=IFCTASK('4pwtwzqXZjCxnv2FxrSBOT',#6,'Walls, floor 8 — Tower B',$,$,'4.3.16',$,$,$,.F.,$,#208,.CONSTRUCTION.);
#210=IFCTASKTIME('Slab, floor 8 — Tower B Time',.PREDICTED.,$,.WORKTIME.,'P0Y0M3D','2027-03-01T07:00:00','2027-03-03T07:00:00','2027-09-22T07:00:00','2027-09-24T07:00:00','2027-09-22T07:00:00','2027-09-24T07:00:00','P0Y0M0D','P0Y0M0D',.T.,$,$,$,$,$,0.00);
#211=IFCTASK('DPI5QJ6XTV_9xlP$T$R1kL',#6,'Slab, floor 8 — Tower B',$,$,'4.3.17',$,$,$,.F.,$,#210,.CONSTRUCTION.);
#212=IFCTASKTIME('Walls, floor 9 — Tower B Time',.PREDICTED.,$,.WORKTIME.,'P0Y0M4D','2027-03-01T07:00:00','2027-03-04T07:00:00','2027-09-27T07:00:00','2027-09-30T07:00:00','2027-09-27T07:00:00','2027-09-30T07:00:00','P0Y0M0D','P0Y0M0D',.T.,$,$,$,$,$,0.00);
#213=IFCTASK('rtklBZO7GDsH5xO1OJd5j3',#6,'Walls, floor 9 — Tower B',$,$,'4.3.18',$,$,$,.F.,$,#212,.CONSTRUCTION.);
#214=IFCTASKTIME('Slab, floor 9 — Tower B Time',.PREDICTED.,$,.WORKTIME.,'P0Y0M3D','2027-03-01T07:00:00','2027-03-03T07:00:00','2027-09-29T07:00:00','2027-10-01T07:00:00','2027-09-29T07:00:00','2027-10-01T07:00:00','P0Y0M0D','P0Y0M0D',.T.,$,$,$,$,$,0.00);
#215=IFCTASK('qBfJR$9fKjKzHzf1IX15NV',#6,'Slab, floor 9 — Tower B',$,$,'4.3.19',$,$,$,.F.,$,#214,.CONSTRUCTION.);
#216=IFCTASKTIME('Walls, floor 10 — Tower B Time',.PREDICTED.,$,.WORKTIME.,'P0Y0M4D','2027-03-01T07:00:00','2027-03-04T07:00:00','2027-10-04T07:00:00','2027-10-07T07:00:00','2027-10-04T07:00:00','2027-10-07T07:00:00','P0Y0M0D','P0Y0M0D',.T.,$,$,$,$,$,0.00);
#217=IFCTASK('DLJdjVQXb1HBqHTHij_lDl',#6,'Walls, floor 10 — Tower B',$,$,'4.3.20',$,$,$,.F.,$,#216,.CONSTRUCTION.);
#218=IFCTASKTIME('Slab, floor 10 — Tower B Time',.PREDICTED.,$,.WORKTIME.,'P0Y0M3D','2027-03-01T07:00:00','2027-03-03T07:00:00','2027-10-06T07:00:00','2027-10-08T07:00:00','2027-10-06T07:00:00','2027-10-08T07:00:00','P0Y0M0D','P0Y0M0D',.T.,$,$,$,$,$,0.00);
#219=IFCTASK('1H$BTb6XHp0nRV3Hwts9qZ',#6,'Slab, floor 10 — Tower B',$,$,'4.3.21',$,$,$,.F.,$,#218,.CONSTRUCTION.);
#220=IFCTASKTIME('Walls, floor 11 — Tower B Time',.PREDICTED.,$,.WORKTIME.,'P0Y0M4D','2027-03-01T07:00:00','2027-03-04T07:00:00','2027-10-11T07:00:00','2027-10-14T07:00:00','2027-10-11T07:00:00','2027-10-14T07:00:00','P0Y0M0D','P0Y0M0D',.T.,$,$,$,$,$,0.00);
#221=IFCTASK('WVjvjzRFYDw10TVVW9gNot',#6,'Walls, floor 11 — Tower B',$,$,'4.3.22',$,$,$,.F.,$,#220,.CONSTRUCTION.);
#222=IFCTASKTIME('Slab, floor 11 — Tower B Time',.PREDICTED.,$,.WORKTIME.,'P0Y0M3D','2027-03-01T07:00:00','2027-03-03T07:00:00','2027-10-13T07:00:00','2027-10-15T07:00:00','2027-10-13T07:00:00','2027-10-15T07:00:00','P0Y0M0D','P0Y0M0D',.T.,$,$,$,$,$,0.00);
#223=IFCTASK('$llb4VwV911xn7Alax3t8b',#6,'Slab, floor 11 — Tower B',$,$,'4.3.23',$,$,$,.F.,$,#222,.CONSTRUCTION.);
#224=IFCTASKTIME('Walls, floor 12 — Tower B Time',.PREDICTED.,$,.WORKTIME.,'P0Y0M4D','2027-03-01T07:00:00','2027-03-04T07:00:00','2027-10-18T07:00:00','2027-10-21T07:00:00','2027-10-18T07:00:00','2027-10-21T07:00:00','P0Y0M0D','P0Y0M0D',.T.,$,$,$,$,$,0.00);
#225=IFCTASK('ebe1ctKVT$2RbXrnHdqb1f',#6,'Walls, floor 12 — Tower B',$,$,'4.3.24',$,$,$,.F.,$,#224,.CONSTRUCTION.);
#226=IFCTASKTIME('Slab, floor 12 — Tower B Time',.PREDICTED.,$,.WORKTIME.,'P0Y0M3D','2027-03-01T07:00:00','2027-03-03T07:00:00','2027-10-20T07:00:00','2027-10-22T07:00:00','2027-10-20T07:00:00','2027-10-22T07:00:00','P0Y0M0D','P0Y0M0D',.T.,$,$,$,$,$,0.00);
#227=IFCTASK('vL2BxnJV3Z6JgB_XXJ6P5n',#6,'Slab, floor 12 — Tower B',$,$,'4.3.25',$,$,$,.F.,$,#226,.CONSTRUCTION.);
#228=IFCTASKTIME('Stair core & lift shaft — Tower B Time',.PREDICTED.,$,.WORKTIME.,'P0Y0M36D','2027-03-01T07:00:00','2027-04-19T07:00:00','2027-07-06T07:00:00','2027-09-14T07:00:00','2028-03-13T07:00:00','2028-05-04T07:00:00','P0Y0M33D','P0Y0M164D',.F.,$,$,$,$,$,0.00);
#229=IFCTASK('zH9D7hqFWRRXgfO1mVvpCT',#6,'Stair core & lift shaft — Tower B',$,$,'4.3.26',$,$,$,.F.,$,#228,.CONSTRUCTION.);
#230=IFCTASKTIME('Install roof structure — Tower B Time',.PREDICTED.,$,.WORKTIME.,'P0Y0M5D','2027-03-01T07:00:00','2027-03-05T07:00:00','2027-10-25T07:00:00','2027-10-29T07:00:00','2027-10-25T07:00:00','2027-10-29T07:00:00','P0Y0M0D','P0Y0M0D',.T.,$,$,$,$,$,0.00);
#231=IFCTASK('6F$rFBd97zmXcFd$4dOHzd',#6,'Install roof structure — Tower B',$,$,'4.3.27',$,$,$,.F.,$,#230,.CONSTRUCTION.);
#232=IFCTASKTIME('Structural works complete — Tower B Time',.PREDICTED.,$,.WORKTIME.,'P0Y0M0D','2027-03-01T07:00:00','2027-03-01T07:00:00','2027-10-29T07:00:00','2027-10-29T07:00:00','2028-05-04T07:00:00','2028-05-04T07:00:00','P0Y0M0D','P0Y0M131D',.F.,$,$,$,$,$,0.00);
#233=IFCTASK('g3Xzw7YN81Y55bSF97SB4L',#6,'Structural works complete — Tower B',$,$,'4.3.28',$,$,$,.T.,$,#232,.CONSTRUCTION.);
#234=IFCTASKTIME('Structural works — Tower C Time',.PREDICTED.,$,.WORKTIME.,'P0Y0M5D','2027-03-01T07:00:00','2027-03-05T07:00:00','2027-07-06T07:00:00','2027-10-29T07:00:00','2027-07-09T07:00:00','2028-05-04T07:00:00','P0Y0M0D','P0Y0M3D',.F.,$,$,$,$,$,0.00);
#235=IFCTASK('8r69UNvtvtAZJVP$9dmNQl',#6,'Structural works — Tower C',$,$,'4.4',$,$,$,.F.,$,#234,.CONSTRUCTION.);
#236=IFCTASKTIME('Pour ground floor slab — Tower C Time',.PREDICTED.,$,.WORKTIME.,'P0Y0M4D','2027-03-01T07:00:00','2027-03-04T07:00:00','2027-07-06T07:00:00','2027-07-09T07:00:00','2027-07-09T07:00:00','2027-07-14T07:00:00','P0Y0M0D','P0Y0M3D',.F.,$,$,$,$,$,0.00);
#237=IFCTASK('V3SLhp67Ir93PnVVCl3fId',#6,'Pour ground floor slab — Tower C',$,$,'4.4.1',$,$,$,.F.,$,#236,.CONSTRUCTION.);
#238=IFCTASKTIME('Walls, floor 1 — Tower C Time',.PREDICTED.,$,.WORKTIME.,'P0Y0M4D','2027-03-01T07:00:00','2027-03-04T07:00:00','2027-07-12T07:00:00','2027-07-15T07:00:00','2027-07-15T07:00:00','2027-07-20T07:00:00','P0Y0M0D','P0Y0M3D',.F.,$,$,$,$,$,0.00);
#239=IFCTASK('b1Xzo1_N6TY5tLYFxHJ7Xv',#6,'Walls, floor 1 — Tower C',$,$,'4.4.2',$,$,$,.F.,$,#238,.CONSTRUCTION.);
#240=IFCTASKTIME('Slab, floor 1 — Tower C Time',.PREDICTED.,$,.WORKTIME.,'P0Y0M3D','2027-03-01T07:00:00','2027-03-03T07:00:00','2027-07-14T07:00:00','2027-07-16T07:00:00','2027-07-19T07:00:00','2027-07-21T07:00:00','P0Y0M0D','P0Y0M3D',.F.,$,$,$,$,$,0.00);
#241=IFCTASK('qfM3Q9qVbXzfXHVVonzti1',#6,'Slab, floor 1 — Tower C',$,$,'4.4.3',$,$,$,.F.,$,#240,.CONSTRUCTION.);
#242=IFCTASKTIME('Walls, floor 2 — Tower C Time',.PREDICTED.,$,.WORKTIME.,'P0Y0M4D','2027-03-01T07:00:00','2027-03-04T07:00:00','2027-07-19T07:00:00','2027-07-22T07:00:00','2027-07-22T07:00:00','2027-08-17T07:00:00','P0Y0M0D','P0Y0M3D',.F.,$,$,$,$,$,0.00);
#243=IFCTASK('YzyBLfevCT2b7$zFWfgZbV',#6,'Walls, floor 2 — Tower C',$,$,'4.4.4',$,$,$,.F.,$,#242,.CONSTRUCTION.);
#244=IFCTASKTIME('Slab, floor 2 — Tower C Time',.PREDICTED.,$,.WORKTIME.,'P0Y0M3D','2027-03-01T07:00:00','2027-03-03T07:00:00','2027-07-21T07:00:00','2027-07-23T07:00:00','2027-08-16T07:00:00','2027-08-18T07:00:00','P0Y0M0D','P0Y0M3D',.F.,$,$,$,$,$,0.00);
#245=IFCTASK('4F$rHbRVZVEv2PoX0PijMf',#6,'Slab, floor 2 — Tower C',$,$,'4.4.5',$,$,$,.F.,$,#244,.CONSTRUCTION.);
#246=IFCTASKTIME('Walls, floor 3 — Tower C Time',.PREDICTED.,$,.WORKTIME.,'P0Y0M4D','2027-03-01T07:00:00','2027-03-04T07:00:00','2027-08-16T07:00:00','2027-08-19T07:00:00','2027-08-19T07:00:00','2027-08-24T07:00:00','P0Y0M0D','P0Y0M3D',.F.,$,$,$,$,$,0.00);
#247=IFCTASK('2J6DfjZHn3kdSD$XEDk5J3',#6,'Walls, floor 3 — Tower C',$,$,'4.4.6',$,$,$,.F.,$,#246,.CONSTRUCTION.);
#248=IFCTASKTIME('Slab, floor 3 — Tower C Time',.PREDICTED.,$,.WORKTIME.,'P0Y0M3D','2027-03-01T07:00:00','2027-03-03T07:00:00','2027-08-18T07:00:00','2027-08-20T07:00:00','2027-08-23T07:00:00','2027-08-25T07:00:00','P0Y0M0D','P0Y0M3D',.F.,$,$,$,$,$,0.00);
#249=IFCTASK('n7klj$sPxFdrSJBndLOlHl',#6,'Slab, floor 3 — Tower C',$,$,'4.4.7',$,$,$,.F.,$,#248,.CONSTRUCTION.);
#250=IFCTASKTIME('Walls, floor 4 — Tower C Time',.PREDICTED.,$,.WORKTIME.,'P0Y0M4D','2027-03-01T07:00:00','2027-03-04T07:00:00','2027-08-23T07:00:00','2027-08-26T07:00:00','2027-08-26T07:00:00','2027-08-31T07:00:00','P0Y0M0D','P0Y0M3D',.F.,$,$,$,$,$,0.00);
#251=IFCTASK('lfmvLNedJrZ9l37$93fTHB',#6,'Walls, floor 4 — Tower C',$,$,'4.4.8',$,$,$,.F.,$,#250,.CONSTRUCTION.);
#252=IFCTASKTIME('Slab, floor 4 — Tower C Time',.PREDICTED.,$,.WORKTIME.,'P0Y0M3D','2027-03-01T07:00:00','2027-03-03T07:00:00','2027-08-25T07:00:00','2027-08-27T07:00:00','2027-08-30T07:00:00','2027-09-01T07:00:00','P0Y0M0D','P0Y0M3D',.F.,$,$,$,$,$,0.00);
#253=IFCTASK('Y1Nb4X2F45dru981jbNLsT',#6,'Slab, floor 4 — Tower C',$,$,'4.4.9',$,$,$,.F.,$,#252,.CONSTRUCTION.);
#254=IFCTASKTIME('Walls, floor 5 — Tower C Time',.PREDICTED.,$,.WORKTIME.,'P0Y0M4D','2027-03-01T07:00:00','2027-03-04T07:00:00','2027-08-30T07:00:00','2027-09-02T07:00:00','2027-09-02T07:00:00','2027-09-07T07:00:00','P0Y0M0D','P0Y0M3D',.F.,$,$,$,$,$,0.00);
#255=IFCTASK('F769sBFPF3AH9BQ1IXfZZx',#6,'Walls, floor 5 — Tower C',$,$,'4.4.10',$,$,$,.F.,$,#254,.CONSTRUCTION.);
#256=IFCTASKTIME('Slab, floor 5 — Tower C Time',.PREDICTED.,$,.WORKTIME.,'P0Y0M3D','2027-03-01T07:00:00','2027-03-03T07:00:00','2027-09-01T07:00:00','2027-09-03T07:00:00','2027-09-06T07:00:00','2027-09-08T07:00:00','P0Y0M0D','P0Y0M3D',.F.,$,$,$,$,$,0.00);
#257=IFCTASK('ErNJbXL1wHO91LEFwDLVSf',#6,'Slab, floor 5 — Tower C',$,$,'4.4.11',$,$,$,.F.,$,#256,.CONSTRUCTION.);
#258=IFCTASKTIME('Walls, floor 6 — Tower C Time',.PREDICTED.,$,.WORKTIME.,'P0Y0M4D','2027-03-01T07:00:00','2027-03-04T07:00:00','2027-09-06T07:00:00','2027-09-09T07:00:00','2027-09-09T07:00:00','2027-09-14T07:00:00','P0Y0M0D','P0Y0M3D',.F.,$,$,$,$,$,0.00);
#259=IFCTASK('a17r$z4Hp5FDChUFxlZt85',#6,'Walls, floor 6 — Tower C',$,$,'4.4.12',$,$,$,.F.,$,#258,.CONSTRUCTION.);
#260=IFCTASKTIME('Slab, floor 6 — Tower C Time',.PREDICTED.,$,.WORKTIME.,'P0Y0M3D','2027-03-01T07:00:00','2027-03-03T07:00:00','2027-09-08T07:00:00','2027-09-10T07:00:00','2027-09-13T07:00:00','2027-09-15T07:00:00','P0Y0M0D','P0Y0M3D',.F.,$,$,$,$,$,0.00);
#261=IFCTASK('S$txoT9NwnK3jj71TZ4hsZ',#6,'Slab, floor 6 — Tower C',$,$,'4.4.13',$,$,$,.F.,$,#260,.CONSTRUCTION.);
#262=IFCTASKTIME('Walls, floor 7 — Tower C Time',.PREDICTED.,$,.WORKTIME.,'P0Y0M4D','2027-03-01T07:00:00','2027-03-04T07:00:00','2027-09-13T07:00:00','2027-09-16T07:00:00','2027-09-16T07:00:00','2027-09-21T07:00:00','P0Y0M0D','P0Y0M3D',.F.,$,$,$,$,$,0.00);
#263=IFCTASK('5HLldRM$wzMn5lFXNJNh_3',#6,'Walls, floor 7 — Tower C',$,$,'4.4.14',$,$,$,.F.,$,#262,.CONSTRUCTION.);
#264=IFCTASKTIME('Slab, floor 7 — Tower C Time',.PREDICTED.,$,.WORKTIME.,'P0Y0M3D','2027-03-01T07:00:00','2027-03-03T07:00:00','2027-09-15T07:00:00','2027-09-17T07:00:00','2027-09-20T07:00:00','2027-09-22T07:00:00','P0Y0M0D','P0Y0M3D',.F.,$,$,$,$,$,0.00);
#265=IFCTASK('Hf8XKrHPL7eP03bFi$HzFV',#6,'Slab, floor 7 — Tower C',$,$,'4.4.15',$,$,$,.F.,$,#264,.CONSTRUCTION.);
#266=IFCTASKTIME('Walls, floor 8 — Tower C Time',.PREDICTED.,$,.WORKTIME.,'P0Y0M4D','2027-03-01T07:00:00','2027-03-04T07:00:00','2027-09-20T07:00:00','2027-09-23T07:00:00','2027-09-23T07:00:00','2027-09-28T07:00:00','P0Y0M0D','P0Y0M3D',.F.,$,$,$,$,$,0.00);
#267=IFCTASK('zl9DjXElzFqxd3BFlPyT7N',#6,'Walls, floor 8 — Tower C',$,$,'4.4.16',$,$,$,.F.,$,#266,.CONSTRUCTION.);
#268=IFCTASKTIME('Slab, floor 8 — Tower C Time',.PREDICTED.,$,.WORKTIME.,'P0Y0M3D','2027-03-01T07:00:00','2027-03-03T07:00:00','2027-09-22T07:00:00','2027-09-24T07:00:00','2027-09-27T07:00:00','2027-09-29T07:00:00','P0Y0M0D','P0Y0M3D',.F.,$,$,$,$,$,0.00);
#269=IFCTASK('idOHdRIHhPKRZhAl8hOXmn',#6,'Slab, floor 8 — Tower C',$,$,'4.4.17',$,$,$,.F.,$,#268,.CONSTRUCTION.);
#270=IFCTASKTIME('Walls, floor 9 — Tower C Time',.PREDICTED.,$,.WORKTIME.,'P0Y0M4D','2027-03-01T07:00:00','2027-03-04T07:00:00','2027-09-27T07:00:00','2027-09-30T07:00:00','2027-09-30T07:00:00','2027-10-05T07:00:00','P0Y0M0D','P0Y0M3D',.F.,$,$,$,$,$,0.00);
#271=IFCTASK('uL_Bd9rl5lbXA54F3j6dn5',#6,'Walls, floor 9 — Tower C',$,$,'4.4.18',$,$,$,.F.,$,#270,.CONSTRUCTION.);
#272=IFCTASKTIME('Slab, floor 9 — Tower C Time',.PREDICTED.,$,.WORKTIME.,'P0Y0M3D','2027-03-01T07:00:00','2027-03-03T07:00:00','2027-09-29T07:00:00','2027-10-01T07:00:00','2027-10-04T07:00:00','2027-10-06T07:00:00','P0Y0M0D','P0Y0M3D',.F.,$,$,$,$,$,0.00);
#273=IFCTASK('ZV5nXj2nqTMzPlZHG$DPPd',#6,'Slab, floor 9 — Tower C',$,$,'4.4.19',$,$,$,.F.,$,#272,.CONSTRUCTION.);
#274=IFCTASKTIME('Walls, floor 10 — Tower C Time',.PREDICTED.,$,.WORKTIME.,'P0Y0M4D','2027-03-01T07:00:00','2027-03-04T07:00:00','2027-10-04T07:00:00','2027-10-07T07:00:00','2027-10-07T07:00:00','2027-10-12T07:00:00','P0Y0M0D','P0Y0M3D',.F.,$,$,$,$,$,0.00);
#275=IFCTASK('0lXhbbZlhpo72jBnr9AtSf',#6,'Walls, floor 10 — Tower C',$,$,'4.4.20',$,$,$,.F.,$,#274,.CONSTRUCTION.);
#276=IFCTASKTIME('Slab, floor 10 — Tower C Time',.PREDICTED.,$,.WORKTIME.,'P0Y0M3D','2027-03-01T07:00:00','2027-03-03T07:00:00','2027-10-06T07:00:00','2027-10-08T07:00:00','2027-10-11T07:00:00','2027-10-13T07:00:00','P0Y0M0D','P0Y0M3D',.F.,$,$,$,$,$,0.00);
#277=IFCTASK('iP8Vany$uX_9jprlJxTNUj',#6,'Slab, floor 10 — Tower C',$,$,'4.4.21',$,$,$,.F.,$,#276,.CONSTRUCTION.);
#278=IFCTASKTIME('Walls, floor 11 — Tower C Time',.PREDICTED.,$,.WORKTIME.,'P0Y0M4D','2027-03-01T07:00:00','2027-03-04T07:00:00','2027-10-11T07:00:00','2027-10-14T07:00:00','2027-10-14T07:00:00','2027-10-19T07:00:00','P0Y0M0D','P0Y0M3D',.F.,$,$,$,$,$,0.00);
#279=IFCTASK('T1dhtzhH1L7p8F5HKVB$61',#6,'Walls, floor 11 — Tower C',$,$,'4.4.22',$,$,$,.F.,$,#278,.CONSTRUCTION.);
#280=IFCTASKTIME('Slab, floor 11 — Tower C Time',.PREDICTED.,$,.WORKTIME.,'P0Y0M3D','2027-03-01T07:00:00','2027-03-03T07:00:00','2027-10-13T07:00:00','2027-10-15T07:00:00','2027-10-18T07:00:00','2027-10-20T07:00:00','P0Y0M0D','P0Y0M3D',.F.,$,$,$,$,$,0.00);
#281=IFCTASK('7Bon9XYFQXUfFvMlAVztWd',#6,'Slab, floor 11 — Tower C',$,$,'4.4.23',$,$,$,.F.,$,#280,.CONSTRUCTION.);
#282=IFCTASKTIME('Walls, floor 12 — Tower C Time',.PREDICTED.,$,.WORKTIME.,'P0Y0M4D','2027-03-01T07:00:00','2027-03-04T07:00:00','2027-10-18T07:00:00','2027-10-21T07:00:00','2027-10-21T07:00:00','2027-10-26T07:00:00','P0Y0M0D','P0Y0M3D',.F.,$,$,$,$,$,0.00);
#283=IFCTASK('nh5XObwXNlpt354FvbstCZ',#6,'Walls, floor 12 — Tower C',$,$,'4.4.24',$,$,$,.F.,$,#282,.CONSTRUCTION.);
#284=IFCTASKTIME('Slab, floor 12 — Tower C Time',.PREDICTED.,$,.WORKTIME.,'P0Y0M3D','2027-03-01T07:00:00','2027-03-03T07:00:00','2027-10-20T07:00:00','2027-10-22T07:00:00','2027-10-25T07:00:00','2027-10-27T07:00:00','P0Y0M0D','P0Y0M3D',.F.,$,$,$,$,$,0.00);
#285=IFCTASK('0Fb$AFDXVbBnLte1D7G9af',#6,'Slab, floor 12 — Tower C',$,$,'4.4.25',$,$,$,.F.,$,#284,.CONSTRUCTION.);
#286=IFCTASKTIME('Stair core & lift shaft — Tower C Time',.PREDICTED.,$,.WORKTIME.,'P0Y0M36D','2027-03-01T07:00:00','2027-04-19T07:00:00','2027-07-06T07:00:00','2027-09-14T07:00:00','2028-03-13T07:00:00','2028-05-04T07:00:00','P0Y0M33D','P0Y0M164D',.F.,$,$,$,$,$,0.00);
#287=IFCTASK('ebOH7hKnI1FLMrc1_R9rqF',#6,'Stair core & lift shaft — Tower C',$,$,'4.4.26',$,$,$,.F.,$,#286,.CONSTRUCTION.);
#288=IFCTASKTIME('Install roof structure — Tower C Time',.PREDICTED.,$,.WORKTIME.,'P0Y0M5D','2027-03-01T07:00:00','2027-03-05T07:00:00','2027-10-25T07:00:00','2027-10-29T07:00:00','2027-10-28T07:00:00','2027-11-03T07:00:00','P0Y0M0D','P0Y0M3D',.F.,$,$,$,$,$,0.00);
#289=IFCTASK('lRDPLDktzTsZrDP$K$VDeh',#6,'Install roof structure — Tower C',$,$,'4.4.27',$,$,$,.F.,$,#288,.CONSTRUCTION.);
#290=IFCTASKTIME('Structural works complete — Tower C Time',.PREDICTED.,$,.WORKTIME.,'P0Y0M0D','2027-03-01T07:00:00','2027-03-01T07:00:00','2027-10-29T07:00:00','2027-10-29T07:00:00','2028-05-04T07:00:00','2028-05-04T07:00:00','P0Y0M0D','P0Y0M131D',.F.,$,$,$,$,$,0.00);
#291=IFCTASK('Hb39U5w72No7YNCnKXB$wb',#6,'Structural works complete — Tower C',$,$,'4.4.28',$,$,$,.T.,$,#290,.CONSTRUCTION.);
#292=IFCTASKTIME('Structural works tower A (LOE) Time',.PREDICTED.,$,.WORKTIME.,'P0Y0M69D','2027-03-01T07:00:00','2027-03-05T07:00:00','2027-07-06T07:00:00','2027-10-29T07:00:00','2027-07-06T07:00:00','2027-10-29T07:00:00','P0Y0M0D','P0Y0M0D',.F.,$,$,$,$,$,0.00);
#293=IFCTASK('xHDvb$9NSLNZj$DF3lH3j1',#6,'Structural works tower A (LOE)',$,$,'4.2.29',$,$,$,.F.,$,#292,.CONSTRUCTION.);
#294=IFCTASKTIME('Dismantle tower crane Time',.PREDICTED.,$,.WORKTIME.,'P0Y0M2D','2027-03-01T07:00:00','2027-03-02T07:00:00','2027-11-01T07:00:00','2027-11-02T07:00:00','2028-05-08T07:00:00','2028-05-09T07:00:00','P0Y0M131D','P0Y0M131D',.F.,$,$,$,$,$,0.00);
#295=IFCTASK('YXz9Q9qFWRbVIn5HafgZdd',#6,'Dismantle tower crane',$,$,'4.5',$,$,$,.F.,$,#294,.LOGISTIC.);
#296=IFCTASKTIME('4. Facade & roof Time',.PREDICTED.,$,.WORKTIME.,'P0Y0M5D','2027-03-01T07:00:00','2027-03-05T07:00:00','2027-07-05T07:00:00','2027-12-22T07:00:00','2027-07-05T07:00:00','2028-03-30T07:00:00','P0Y0M0D','P0Y0M0D',.T.,$,$,$,$,$,0.00);
#297=IFCTASK('S11TW1vtBTSJUZ3nSNoRtp',#6,'4. Facade & roof',$,$,'5',$,$,$,.F.,$,#296,.CONSTRUCTION.);
#298=IFCTASKTIME('Facade & roof — Tower A Time',.PREDICTED.,$,.WORKTIME.,'P0Y0M5D','2027-03-01T07:00:00','2027-03-05T07:00:00','2027-11-01T07:00:00','2027-12-16T07:00:00','2027-11-01T07:00:00','2027-12-16T07:00:00','P0Y0M0D','P0Y0M0D',.T.,$,$,$,$,$,0.00);
#299=IFCTASK('yn9pNjpF6zovQlpHFx5H9J',#6,'Facade & roof — Tower A',$,$,'5.1',$,$,$,.F.,$,#298,.CONSTRUCTION.);
#300=IFCTASKTIME('Erect scaffolding — Tower A Time',.PREDICTED.,$,.WORKTIME.,'P0Y0M3D','2027-03-01T07:00:00','2027-03-03T07:00:00','2027-11-01T07:00:00','2027-11-03T07:00:00','2027-11-01T07:00:00','2027-11-03T07:00:00','P0Y0M0D','P0Y0M0D',.T.,$,$,$,$,$,0.00);
#301=IFCTASK('OTTfif17ExX3htu13joVO3',#6,'Erect scaffolding — Tower A',$,$,'5.1.1',$,$,$,.F.,$,#300,.LOGISTIC.);
#302=IFCTASKTIME('Apply facade insulation — Tower A Time',.PREDICTED.,$,.WORKTIME.,'P0Y0M8D','2027-03-01T07:00:00','2027-03-10T07:00:00','2027-11-04T07:00:00','2027-11-15T07:00:00','2027-11-04T07:00:00','2027-11-15T07:00:00','P0Y0M0D','P0Y0M0D',.T.,$,$,$,$,$,0.00);
#303=IFCTASK('lbBXKhJXrNQV2vQHxHJ7b5',#6,'Apply facade insulation — Tower A',$,$,'5.1.2',$,$,$,.F.,$,#302,.INSTALLATION.);
#304=IFCTASKTIME('Install facade cladding — Tower A Time',.PREDICTED.,$,.WORKTIME.,'P0Y0M10D','2027-03-01T07:00:00','2027-03-12T07:00:00','2027-11-16T07:00:00','2027-11-29T07:00:00','2027-11-16T07:00:00','2027-11-29T07:00:00','P0Y0M0D','P0Y0M0D',.T.,$,$,$,$,$,0.00);
#305=IFCTASK('YT8nLfGNk$t3fdIXEH$jQh',#6,'Install facade cladding — Tower A',$,$,'5.1.3',$,$,$,.F.,$,#304,.INSTALLATION.);
#306=IFCTASKTIME('Install window frames — Tower A Time',.PREDICTED.,$,.WORKTIME.,'P0Y0M6D','2027-03-01T07:00:00','2027-03-08T07:00:00','2027-11-30T07:00:00','2027-12-07T07:00:00','2027-11-30T07:00:00','2027-12-07T07:00:00','P0Y0M0D','P0Y0M0D',.T.,$,$,$,$,$,0.00);
#307=IFCTASK('ZVZN4X_ni9g3Vxe18L0vzd',#6,'Install window frames — Tower A',$,$,'5.1.4',$,$,$,.F.,$,#306,.INSTALLATION.);
#308=IFCTASKTIME('Apply roof insulation — Tower A Time',.PREDICTED.,$,.WORKTIME.,'P0Y0M5D','2027-03-01T07:00:00','2027-03-05T07:00:00','2027-11-01T07:00:00','2027-11-05T07:00:00','2027-11-26T07:00:00','2027-12-02T07:00:00','P0Y0M0D','P0Y0M19D',.F.,$,$,$,$,$,0.00);
#309=IFCTASK('NPmPH19Nqz29FJbnyh7DGX',#6,'Apply roof insulation — Tower A',$,$,'5.1.5',$,$,$,.F.,$,#308,.INSTALLATION.);
#310=IFCTASKTIME('Apply roofing — Tower A Time',.PREDICTED.,$,.WORKTIME.,'P0Y0M5D','2027-03-01T07:00:00','2027-03-05T07:00:00','2027-11-08T07:00:00','2027-11-12T07:00:00','2027-12-03T07:00:00','2027-12-09T07:00:00','P0Y0M0D','P0Y0M19D',.F.,$,$,$,$,$,0.00);
#311=IFCTASK('Gfmv$TmfGZCT7DTnoD2BCz',#6,'Apply roofing — Tower A',$,$,'5.1.6',$,$,$,.F.,$,#310,.CONSTRUCTION.);
#312=IFCTASKTIME('Install balcony balustrades — Tower A Time',.PREDICTED.,$,.WORKTIME.,'P0Y0M5D','2027-03-01T07:00:00','2027-03-05T07:00:00','2027-12-08T07:00:00','2027-12-14T07:00:00','2027-12-08T07:00:00','2027-12-14T07:00:00','P0Y0M0D','P0Y0M0D',.T.,$,$,$,$,$,0.00);
#313=IFCTASK('pPATitBH3zEvsv_FJ9MNch',#6,'Install balcony balustrades — Tower A',$,$,'5.1.7',$,$,$,.F.,$,#312,.CONSTRUCTION.);
#314=IFCTASKTIME('Connect rainwater drainage — Tower A Time',.PREDICTED.,$,.WORKTIME.,'P0Y0M3D','2027-03-01T07:00:00','2027-03-03T07:00:00','2027-11-15T07:00:00','2027-11-17T07:00:00','2027-12-10T07:00:00','2027-12-14T07:00:00','P0Y0M19D','P0Y0M19D',.F.,$,$,$,$,$,0.00);
#315=IFCTASK('t92VapYfaLXR5FxlyLdj6b',#6,'Connect rainwater drainage — Tower A',$,$,'5.1.8',$,$,$,.F.,$,#314,.INSTALLATION.);
#316=IFCTASKTIME('Strike scaffolding — Tower A Time',.PREDICTED.,$,.WORKTIME.,'P0Y0M2D','2027-03-01T07:00:00','2027-03-02T07:00:00','2027-12-15T07:00:00','2027-12-16T07:00:00','2027-12-15T07:00:00','2027-12-16T07:00:00','P0Y0M0D','P0Y0M0D',.T.,$,$,$,$,$,0.00);
#317=IFCTASK('upn5gRpnE5N5NxinQ3NTVZ',#6,'Strike scaffolding — Tower A',$,$,'5.1.9',$,$,$,.F.,$,#316,.LOGISTIC.);
#318=IFCTASKTIME('Facade & roof — Tower B Time',.PREDICTED.,$,.WORKTIME.,'P0Y0M5D','2027-03-01T07:00:00','2027-03-05T07:00:00','2027-11-01T07:00:00','2027-12-16T07:00:00','2027-11-01T07:00:00','2027-12-16T07:00:00','P0Y0M0D','P0Y0M0D',.T.,$,$,$,$,$,0.00);
#319=IFCTASK('QbOlNjpFk1fZh3v1XHFZBd',#6,'Facade & roof — Tower B',$,$,'5.2',$,$,$,.F.,$,#318,.CONSTRUCTION.);
#320=IFCTASKTIME('Erect scaffolding — Tower B Time',.PREDICTED.,$,.WORKTIME.,'P0Y0M3D','2027-03-01T07:00:00','2027-03-03T07:00:00','2027-11-01T07:00:00','2027-11-03T07:00:00','2027-11-01T07:00:00','2027-11-03T07:00:00','P0Y0M0D','P0Y0M0D',.T.,$,$,$,$,$,0.00);
#321=IFCTASK('wntDNJRVbhBFjjlX$3OX4h',#6,'Erect scaffolding — Tower B',$,$,'5.2.1',$,$,$,.F.,$,#320,.LOGISTIC.);
#322=IFCTASKTIME('Apply facade insulation — Tower B Time',.PREDICTED.,$,.WORKTIME.,'P0Y0M8D','2027-03-01T07:00:00','2027-03-10T07:00:00','2027-11-04T07:00:00','2027-11-15T07:00:00','2027-11-04T07:00:00','2027-11-15T07:00:00','P0Y0M0D','P0Y0M0D',.T.,$,$,$,$,$,0.00);
#323=IFCTASK('8L2rDpv9BzOPeX5nMrCRZf',#6,'Apply facade insulation — Tower B',$,$,'5.2.2',$,$,$,.F.,$,#322,.INSTALLATION.);
#324=IFCTASKTIME('Install facade cladding — Tower B Time',.PREDICTED.,$,.WORKTIME.,'P0Y0M10D','2027-03-01T07:00:00','2027-03-12T07:00:00','2027-11-16T07:00:00','2027-11-29T07:00:00','2027-11-16T07:00:00','2027-11-29T07:00:00','P0Y0M0D','P0Y0M0D',.T.,$,$,$,$,$,0.00);
#325=IFCTASK('IRrVCRh1g7DtNdw1a5xH7b',#6,'Install facade cladding — Tower B',$,$,'5.2.3',$,$,$,.F.,$,#324,.INSTALLATION.);
#326=IFCTASKTIME('Install window frames — Tower B Time',.PREDICTED.,$,.WORKTIME.,'P0Y0M6D','2027-03-01T07:00:00','2027-03-08T07:00:00','2027-11-30T07:00:00','2027-12-07T07:00:00','2027-11-30T07:00:00','2027-12-07T07:00:00','P0Y0M0D','P0Y0M0D',.T.,$,$,$,$,$,0.00);
#327=IFCTASK('U1vBt$gdhJsZXHN1ED2B0t',#6,'Install window frames — Tower B',$,$,'5.2.4',$,$,$,.F.,$,#326,.INSTALLATION.);
#328=IFCTASKTIME('Apply roof insulation — Tower B Time',.PREDICTED.,$,.WORKTIME.,'P0Y0M5D','2027-03-01T07:00:00','2027-03-05T07:00:00','2027-11-01T07:00:00','2027-11-05T07:00:00','2027-11-26T07:00:00','2027-12-02T07:00:00','P0Y0M0D','P0Y0M19D',.F.,$,$,$,$,$,0.00);
#329=IFCTASK('3n5XyVM$MvZdOVrnR1FTZb',#6,'Apply roof insulation — Tower B',$,$,'5.2.5',$,$,$,.F.,$,#328,.INSTALLATION.);
#330=IFCTASKTIME('Apply roofing — Tower B Time',.PREDICTED.,$,.WORKTIME.,'P0Y0M5D','2027-03-01T07:00:00','2027-03-05T07:00:00','2027-11-08T07:00:00','2027-11-12T07:00:00','2027-12-03T07:00:00','2027-12-09T07:00:00','P0Y0M0D','P0Y0M19D',.F.,$,$,$,$,$,0.00);
#331=IFCTASK('BNcjpjpFYdqxLZDnPn7p4r',#6,'Apply roofing — Tower B',$,$,'5.2.6',$,$,$,.F.,$,#330,.CONSTRUCTION.);
#332=IFCTASKTIME('Install balcony balustrades — Tower B Time',.PREDICTED.,$,.WORKTIME.,'P0Y0M5D','2027-03-01T07:00:00','2027-03-05T07:00:00','2027-12-08T07:00:00','2027-12-14T07:00:00','2027-12-08T07:00:00','2027-12-14T07:00:00','P0Y0M0D','P0Y0M0D',.T.,$,$,$,$,$,0.00);
#333=IFCTASK('g7yrDJTl3nKb9N0VnfUh6$',#6,'Install balcony balustrades — Tower B',$,$,'5.2.7',$,$,$,.F.,$,#332,.CONSTRUCTION.);
#334=IFCTASKTIME('Connect rainwater drainage — Tower B Time',.PREDICTED.,$,.WORKTIME.,'P0Y0M3D','2027-03-01T07:00:00','2027-03-03T07:00:00','2027-11-15T07:00:00','2027-11-17T07:00:00','2027-12-10T07:00:00','2027-12-14T07:00:00','P0Y0M19D','P0Y0M19D',.F.,$,$,$,$,$,0.00);
#335=IFCTASK('RRmdFld9R1VbJDTnghuFhf',#6,'Connect rainwater drainage — Tower B',$,$,'5.2.8',$,$,$,.F.,$,#334,.INSTALLATION.);
#336=IFCTASKTIME('Strike scaffolding — Tower B Time',.PREDICTED.,$,.WORKTIME.,'P0Y0M2D','2027-03-01T07:00:00','2027-03-02T07:00:00','2027-12-15T07:00:00','2027-12-16T07:00:00','2027-12-15T07:00:00','2027-12-16T07:00:00','P0Y0M0D','P0Y0M0D',.T.,$,$,$,$,$,0.00);
#337=IFCTASK('9p7ZaludX5vL2dIXopwJkd',#6,'Strike scaffolding — Tower B',$,$,'5.2.9',$,$,$,.F.,$,#336,.LOGISTIC.);
#338=IFCTASKTIME('Facade & roof — Tower C Time',.PREDICTED.,$,.WORKTIME.,'P0Y0M5D','2027-03-01T07:00:00','2027-03-05T07:00:00','2027-11-01T07:00:00','2027-12-16T07:00:00','2027-11-04T07:00:00','2027-12-21T07:00:00','P0Y0M0D','P0Y0M3D',.F.,$,$,$,$,$,0.00);
#339=IFCTASK('JbZNy$Uf0LBFFD71sbAtSb',#6,'Facade & roof — Tower C',$,$,'5.3',$,$,$,.F.,$,#338,.CONSTRUCTION.);
#340=IFCTASKTIME('Erect scaffolding — Tower C Time',.PREDICTED.,$,.WORKTIME.,'P0Y0M3D','2027-03-01T07:00:00','2027-03-03T07:00:00','2027-11-01T07:00:00','2027-11-03T07:00:00','2027-11-04T07:00:00','2027-11-08T07:00:00','P0Y0M0D','P0Y0M3D',.F.,$,$,$,$,$,0.00);
#341=IFCTASK('ibztE1cvGpw1GxyHn9_lDn',#6,'Erect scaffolding — Tower C',$,$,'5.3.1',$,$,$,.F.,$,#340,.LOGISTIC.);
#342=IFCTASKTIME('Apply facade insulation — Tower C Time',.PREDICTED.,$,.WORKTIME.,'P0Y0M8D','2027-03-01T07:00:00','2027-03-10T07:00:00','2027-11-04T07:00:00','2027-11-15T07:00:00','2027-11-09T07:00:00','2027-11-18T07:00:00','P0Y0M0D','P0Y0M3D',.F.,$,$,$,$,$,0.00);
#343=IFCTASK('0HtpDl87ALHByN81wj$jAP',#6,'Apply facade insulation — Tower C',$,$,'5.3.2',$,$,$,.F.,$,#342,.INSTALLATION.);
#344=IFCTASKTIME('Install facade cladding — Tower C Time',.PREDICTED.,$,.WORKTIME.,'P0Y0M10D','2027-03-01T07:00:00','2027-03-12T07:00:00','2027-11-16T07:00:00','2027-11-29T07:00:00','2027-11-19T07:00:00','2027-12-02T07:00:00','P0Y0M0D','P0Y0M3D',.F.,$,$,$,$,$,0.00);
#345=IFCTASK('CLBF1zSlFZATndUVfDJvb5',#6,'Install facade cladding — Tower C',$,$,'5.3.3',$,$,$,.F.,$,#344,.INSTALLATION.);
#346=IFCTASKTIME('Install window frames — Tower C Time',.PREDICTED.,$,.WORKTIME.,'P0Y0M6D','2027-03-01T07:00:00','2027-03-08T07:00:00','2027-11-30T07:00:00','2027-12-07T07:00:00','2027-12-03T07:00:00','2027-12-10T07:00:00','P0Y0M0D','P0Y0M3D',.F.,$,$,$,$,$,0.00);
#347=IFCTASK('9tQfm7sdZjyhsvUnt3FLYn',#6,'Install window frames — Tower C',$,$,'5.3.4',$,$,$,.F.,$,#346,.INSTALLATION.);
#348=IFCTASKTIME('Apply roof insulation — Tower C Time',.PREDICTED.,$,.WORKTIME.,'P0Y0M5D','2027-03-01T07:00:00','2027-03-05T07:00:00','2027-11-01T07:00:00','2027-11-05T07:00:00','2027-12-01T07:00:00','2027-12-07T07:00:00','P0Y0M0D','P0Y0M22D',.F.,$,$,$,$,$,0.00);
#349=IFCTASK('Qxij$3iVVRZdiVt1Wfk5zB',#6,'Apply roof insulation — Tower C',$,$,'5.3.5',$,$,$,.F.,$,#348,.INSTALLATION.);
#350=IFCTASKTIME('Apply roofing — Tower C Time',.PREDICTED.,$,.WORKTIME.,'P0Y0M5D','2027-03-01T07:00:00','2027-03-05T07:00:00','2027-11-08T07:00:00','2027-11-12T07:00:00','2027-12-08T07:00:00','2027-12-14T07:00:00','P0Y0M0D','P0Y0M22D',.F.,$,$,$,$,$,0.00);
#351=IFCTASK('kNuXKrVvmjwj_P_VbbAtuJ',#6,'Apply roofing — Tower C',$,$,'5.3.6',$,$,$,.F.,$,#350,.CONSTRUCTION.);
#352=IFCTASKTIME('Install balcony balustrades — Tower C Time',.PREDICTED.,$,.WORKTIME.,'P0Y0M5D','2027-03-01T07:00:00','2027-03-05T07:00:00','2027-12-08T07:00:00','2027-12-14T07:00:00','2027-12-13T07:00:00','2027-12-17T07:00:00','P0Y0M0D','P0Y0M3D',.F.,$,$,$,$,$,0.00);
#353=IFCTASK('OR09sH176ZU5plzHwtoV8D',#6,'Install balcony balustrades — Tower C',$,$,'5.3.7',$,$,$,.F.,$,#352,.CONSTRUCTION.);
#354=IFCTASKTIME('Connect rainwater drainage — Tower C Time',.PREDICTED.,$,.WORKTIME.,'P0Y0M3D','2027-03-01T07:00:00','2027-03-03T07:00:00','2027-11-15T07:00:00','2027-11-17T07:00:00','2027-12-15T07:00:00','2027-12-17T07:00:00','P0Y0M19D','P0Y0M22D',.F.,$,$,$,$,$,0.00);
#355=IFCTASK('xBkHHVTHzFizThcHhd8$o5',#6,'Connect rainwater drainage — Tower C',$,$,'5.3.8',$,$,$,.F.,$,#354,.INSTALLATION.);
#356=IFCTASKTIME('Strike scaffolding — Tower C Time',.PREDICTED.,$,.WORKTIME.,'P0Y0M2D','2027-03-01T07:00:00','2027-03-02T07:00:00','2027-12-15T07:00:00','2027-12-16T07:00:00','2027-12-20T07:00:00','2027-12-21T07:00:00','P0Y0M0D','P0Y0M3D',.F.,$,$,$,$,$,0.00);
#357=IFCTASK('Rx4rzrW9p5lJsxyn$X15nR',#6,'Strike scaffolding — Tower C',$,$,'5.3.9',$,$,$,.F.,$,#356,.LOGISTIC.);
#358=IFCTASKTIME('Facade cladding, main entrance Time',.PREDICTED.,$,.WORKTIME.,'P0Y0M4D','2027-03-01T07:00:00','2027-03-04T07:00:00','2027-12-17T07:00:00','2027-12-22T07:00:00','2028-03-27T07:00:00','2028-03-30T07:00:00','P0Y0M0D','P0Y0M71D',.F.,$,$,$,$,$,0.00);
#359=IFCTASK('bbuFlxNNoHx$OXzlkVfTJT',#6,'Facade cladding, main entrance',$,$,'5.4',$,$,$,.F.,$,#358,.CONSTRUCTION.);
#360=IFCTASKTIME('Install parking deck canopy Time',.PREDICTED.,$,.WORKTIME.,'P0Y0M5D','2027-03-01T07:00:00','2027-03-05T07:00:00','2027-07-05T07:00:00','2027-07-09T07:00:00','2027-07-05T07:00:00','2027-07-09T07:00:00','P0Y0M0D','P0Y0M0D',.T.,$,$,$,$,$,0.00);
#361=IFCTASK('E7MPBZOd5FfxN5SlzlNLUH',#6,'Install parking deck canopy',$,$,'5.5',$,$,$,.F.,$,#360,.CONSTRUCTION.);
#362=IFCTASKTIME('5. Building services (MEP) Time',.PREDICTED.,$,.WORKTIME.,'P0Y0M5D','2027-03-01T07:00:00','2027-03-05T07:00:00','2027-12-17T07:00:00','2028-02-07T07:00:00','2027-12-17T07:00:00','2028-05-09T07:00:00','P0Y0M0D','P0Y0M0D',.T.,$,$,$,$,$,0.00);
#363=IFCTASK('Dvkl37n7IXZtH3XXUBhltD',#6,'5. Building services (MEP)',$,$,'6',$,$,$,.F.,$,#362,.INSTALLATION.);
#364=IFCTASKTIME('Install heating plant room Time',.PREDICTED.,$,.WORKTIME.,'P0Y0M6D','2027-03-01T07:00:00','2027-03-08T07:00:00','2027-12-23T07:00:00','2027-12-30T07:00:00','2028-04-11T07:00:00','2028-04-20T07:00:00','P0Y0M0D','P0Y0M78D',.F.,$,$,$,$,$,0.00);
#365=IFCTASK('1FR$271PV51Z9rM$ph9zvb',#6,'Install heating plant room',$,$,'6.1',$,$,$,.F.,$,#364,.INSTALLATION.);
#366=IFCTASKTIME('Connect main electrical distribution board Time',.PREDICTED.,$,.WORKTIME.,'P0Y0M4D','2027-03-01T07:00:00','2027-03-04T07:00:00','2027-12-31T07:00:00','2028-01-05T07:00:00','2028-04-21T07:00:00','2028-04-26T07:00:00','P0Y0M0D','P0Y0M78D',.F.,$,$,$,$,$,0.00);
#367=IFCTASK('ypY1U5k9DbJf1XLnRREViX',#6,'Connect main electrical distribution board',$,$,'6.2',$,$,$,.F.,$,#366,.INSTALLATION.);
#368=IFCTASKTIME('Install & test emergency generator Time',.PREDICTED.,$,.WORKTIME.,'P0Y0M3D','2027-03-01T07:00:00','2027-03-03T07:00:00','2028-01-06T07:00:00','2028-01-10T07:00:00','2028-04-28T07:00:00','2028-05-02T07:00:00','P0Y0M0D','P0Y0M78D',.F.,$,$,$,$,$,0.00);
#369=IFCTASK('KxvrJzRFEbZPiRKlO5ER37',#6,'Install & test emergency generator',$,$,'6.3',$,$,$,.F.,$,#368,.INSTALLATION.);
#370=IFCTASKTIME('Fit out data centre server room Time',.PREDICTED.,$,.WORKTIME.,'P0Y0M4D','2027-03-01T07:00:00','2027-03-04T07:00:00','2028-01-11T07:00:00','2028-01-14T07:00:00','2028-05-03T07:00:00','2028-05-09T07:00:00','P0Y0M78D','P0Y0M78D',.F.,$,$,$,$,$,0.00);
#371=IFCTASK('Dv2X0ltfALlBy9aFN9UFPv',#6,'Fit out data centre server room',$,$,'6.4',$,$,$,.F.,$,#370,.INSTALLATION.);
#372=IFCTASKTIME('Building services — Tower A Time',.PREDICTED.,$,.WORKTIME.,'P0Y0M5D','2027-03-01T07:00:00','2027-03-05T07:00:00','2027-12-17T07:00:00','2028-02-07T07:00:00','2027-12-17T07:00:00','2028-02-07T07:00:00','P0Y0M0D','P0Y0M0D',.T.,$,$,$,$,$,0.00);
#373=IFCTASK('7Bw9o$Qve7RVohwHv$HzNz',#6,'Building services — Tower A',$,$,'6.5',$,$,$,.F.,$,#372,.CONSTRUCTION.);
#374=IFCTASKTIME('Mechanical services — Tower A Time',.PREDICTED.,$,.WORKTIME.,'P0Y0M8D','2027-03-01T07:00:00','2027-03-10T07:00:00','2027-12-17T07:00:00','2027-12-28T07:00:00','2027-12-17T07:00:00','2027-12-28T07:00:00','P0Y0M0D','P0Y0M0D',.T.,$,$,$,$,$,0.00);
#375=IFCTASK('splbSD6vEHz7YZBl7xwJAZ',#6,'Mechanical services — Tower A',$,$,'6.5.1',$,$,$,.F.,$,#374,.INSTALLATION.);
#376=IFCTASKTIME('Install electrical services — Tower A Time',.PREDICTED.,$,.WORKTIME.,'P0Y0M7D','2027-03-01T07:00:00','2027-03-09T07:00:00','2027-12-21T07:00:00','2027-12-29T07:00:00','2027-12-21T07:00:00','2027-12-29T07:00:00','P0Y0M0D','P0Y0M0D',.T.,$,$,$,$,$,0.00);
#377=IFCTASK('QXJ7rv2fgbx$O$HXXjwPP7',#6,'Install electrical services — Tower A',$,$,'6.5.2',$,$,$,.F.,$,#376,.INSTALLATION.);
#378=IFCTASKTIME('Connect ventilation ductwork — Tower A Time',.PREDICTED.,$,.WORKTIME.,'P0Y0M5D','2027-03-01T07:00:00','2027-03-05T07:00:00','2027-12-30T07:00:00','2028-01-05T07:00:00','2027-12-30T07:00:00','2028-01-05T07:00:00','P0Y0M0D','P0Y0M0D',.T.,$,$,$,$,$,0.00);
#379=IFCTASK('g7iRCdDFEnnDSjzl_55HtD',#6,'Connect ventilation ductwork — Tower A',$,$,'6.5.3',$,$,$,.F.,$,#378,.INSTALLATION.);
#380=IFCTASKTIME('Install sprinkler system — Tower A Time',.PREDICTED.,$,.WORKTIME.,'P0Y0M5D','2027-03-01T07:00:00','2027-03-05T07:00:00','2028-01-06T07:00:00','2028-01-12T07:00:00','2028-01-06T07:00:00','2028-01-12T07:00:00','P0Y0M0D','P0Y0M0D',.T.,$,$,$,$,$,0.00);
#381=IFCTASK('9DfjNl0tvNMnX581_tgfMj',#6,'Install sprinkler system — Tower A',$,$,'6.5.4',$,$,$,.F.,$,#380,.INSTALLATION.);
#382=IFCTASKTIME('Install data/ICT cabling — Tower A Time',.PREDICTED.,$,.WORKTIME.,'P0Y0M4D','2027-03-01T07:00:00','2027-03-04T07:00:00','2028-01-13T07:00:00','2028-01-18T07:00:00','2028-01-13T07:00:00','2028-01-18T07:00:00','P0Y0M0D','P0Y0M0D',.T.,$,$,$,$,$,0.00);
#383=IFCTASK('4FPzMx7tT$M3dlRFe5s3V7',#6,'Install data/ICT cabling — Tower A',$,$,'6.5.5',$,$,$,.F.,$,#382,.INSTALLATION.);
#384=IFCTASKTIME('Install fire alarm system — Tower A Time',.PREDICTED.,$,.WORKTIME.,'P0Y0M4D','2027-03-01T07:00:00','2027-03-04T07:00:00','2028-01-19T07:00:00','2028-01-24T07:00:00','2028-01-19T07:00:00','2028-01-24T07:00:00','P0Y0M0D','P0Y0M0D',.T.,$,$,$,$,$,0.00);
#385=IFCTASK('1l7TOzZ1gRhlrDlVzHlzHF',#6,'Install fire alarm system — Tower A',$,$,'6.5.6',$,$,$,.F.,$,#384,.INSTALLATION.);
#386=IFCTASKTIME('Lift supply & installation — Tower A Time',.PREDICTED.,$,.WORKTIME.,'P0Y0M10D','2027-03-01T07:00:00','2027-03-12T07:00:00','2028-01-25T07:00:00','2028-02-07T07:00:00','2028-01-25T07:00:00','2028-02-07T07:00:00','P0Y0M0D','P0Y0M0D',.T.,$,$,$,$,$,0.00);
#387=IFCTASK('Kd8XyzalxbJNDlhFbRgNEx',#6,'Lift supply & installation — Tower A',$,$,'6.5.7',$,$,$,.F.,$,#386,.INSTALLATION.);
#388=IFCTASKTIME('Services commissioning inspection — Tower A Time',.PREDICTED.,$,.WORKTIME.,'P0Y0M0D','2027-03-01T07:00:00','2027-03-01T07:00:00','2028-02-07T07:00:00','2028-02-07T07:00:00','2028-02-07T07:00:00','2028-02-07T07:00:00','P0Y0M0D','P0Y0M0D',.T.,$,$,$,$,$,0.00);
#389=IFCTASK('a3qDnFBHf5fx1$N$$1R$cH',#6,'Services commissioning inspection — Tower A',$,$,'6.5.8',$,$,$,.T.,$,#388,.CONSTRUCTION.);
#390=IFCTASKTIME('Building services — Tower B Time',.PREDICTED.,$,.WORKTIME.,'P0Y0M5D','2027-03-01T07:00:00','2027-03-05T07:00:00','2027-12-17T07:00:00','2028-02-07T07:00:00','2027-12-17T07:00:00','2028-02-07T07:00:00','P0Y0M0D','P0Y0M0D',.T.,$,$,$,$,$,0.00);
#391=IFCTASK('2FjPJ$2NoHp9l3FV93VRtD',#6,'Building services — Tower B',$,$,'6.6',$,$,$,.F.,$,#390,.CONSTRUCTION.);
#392=IFCTASKTIME('Mechanical services — Tower B Time',.PREDICTED.,$,.WORKTIME.,'P0Y0M8D','2027-03-01T07:00:00','2027-03-10T07:00:00','2027-12-17T07:00:00','2027-12-28T07:00:00','2027-12-17T07:00:00','2027-12-28T07:00:00','P0Y0M0D','P0Y0M0D',.T.,$,$,$,$,$,0.00);
#393=IFCTASK('b19xg$$dBZK39fWXBDTfox',#6,'Mechanical services — Tower B',$,$,'6.6.1',$,$,$,.F.,$,#392,.INSTALLATION.);
#394=IFCTASKTIME('Install electrical services — Tower B Time',.PREDICTED.,$,.WORKTIME.,'P0Y0M7D','2027-03-01T07:00:00','2027-03-09T07:00:00','2027-12-21T07:00:00','2027-12-29T07:00:00','2027-12-21T07:00:00','2027-12-29T07:00:00','P0Y0M0D','P0Y0M0D',.T.,$,$,$,$,$,0.00);
#395=IFCTASK('phBFFhRFoxfxJ1ZFAR6dTx',#6,'Install electrical services — Tower B',$,$,'6.6.2',$,$,$,.F.,$,#394,.INSTALLATION.);
#396=IFCTASKTIME('Connect ventilation ductwork — Tower B Time',.PREDICTED.,$,.WORKTIME.,'P0Y0M5D','2027-03-01T07:00:00','2027-03-05T07:00:00','2027-12-30T07:00:00','2028-01-05T07:00:00','2027-12-30T07:00:00','2028-01-05T07:00:00','P0Y0M0D','P0Y0M0D',.T.,$,$,$,$,$,0.00);
#397=IFCTASK('RVh$Y9RFU7G1CnHXlrTtWP',#6,'Connect ventilation ductwork — Tower B',$,$,'6.6.3',$,$,$,.F.,$,#396,.INSTALLATION.);
#398=IFCTASKTIME('Install sprinkler system — Tower B Time',.PREDICTED.,$,.WORKTIME.,'P0Y0M5D','2027-03-01T07:00:00','2027-03-05T07:00:00','2028-01-06T07:00:00','2028-01-12T07:00:00','2028-01-06T07:00:00','2028-01-12T07:00:00','P0Y0M0D','P0Y0M0D',.T.,$,$,$,$,$,0.00);
#399=IFCTASK('P$95ABHPzzUN$$9$ffQD0f',#6,'Install sprinkler system — Tower B',$,$,'6.6.4',$,$,$,.F.,$,#398,.INSTALLATION.);
#400=IFCTASKTIME('Install data/ICT cabling — Tower B Time',.PREDICTED.,$,.WORKTIME.,'P0Y0M4D','2027-03-01T07:00:00','2027-03-04T07:00:00','2028-01-13T07:00:00','2028-01-18T07:00:00','2028-01-13T07:00:00','2028-01-18T07:00:00','P0Y0M0D','P0Y0M0D',.T.,$,$,$,$,$,0.00);
#401=IFCTASK('TZOlFFLHbB$5bLInGXlBiX',#6,'Install data/ICT cabling — Tower B',$,$,'6.6.5',$,$,$,.F.,$,#400,.INSTALLATION.);
#402=IFCTASKTIME('Install fire alarm system — Tower B Time',.PREDICTED.,$,.WORKTIME.,'P0Y0M4D','2027-03-01T07:00:00','2027-03-04T07:00:00','2028-01-19T07:00:00','2028-01-24T07:00:00','2028-01-19T07:00:00','2028-01-24T07:00:00','P0Y0M0D','P0Y0M0D',.T.,$,$,$,$,$,0.00);
#403=IFCTASK('vHR1o1YNSBLlVFbHk$R$Ef',#6,'Install fire alarm system — Tower B',$,$,'6.6.6',$,$,$,.F.,$,#402,.INSTALLATION.);
#404=IFCTASKTIME('Lift supply & installation — Tower B Time',.PREDICTED.,$,.WORKTIME.,'P0Y0M10D','2027-03-01T07:00:00','2027-03-12T07:00:00','2028-01-25T07:00:00','2028-02-07T07:00:00','2028-01-25T07:00:00','2028-02-07T07:00:00','P0Y0M0D','P0Y0M0D',.T.,$,$,$,$,$,0.00);
#405=IFCTASK('XTe1g$7t$BrnJJv1R1dxJT',#6,'Lift supply & installation — Tower B',$,$,'6.6.7',$,$,$,.F.,$,#404,.INSTALLATION.);
#406=IFCTASKTIME('Services commissioning inspection — Tower B Time',.PREDICTED.,$,.WORKTIME.,'P0Y0M0D','2027-03-01T07:00:00','2027-03-01T07:00:00','2028-02-07T07:00:00','2028-02-07T07:00:00','2028-02-07T07:00:00','2028-02-07T07:00:00','P0Y0M0D','P0Y0M0D',.T.,$,$,$,$,$,0.00);
#407=IFCTASK('nPobuJjFSXZtht8$MlJvdB',#6,'Services commissioning inspection — Tower B',$,$,'6.6.8',$,$,$,.T.,$,#406,.CONSTRUCTION.);
#408=IFCTASKTIME('Building services — Tower C Time',.PREDICTED.,$,.WORKTIME.,'P0Y0M5D','2027-03-01T07:00:00','2027-03-05T07:00:00','2027-12-17T07:00:00','2028-02-07T07:00:00','2027-12-22T07:00:00','2028-02-10T07:00:00','P0Y0M0D','P0Y0M3D',.F.,$,$,$,$,$,0.00);
#409=IFCTASK('U3KjJTNN4R5$4NWX7XRnL9',#6,'Building services — Tower C',$,$,'6.7',$,$,$,.F.,$,#408,.CONSTRUCTION.);
#410=IFCTASKTIME('Mechanical services — Tower C Time',.PREDICTED.,$,.WORKTIME.,'P0Y0M8D','2027-03-01T07:00:00','2027-03-10T07:00:00','2027-12-17T07:00:00','2027-12-28T07:00:00','2027-12-22T07:00:00','2027-12-31T07:00:00','P0Y0M0D','P0Y0M3D',.F.,$,$,$,$,$,0.00);
#411=IFCTASK('3D6tYxMPVRptrdIVwpbnTR',#6,'Mechanical services — Tower C',$,$,'6.7.1',$,$,$,.F.,$,#410,.INSTALLATION.);
#412=IFCTASKTIME('Install electrical services — Tower C Time',.PREDICTED.,$,.WORKTIME.,'P0Y0M7D','2027-03-01T07:00:00','2027-03-09T07:00:00','2027-12-21T07:00:00','2027-12-29T07:00:00','2027-12-24T07:00:00','2028-01-03T07:00:00','P0Y0M0D','P0Y0M3D',.F.,$,$,$,$,$,0.00);
#413=IFCTASK('0lXL9ZPt3zkPOdYXphVbHl',#6,'Install electrical services — Tower C',$,$,'6.7.2',$,$,$,.F.,$,#412,.INSTALLATION.);
#414=IFCTASKTIME('Connect ventilation ductwork — Tower C Time',.PREDICTED.,$,.WORKTIME.,'P0Y0M5D','2027-03-01T07:00:00','2027-03-05T07:00:00','2027-12-30T07:00:00','2028-01-05T07:00:00','2028-01-04T07:00:00','2028-01-10T07:00:00','P0Y0M0D','P0Y0M3D',.F.,$,$,$,$,$,0.00);
#415=IFCTASK('ltS3M51PP78fHtu$czlrGF',#6,'Connect ventilation ductwork — Tower C',$,$,'6.7.3',$,$,$,.F.,$,#414,.INSTALLATION.);
#416=IFCTASKTIME('Install sprinkler system — Tower C Time',.PREDICTED.,$,.WORKTIME.,'P0Y0M5D','2027-03-01T07:00:00','2027-03-05T07:00:00','2028-01-06T07:00:00','2028-01-12T07:00:00','2028-01-11T07:00:00','2028-01-17T07:00:00','P0Y0M0D','P0Y0M3D',.F.,$,$,$,$,$,0.00);
#417=IFCTASK('lRrXqdr$0L3Nf5KlG1jv75',#6,'Install sprinkler system — Tower C',$,$,'6.7.4',$,$,$,.F.,$,#416,.INSTALLATION.);
#418=IFCTASKTIME('Install data/ICT cabling — Tower C Time',.PREDICTED.,$,.WORKTIME.,'P0Y0M4D','2027-03-01T07:00:00','2027-03-04T07:00:00','2028-01-13T07:00:00','2028-01-18T07:00:00','2028-01-18T07:00:00','2028-01-21T07:00:00','P0Y0M0D','P0Y0M3D',.F.,$,$,$,$,$,0.00);
#419=IFCTASK('HbBXGd2n451TzPEXG1hl7R',#6,'Install data/ICT cabling — Tower C',$,$,'6.7.5',$,$,$,.F.,$,#418,.INSTALLATION.);
#420=IFCTASKTIME('Install fire alarm system — Tower C Time',.PREDICTED.,$,.WORKTIME.,'P0Y0M4D','2027-03-01T07:00:00','2027-03-04T07:00:00','2028-01-19T07:00:00','2028-01-24T07:00:00','2028-01-24T07:00:00','2028-01-27T07:00:00','P0Y0M0D','P0Y0M3D',.F.,$,$,$,$,$,0.00);
#421=IFCTASK('UzibG7UNOdfx7pRl69wdFR',#6,'Install fire alarm system — Tower C',$,$,'6.7.6',$,$,$,.F.,$,#420,.INSTALLATION.);
#422=IFCTASKTIME('Lift supply & installation — Tower C Time',.PREDICTED.,$,.WORKTIME.,'P0Y0M10D','2027-03-01T07:00:00','2027-03-12T07:00:00','2028-01-25T07:00:00','2028-02-07T07:00:00','2028-01-28T07:00:00','2028-02-10T07:00:00','P0Y0M0D','P0Y0M3D',.F.,$,$,$,$,$,0.00);
#423=IFCTASK('KdmdnHNfipuNVnBH3pgTPv',#6,'Lift supply & installation — Tower C',$,$,'6.7.7',$,$,$,.F.,$,#422,.INSTALLATION.);
#424=IFCTASKTIME('Services commissioning inspection — Tower C Time',.PREDICTED.,$,.WORKTIME.,'P0Y0M0D','2027-03-01T07:00:00','2027-03-01T07:00:00','2028-02-07T07:00:00','2028-02-07T07:00:00','2028-02-10T07:00:00','2028-02-10T07:00:00','P0Y0M0D','P0Y0M3D',.F.,$,$,$,$,$,0.00);
#425=IFCTASK('W$ljLtKVlpm$CrQ$UdyhMp',#6,'Services commissioning inspection — Tower C',$,$,'6.7.8',$,$,$,.T.,$,#424,.CONSTRUCTION.);
#426=IFCTASKTIME('6. Fit-out Time',.PREDICTED.,$,.WORKTIME.,'P0Y0M5D','2027-03-01T07:00:00','2027-03-05T07:00:00','2027-12-23T07:00:00','2028-05-09T07:00:00','2028-02-08T07:00:00','2028-05-09T07:00:00','P0Y0M0D','P0Y0M0D',.T.,$,$,$,$,$,0.00);
#427=IFCTASK('Q1vBjTFPVbLHBJjHdhOH3v',#6,'6. Fit-out',$,$,'7',$,$,$,.F.,$,#426,.CONSTRUCTION.);
#428=IFCTASKTIME('Fit-out — Tower A Time',.PREDICTED.,$,.WORKTIME.,'P0Y0M5D','2027-03-01T07:00:00','2027-03-05T07:00:00','2028-02-08T07:00:00','2028-05-09T07:00:00','2028-02-08T07:00:00','2028-05-09T07:00:00','P0Y0M0D','P0Y0M0D',.T.,$,$,$,$,$,0.00);
#429=IFCTASK('TTuFxn3$qToBa7YFNp39yr',#6,'Fit-out — Tower A',$,$,'7.1',$,$,$,.F.,$,#428,.CONSTRUCTION.);
#430=IFCTASKTIME('Plastering — Tower A Time',.PREDICTED.,$,.WORKTIME.,'P0Y0M15D','2027-03-01T07:00:00','2027-03-16T07:00:00','2028-02-08T07:00:00','2028-02-28T07:00:00','2028-02-08T07:00:00','2028-02-28T07:00:00','P0Y0M0D','P0Y0M0D',.T.,$,$,$,$,$,0.00);
#431=IFCTASK('K595g1tfSXR$G54lND3tux',#6,'Plastering — Tower A',$,$,'7.1.1',$,$,$,.F.,$,#430,.CONSTRUCTION.);
#432=IFCTASKTIME('Tiling — Tower A Time',.PREDICTED.,$,.WORKTIME.,'P0Y0M10D','2027-03-01T07:00:00','2027-03-12T07:00:00','2028-02-29T07:00:00','2028-03-13T07:00:00','2028-02-29T07:00:00','2028-03-13T07:00:00','P0Y0M0D','P0Y0M0D',.T.,$,$,$,$,$,0.00);
#433=IFCTASK('_nhHFH9NAfR$035FEjoV8R',#6,'Tiling — Tower A',$,$,'7.1.2',$,$,$,.F.,$,#432,.CONSTRUCTION.);
#434=IFCTASKTIME('Install kitchens — Tower A Time',.PREDICTED.,$,.WORKTIME.,'P0Y0M8D','2027-03-01T07:00:00','2027-03-10T07:00:00','2028-03-14T07:00:00','2028-03-23T07:00:00','2028-03-14T07:00:00','2028-03-23T07:00:00','P0Y0M0D','P0Y0M0D',.T.,$,$,$,$,$,0.00);
#435=IFCTASK('HtyBxlX7qTMzvVv1T38n5n',#6,'Install kitchens — Tower A',$,$,'7.1.3',$,$,$,.F.,$,#434,.CONSTRUCTION.);
#436=IFCTASKTIME('Install sanitary fittings — Tower A Time',.PREDICTED.,$,.WORKTIME.,'P0Y0M7D','2027-03-01T07:00:00','2027-03-09T07:00:00','2028-03-24T07:00:00','2028-04-03T07:00:00','2028-03-24T07:00:00','2028-04-03T07:00:00','P0Y0M0D','P0Y0M0D',.T.,$,$,$,$,$,0.00);
#437=IFCTASK('FBfJP9pV7fslbrs$znpdJ3',#6,'Install sanitary fittings — Tower A',$,$,'7.1.4',$,$,$,.F.,$,#436,.INSTALLATION.);
#438=IFCTASKTIME('Painting — Tower A Time',.PREDICTED.,$,.WORKTIME.,'P0Y0M8D','2027-03-01T07:00:00','2027-03-10T07:00:00','2028-04-04T07:00:00','2028-04-13T07:00:00','2028-04-04T07:00:00','2028-04-13T07:00:00','P0Y0M0D','P0Y0M0D',.T.,$,$,$,$,$,0.00);
#439=IFCTASK('zDkHhJcVB9sZ11v$gBKJYn',#6,'Painting — Tower A',$,$,'7.1.5',$,$,$,.F.,$,#438,.CONSTRUCTION.);
#440=IFCTASKTIME('Floor finishes — Tower A Time',.PREDICTED.,$,.WORKTIME.,'P0Y0M5D','2027-03-01T07:00:00','2027-03-05T07:00:00','2028-04-18T07:00:00','2028-04-24T07:00:00','2028-04-18T07:00:00','2028-04-24T07:00:00','P0Y0M0D','P0Y0M0D',.T.,$,$,$,$,$,0.00);
#441=IFCTASK('p7gd5hhlhJoBe$HXJfMTfX',#6,'Floor finishes — Tower A',$,$,'7.1.6',$,$,$,.F.,$,#440,.CONSTRUCTION.);
#442=IFCTASKTIME('Finish ceilings — Tower A Time',.PREDICTED.,$,.WORKTIME.,'P0Y0M5D','2027-03-01T07:00:00','2027-03-05T07:00:00','2028-04-25T07:00:00','2028-05-02T07:00:00','2028-04-25T07:00:00','2028-05-02T07:00:00','P0Y0M0D','P0Y0M0D',.T.,$,$,$,$,$,0.00);
#443=IFCTASK('T1txgR5VJLPJUfaFb5_BOh',#6,'Finish ceilings — Tower A',$,$,'7.1.7',$,$,$,.F.,$,#442,.CONSTRUCTION.);
#444=IFCTASKTIME('Doors and ironmongery — Tower A Time',.PREDICTED.,$,.WORKTIME.,'P0Y0M4D','2027-03-01T07:00:00','2027-03-04T07:00:00','2028-05-03T07:00:00','2028-05-09T07:00:00','2028-05-03T07:00:00','2028-05-09T07:00:00','P0Y0M0D','P0Y0M0D',.T.,$,$,$,$,$,0.00);
#445=IFCTASK('9jLHFn318fR1GL2FL3$x1p',#6,'Doors and ironmongery — Tower A',$,$,'7.1.8',$,$,$,.F.,$,#444,.CONSTRUCTION.);
#446=IFCTASKTIME('Fit-out — Tower B Time',.PREDICTED.,$,.WORKTIME.,'P0Y0M5D','2027-03-01T07:00:00','2027-03-05T07:00:00','2028-02-08T07:00:00','2028-05-09T07:00:00','2028-02-08T07:00:00','2028-05-09T07:00:00','P0Y0M0D','P0Y0M0D',.T.,$,$,$,$,$,0.00);
#447=IFCTASK('NPmvTbYnAN3fn7oFs1$jgj',#6,'Fit-out — Tower B',$,$,'7.2',$,$,$,.F.,$,#446,.CONSTRUCTION.);
#448=IFCTASKTIME('Plastering — Tower B Time',.PREDICTED.,$,.WORKTIME.,'P0Y0M15D','2027-03-01T07:00:00','2027-03-16T07:00:00','2028-02-08T07:00:00','2028-02-28T07:00:00','2028-02-08T07:00:00','2028-02-28T07:00:00','P0Y0M0D','P0Y0M0D',.T.,$,$,$,$,$,0.00);
#449=IFCTASK('jbRH3vNfMbjNHt81zDk5RX',#6,'Plastering — Tower B',$,$,'7.2.1',$,$,$,.F.,$,#448,.CONSTRUCTION.);
#450=IFCTASKTIME('Tiling — Tower B Time',.PREDICTED.,$,.WORKTIME.,'P0Y0M10D','2027-03-01T07:00:00','2027-03-12T07:00:00','2028-02-29T07:00:00','2028-03-13T07:00:00','2028-02-29T07:00:00','2028-03-13T07:00:00','P0Y0M0D','P0Y0M0D',.T.,$,$,$,$,$,0.00);
#451=IFCTASK('wLobanyHz3gnBdw$eRQvvR',#6,'Tiling — Tower B',$,$,'7.2.2',$,$,$,.F.,$,#450,.CONSTRUCTION.);
#452=IFCTASKTIME('Install kitchens — Tower B Time',.PREDICTED.,$,.WORKTIME.,'P0Y0M8D','2027-03-01T07:00:00','2027-03-10T07:00:00','2028-03-14T07:00:00','2028-03-23T07:00:00','2028-03-14T07:00:00','2028-03-23T07:00:00','P0Y0M0D','P0Y0M0D',.T.,$,$,$,$,$,0.00);
#453=IFCTASK('vHTfG7gPB3G$yf0VTzWdpJ',#6,'Install kitchens — Tower B',$,$,'7.2.3',$,$,$,.F.,$,#452,.CONSTRUCTION.);
#454=IFCTASKTIME('Install sanitary fittings — Tower B Time',.PREDICTED.,$,.WORKTIME.,'P0Y0M7D','2027-03-01T07:00:00','2027-03-09T07:00:00','2028-03-24T07:00:00','2028-04-03T07:00:00','2028-03-24T07:00:00','2028-04-03T07:00:00','P0Y0M0D','P0Y0M0D',.T.,$,$,$,$,$,0.00);
#455=IFCTASK('eRm7Zxot3nCxH98$6NszX7',#6,'Install sanitary fittings — Tower B',$,$,'7.2.4',$,$,$,.F.,$,#454,.INSTALLATION.);
#456=IFCTASKTIME('Painting — Tower B Time',.PREDICTED.,$,.WORKTIME.,'P0Y0M8D','2027-03-01T07:00:00','2027-03-10T07:00:00','2028-04-04T07:00:00','2028-04-13T07:00:00','2028-04-04T07:00:00','2028-04-13T07:00:00','P0Y0M0D','P0Y0M0D',.T.,$,$,$,$,$,0.00);
#457=IFCTASK('BJBnB7gdFZILgNWV$zm9WP',#6,'Painting — Tower B',$,$,'7.2.5',$,$,$,.F.,$,#456,.CONSTRUCTION.);
#458=IFCTASKTIME('Floor finishes — Tower B Time',.PREDICTED.,$,.WORKTIME.,'P0Y0M5D','2027-03-01T07:00:00','2027-03-05T07:00:00','2028-04-18T07:00:00','2028-04-24T07:00:00','2028-04-18T07:00:00','2028-04-24T07:00:00','P0Y0M0D','P0Y0M0D',.T.,$,$,$,$,$,0.00);
#459=IFCTASK('yjIx_LiXLJkL6pxlmXNZNX',#6,'Floor finishes — Tower B',$,$,'7.2.6',$,$,$,.F.,$,#458,.CONSTRUCTION.);
#460=IFCTASKTIME('Finish ceilings — Tower B Time',.PREDICTED.,$,.WORKTIME.,'P0Y0M5D','2027-03-01T07:00:00','2027-03-05T07:00:00','2028-04-25T07:00:00','2028-05-02T07:00:00','2028-04-25T07:00:00','2028-05-02T07:00:00','P0Y0M0D','P0Y0M0D',.T.,$,$,$,$,$,0.00);
#461=IFCTASK('8hoRiBNfSBR143nXJRH3Xd',#6,'Finish ceilings — Tower B',$,$,'7.2.7',$,$,$,.F.,$,#460,.CONSTRUCTION.);
#462=IFCTASKTIME('Doors and ironmongery — Tower B Time',.PREDICTED.,$,.WORKTIME.,'P0Y0M4D','2027-03-01T07:00:00','2027-03-04T07:00:00','2028-05-03T07:00:00','2028-05-09T07:00:00','2028-05-03T07:00:00','2028-05-09T07:00:00','P0Y0M0D','P0Y0M0D',.T.,$,$,$,$,$,0.00);
#463=IFCTASK('qf6DvLS$wnKzzRe1nRPxR$',#6,'Doors and ironmongery — Tower B',$,$,'7.2.8',$,$,$,.F.,$,#462,.CONSTRUCTION.);
#464=IFCTASKTIME('Fit-out — Tower C Time',.PREDICTED.,$,.WORKTIME.,'P0Y0M5D','2027-03-01T07:00:00','2027-03-05T07:00:00','2028-02-08T07:00:00','2028-05-03T07:00:00','2028-02-11T07:00:00','2028-05-09T07:00:00','P0Y0M0D','P0Y0M3D',.F.,$,$,$,$,$,0.00);
#465=IFCTASK('V$FDZNX7WbZPSPw1GHvbbx',#6,'Fit-out — Tower C',$,$,'7.3',$,$,$,.F.,$,#464,.CONSTRUCTION.);
#466=IFCTASKTIME('Plastering — Tower C Time',.PREDICTED.,$,.WORKTIME.,'P0Y0M12D','2027-03-01T07:00:00','2027-03-16T07:00:00','2028-02-08T07:00:00','2028-02-23T07:00:00','2028-02-11T07:00:00','2028-02-28T07:00:00','P0Y0M0D','P0Y0M3D',.F.,$,$,$,$,$,0.00);
#467=IFCTASK('ZTe1o$APDxlJUfCH6DhVCH',#6,'Plastering — Tower C',$,$,'7.3.1',$,$,$,.F.,$,#466,.CONSTRUCTION.);
#468=IFCTASKTIME('Tiling — Tower C Time',.PREDICTED.,$,.WORKTIME.,'P0Y0M10D','2027-03-01T07:00:00','2027-03-12T07:00:00','2028-02-24T07:00:00','2028-03-08T07:00:00','2028-02-29T07:00:00','2028-03-13T07:00:00','P0Y0M0D','P0Y0M3D',.F.,$,$,$,$,$,0.00);
#469=IFCTASK('ib5nhtKVxbjffRO1GX93Lj',#6,'Tiling — Tower C',$,$,'7.3.2',$,$,$,.F.,$,#468,.CONSTRUCTION.);
#470=IFCTASKTIME('Install kitchens — Tower C Time',.PREDICTED.,$,.WORKTIME.,'P0Y0M8D','2027-03-01T07:00:00','2027-03-10T07:00:00','2028-03-09T07:00:00','2028-03-20T07:00:00','2028-03-14T07:00:00','2028-03-23T07:00:00','P0Y0M0D','P0Y0M3D',.F.,$,$,$,$,$,0.00);
#471=IFCTASK('m9yBVjM16nypajRnS9A9CZ',#6,'Install kitchens — Tower C',$,$,'7.3.3',$,$,$,.F.,$,#470,.CONSTRUCTION.);
#472=IFCTASKTIME('Install sanitary fittings — Tower C Time',.PREDICTED.,$,.WORKTIME.,'P0Y0M7D','2027-03-01T07:00:00','2027-03-09T07:00:00','2028-03-21T07:00:00','2028-03-29T07:00:00','2028-03-24T07:00:00','2028-04-03T07:00:00','P0Y0M0D','P0Y0M3D',.F.,$,$,$,$,$,0.00);
#473=IFCTASK('0FLHLj6Vv96J2D91dHhl75',#6,'Install sanitary fittings — Tower C',$,$,'7.3.4',$,$,$,.F.,$,#472,.INSTALLATION.);
#474=IFCTASKTIME('Painting — Tower C Time',.PREDICTED.,$,.WORKTIME.,'P0Y0M8D','2027-03-01T07:00:00','2027-03-10T07:00:00','2028-03-30T07:00:00','2028-04-10T07:00:00','2028-04-04T07:00:00','2028-04-13T07:00:00','P0Y0M0D','P0Y0M3D',.F.,$,$,$,$,$,0.00);
#475=IFCTASK('DB1Bdt3$edFD4NO1GlVpO3',#6,'Painting — Tower C',$,$,'7.3.5',$,$,$,.F.,$,#474,.CONSTRUCTION.);
#476=IFCTASKTIME('Floor finishes — Tower C Time',.PREDICTED.,$,.WORKTIME.,'P0Y0M5D','2027-03-01T07:00:00','2027-03-05T07:00:00','2028-04-11T07:00:00','2028-04-19T07:00:00','2028-04-18T07:00:00','2028-04-24T07:00:00','P0Y0M0D','P0Y0M3D',.F.,$,$,$,$,$,0.00);
#477=IFCTASK('CB1r5nLlhJQpmBUVBtcvnV',#6,'Floor finishes — Tower C',$,$,'7.3.6',$,$,$,.F.,$,#476,.CONSTRUCTION.);
#478=IFCTASKTIME('Finish ceilings — Tower C Time',.PREDICTED.,$,.WORKTIME.,'P0Y0M5D','2027-03-01T07:00:00','2027-03-05T07:00:00','2028-04-20T07:00:00','2028-04-26T07:00:00','2028-04-25T07:00:00','2028-05-02T07:00:00','P0Y0M0D','P0Y0M3D',.F.,$,$,$,$,$,0.00);
#479=IFCTASK('9jxXe3rH33E7ARu1A$7bhD',#6,'Finish ceilings — Tower C',$,$,'7.3.7',$,$,$,.F.,$,#478,.CONSTRUCTION.);
#480=IFCTASKTIME('Doors and ironmongery — Tower C Time',.PREDICTED.,$,.WORKTIME.,'P0Y0M4D','2027-03-01T07:00:00','2027-03-04T07:00:00','2028-04-28T07:00:00','2028-05-03T07:00:00','2028-05-03T07:00:00','2028-05-09T07:00:00','P0Y0M0D','P0Y0M3D',.F.,$,$,$,$,$,0.00);
#481=IFCTASK('2JobqPr1iNEvcTHVrjnTPP',#6,'Doors and ironmongery — Tower C',$,$,'7.3.8',$,$,$,.F.,$,#480,.CONSTRUCTION.);
#482=IFCTASKTIME('Finish entrance hall Time',.PREDICTED.,$,.WORKTIME.,'P0Y0M6D','2027-03-01T07:00:00','2027-03-08T07:00:00','2027-12-23T07:00:00','2027-12-30T07:00:00','2028-03-31T07:00:00','2028-04-07T07:00:00','P0Y0M0D','P0Y0M71D',.F.,$,$,$,$,$,0.00);
#483=IFCTASK('9fwpFFBlFFK3Th2FN9Q7Zt',#6,'Finish entrance hall',$,$,'7.4',$,$,$,.F.,$,#482,.CONSTRUCTION.);
#484=IFCTASKTIME('Finish bicycle store Time',.PREDICTED.,$,.WORKTIME.,'P0Y0M4D','2027-03-01T07:00:00','2027-03-04T07:00:00','2027-12-31T07:00:00','2028-01-05T07:00:00','2028-05-03T07:00:00','2028-05-09T07:00:00','P0Y0M85D','P0Y0M85D',.F.,$,$,$,$,$,0.00);
#485=IFCTASK('fPuFfH8dZ1EBmxyFr9MfYD',#6,'Finish bicycle store',$,$,'7.5',$,$,$,.F.,$,#484,.CONSTRUCTION.);
#486=IFCTASKTIME('Finish lift lobbies Time',.PREDICTED.,$,.WORKTIME.,'P0Y0M4D','2027-03-01T07:00:00','2027-03-04T07:00:00','2027-12-31T07:00:00','2028-01-05T07:00:00','2028-04-10T07:00:00','2028-04-13T07:00:00','P0Y0M0D','P0Y0M71D',.F.,$,$,$,$,$,0.00);
#487=IFCTASK('4FlRO5MdXxf5hz7$3J2lN3',#6,'Finish lift lobbies',$,$,'7.6',$,$,$,.F.,$,#486,.CONSTRUCTION.);
#488=IFCTASKTIME('Finish communal stair cores Time',.PREDICTED.,$,.WORKTIME.,'P0Y0M5D','2027-03-01T07:00:00','2027-03-05T07:00:00','2028-01-06T07:00:00','2028-01-12T07:00:00','2028-04-18T07:00:00','2028-04-24T07:00:00','P0Y0M0D','P0Y0M71D',.F.,$,$,$,$,$,0.00);
#489=IFCTASK('T3ibeZtN2tMzf7cHphFLgt',#6,'Finish communal stair cores',$,$,'7.7',$,$,$,.F.,$,#488,.CONSTRUCTION.);
#490=IFCTASKTIME('External painting, facade plinth Time',.PREDICTED.,$,.WORKTIME.,'P0Y0M4D','2027-03-01T07:00:00','2027-03-04T07:00:00','2028-01-13T07:00:00','2028-01-18T07:00:00','2028-04-25T07:00:00','2028-05-01T07:00:00','P0Y0M0D','P0Y0M71D',.F.,$,$,$,$,$,0.00);
#491=IFCTASK('RVJvDD9NahnhY9mVKD_Byd',#6,'External painting, facade plinth',$,$,'7.8',$,$,$,.F.,$,#490,.CONSTRUCTION.);
#492=IFCTASKTIME('Install signage & wayfinding Time',.PREDICTED.,$,.WORKTIME.,'P0Y0M2D','2027-03-01T07:00:00','2027-03-02T07:00:00','2028-01-19T07:00:00','2028-01-20T07:00:00','2028-05-02T07:00:00','2028-05-03T07:00:00','P0Y0M0D','P0Y0M71D',.F.,$,$,$,$,$,0.00);
#493=IFCTASK('TT0twdYFA9HBapFVfjVDWd',#6,'Install signage & wayfinding',$,$,'7.9',$,$,$,.F.,$,#492,.CONSTRUCTION.);
#494=IFCTASKTIME('Final cleaning of communal areas Time',.PREDICTED.,$,.WORKTIME.,'P0Y0M3D','2027-03-01T07:00:00','2027-03-03T07:00:00','2028-01-21T07:00:00','2028-01-25T07:00:00','2028-05-04T07:00:00','2028-05-09T07:00:00','P0Y0M71D','P0Y0M71D',.F.,$,$,$,$,$,0.00);
#495=IFCTASK('X$9xMVJFGDcXkFpnFb1jMN',#6,'Final cleaning of communal areas',$,$,'7.10',$,$,$,.F.,$,#494,.CONSTRUCTION.);
#496=IFCTASKTIME('7. Car park & site works Time',.PREDICTED.,$,.WORKTIME.,'P0Y0M5D','2027-03-01T07:00:00','2027-03-05T07:00:00','2027-07-12T07:00:00','2028-04-24T07:00:00','2027-07-12T07:00:00','2028-04-24T07:00:00','P0Y0M0D','P0Y0M0D',.T.,$,$,$,$,$,0.00);
#497=IFCTASK('eb8F912NwzUN7DRHQPeVGH',#6,'7. Car park & site works',$,$,'8',$,$,$,.F.,$,#496,.LOGISTIC.);
#498=IFCTASKTIME('Internal walls, storage units & stair cores, car park Time',.PREDICTED.,$,.WORKTIME.,'P0Y0M30D','2027-03-01T07:00:00','2027-04-09T07:00:00','2027-07-12T07:00:00','2027-09-10T07:00:00','2027-07-12T07:00:00','2027-09-10T07:00:00','P0Y0M0D','P0Y0M0D',.T.,$,$,$,$,$,0.00);
#499=IFCTASK('0Htp3P5XZjqxjXP1VDYLsz',#6,'Internal walls, storage units & stair cores, car park',$,$,'8.1',$,$,$,.F.,$,#498,.CONSTRUCTION.);
#500=IFCTASKTIME('Pipework & cable trays, car park Time',.PREDICTED.,$,.WORKTIME.,'P0Y0M24D','2027-03-01T07:00:00','2027-04-01T07:00:00','2027-09-13T07:00:00','2027-10-14T07:00:00','2027-09-13T07:00:00','2027-10-14T07:00:00','P0Y0M0D','P0Y0M0D',.T.,$,$,$,$,$,0.00);
#501=IFCTASK('Lvqp7LCV19HruFBHntstWd',#6,'Pipework & cable trays, car park',$,$,'8.2',$,$,$,.F.,$,#500,.INSTALLATION.);
#502=IFCTASKTIME('Ventilation & smoke extraction system, car park Time',.PREDICTED.,$,.WORKTIME.,'P0Y0M22D','2027-03-01T07:00:00','2027-03-30T07:00:00','2027-10-15T07:00:00','2027-11-15T07:00:00','2027-10-15T07:00:00','2027-11-15T07:00:00','P0Y0M0D','P0Y0M0D',.T.,$,$,$,$,$,0.00);
#503=IFCTASK('tD7TSjM$2fsH$VZl4P81oR',#6,'Ventilation & smoke extraction system, car park',$,$,'8.3',$,$,$,.F.,$,#502,.INSTALLATION.);
#504=IFCTASKTIME('Sprinkler & dry riser, car park Time',.PREDICTED.,$,.WORKTIME.,'P0Y0M16D','2027-03-01T07:00:00','2027-03-22T07:00:00','2027-11-16T07:00:00','2027-12-07T07:00:00','2027-11-16T07:00:00','2027-12-07T07:00:00','P0Y0M0D','P0Y0M0D',.T.,$,$,$,$,$,0.00);
#505=IFCTASK('Z1XzAhpVjN3fBJRFiDERfZ',#6,'Sprinkler & dry riser, car park',$,$,'8.4',$,$,$,.F.,$,#504,.INSTALLATION.);
#506=IFCTASKTIME('Power, lighting & emergency lighting, car park Time',.PREDICTED.,$,.WORKTIME.,'P0Y0M16D','2027-03-01T07:00:00','2027-03-22T07:00:00','2027-12-08T07:00:00','2027-12-29T07:00:00','2027-12-08T07:00:00','2027-12-29T07:00:00','P0Y0M0D','P0Y0M0D',.T.,$,$,$,$,$,0.00);
#507=IFCTASK('or9pb5Xd9rPJAb8$prTtOZ',#6,'Power, lighting & emergency lighting, car park',$,$,'8.5',$,$,$,.F.,$,#506,.INSTALLATION.);
#508=IFCTASKTIME('Fire alarm & evacuation system, car park Time',.PREDICTED.,$,.WORKTIME.,'P0Y0M10D','2027-03-01T07:00:00','2027-03-12T07:00:00','2027-12-30T07:00:00','2028-01-12T07:00:00','2027-12-30T07:00:00','2028-01-12T07:00:00','P0Y0M0D','P0Y0M0D',.T.,$,$,$,$,$,0.00);
#509=IFCTASK('P$FpRbh1ANBFXbiHOx6jgj',#6,'Fire alarm & evacuation system, car park',$,$,'8.6',$,$,$,.F.,$,#508,.INSTALLATION.);
#510=IFCTASKTIME('EV charging infrastructure Time',.PREDICTED.,$,.WORKTIME.,'P0Y0M10D','2027-03-01T07:00:00','2027-03-12T07:00:00','2028-01-13T07:00:00','2028-01-26T07:00:00','2028-01-13T07:00:00','2028-01-26T07:00:00','P0Y0M0D','P0Y0M0D',.T.,$,$,$,$,$,0.00);
#511=IFCTASK('LzfbqRB$qPSJoBIVMnfZ3B',#6,'EV charging infrastructure',$,$,'8.7',$,$,$,.F.,$,#510,.INSTALLATION.);
#512=IFCTASKTIME('Floor coating & line marking, car park Time',.PREDICTED.,$,.WORKTIME.,'P0Y0M14D','2027-03-01T07:00:00','2027-03-18T07:00:00','2028-01-27T07:00:00','2028-02-15T07:00:00','2028-01-27T07:00:00','2028-02-15T07:00:00','P0Y0M0D','P0Y0M0D',.T.,$,$,$,$,$,0.00);
#513=IFCTASK('mtyB5FZ$6nK3dH3HUdi5d7',#6,'Floor coating & line marking, car park',$,$,'8.8',$,$,$,.F.,$,#512,.CONSTRUCTION.);
#514=IFCTASKTIME('Access control, barriers & parking management system Time',.PREDICTED.,$,.WORKTIME.,'P0Y0M10D','2027-03-01T07:00:00','2027-03-12T07:00:00','2028-02-16T07:00:00','2028-02-29T07:00:00','2028-02-16T07:00:00','2028-02-29T07:00:00','P0Y0M0D','P0Y0M0D',.T.,$,$,$,$,$,0.00);
#515=IFCTASK('8pF5cjg1E5Nx7j71dL8$sZ',#6,'Access control, barriers & parking management system',$,$,'8.9',$,$,$,.F.,$,#514,.INSTALLATION.);
#516=IFCTASKTIME('Commission & test car park services Time',.PREDICTED.,$,.WORKTIME.,'P0Y0M12D','2027-03-01T07:00:00','2027-03-16T07:00:00','2028-03-01T07:00:00','2028-03-16T07:00:00','2028-03-01T07:00:00','2028-03-16T07:00:00','P0Y0M0D','P0Y0M0D',.T.,$,$,$,$,$,0.00);
#517=IFCTASK('BNcj$ZOP$NDPOP6$iVB16X',#6,'Commission & test car park services',$,$,'8.10',$,$,$,.F.,$,#516,.INSTALLATION.);
#518=IFCTASKTIME('Car park safety inspection Time',.PREDICTED.,$,.WORKTIME.,'P0Y0M0D','2027-03-01T07:00:00','2027-03-01T07:00:00','2028-03-16T07:00:00','2028-03-16T07:00:00','2028-03-16T07:00:00','2028-03-16T07:00:00','P0Y0M0D','P0Y0M0D',.T.,$,$,$,$,$,0.00);
#519=IFCTASK('MdWNmfuPxRx1GL2n7$nZZ5',#6,'Car park safety inspection','Closes out the car park fit-out stream — the second critical chain in this project, independent of the towers.',$,'8.11',$,$,$,.T.,$,#518,.CONSTRUCTION.);
#520=IFCTASKTIME('Construct new main access road Time',.PREDICTED.,$,.WORKTIME.,'P0Y0M4D','2027-03-01T07:00:00','2027-03-04T07:00:00','2028-03-17T07:00:00','2028-03-22T07:00:00','2028-03-17T07:00:00','2028-03-22T07:00:00','P0Y0M0D','P0Y0M0D',.T.,$,$,$,$,$,0.00);
#521=IFCTASK('pvMdpFSH5xXzVxO$$TqRtp',#6,'Construct new main access road',$,$,'8.12',$,$,$,.F.,$,#520,.CONSTRUCTION.);
#522=IFCTASKTIME('New main access road in use Time',.PREDICTED.,$,.WORKTIME.,'P0Y0M0D','2027-03-01T07:00:00','2027-03-01T07:00:00','2028-03-23T07:00:00','2028-03-23T07:00:00','2028-03-23T07:00:00','2028-03-23T07:00:00','P0Y0M0D','P0Y0M0D',.T.,$,$,$,$,$,0.00);
#523=IFCTASK('lfGdFFjVR1NZJVf$I$Z98b',#6,'New main access road in use',$,$,'8.13',$,$,$,.T.,$,#522,.CONSTRUCTION.);
#524=IFCTASKTIME('Break up temporary site road Time',.PREDICTED.,$,.WORKTIME.,'P0Y0M3D','2027-03-01T07:00:00','2027-03-03T07:00:00','2028-03-21T07:00:00','2028-03-23T07:00:00','2028-04-20T07:00:00','2028-04-24T07:00:00','P0Y0M20D','P0Y0M20D',.F.,$,$,$,$,$,0.00);
#525=IFCTASK('F7cfKhz$WRTPGrM$ZZSBKj',#6,'Break up temporary site road',$,$,'8.14',$,$,$,.F.,$,#524,.LOGISTIC.);
#526=IFCTASKTIME('Site sewer connection, main building Time',.PREDICTED.,$,.WORKTIME.,'P0Y0M4D','2027-03-01T07:00:00','2027-03-04T07:00:00','2028-03-23T07:00:00','2028-03-28T07:00:00','2028-03-23T07:00:00','2028-03-28T07:00:00','P0Y0M0D','P0Y0M0D',.T.,$,$,$,$,$,0.00);
#527=IFCTASK('2nhH37XPVv51OVRFaRl3Bz',#6,'Site sewer connection, main building',$,$,'8.15',$,$,$,.F.,$,#526,.CONSTRUCTION.);
#528=IFCTASKTIME('Car park paving Time',.PREDICTED.,$,.WORKTIME.,'P0Y0M6D','2027-03-01T07:00:00','2027-03-08T07:00:00','2028-03-29T07:00:00','2028-04-05T07:00:00','2028-03-29T07:00:00','2028-04-05T07:00:00','P0Y0M0D','P0Y0M0D',.T.,$,$,$,$,$,0.00);
#529=IFCTASK('3pMd5BffOdV3l3XXEJAtup',#6,'Car park paving',$,$,'8.16',$,$,$,.F.,$,#528,.CONSTRUCTION.);
#530=IFCTASKTIME('Install outdoor bicycle shelter Time',.PREDICTED.,$,.WORKTIME.,'P0Y0M3D','2027-03-01T07:00:00','2027-03-03T07:00:00','2028-04-06T07:00:00','2028-04-10T07:00:00','2028-04-20T07:00:00','2028-04-24T07:00:00','P0Y0M8D','P0Y0M8D',.F.,$,$,$,$,$,0.00);
#531=IFCTASK('_ltp$dYnkr7Dapf$rNgT3L',#6,'Install outdoor bicycle shelter',$,$,'8.17',$,$,$,.F.,$,#530,.CONSTRUCTION.);
#532=IFCTASKTIME('Install landscaping, main site Time',.PREDICTED.,$,.WORKTIME.,'P0Y0M5D','2027-03-01T07:00:00','2027-03-05T07:00:00','2028-04-06T07:00:00','2028-04-12T07:00:00','2028-04-06T07:00:00','2028-04-12T07:00:00','P0Y0M0D','P0Y0M0D',.T.,$,$,$,$,$,0.00);
#533=IFCTASK('tt_V8hiVLjM3JpBH7x_Byd',#6,'Install landscaping, main site',$,$,'8.18',$,$,$,.F.,$,#532,.CONSTRUCTION.);
#534=IFCTASKTIME('Install external lighting Time',.PREDICTED.,$,.WORKTIME.,'P0Y0M3D','2027-03-01T07:00:00','2027-03-03T07:00:00','2028-04-13T07:00:00','2028-04-19T07:00:00','2028-04-13T07:00:00','2028-04-19T07:00:00','P0Y0M0D','P0Y0M0D',.T.,$,$,$,$,$,0.00);
#535=IFCTASK('idm7h9a$g7RVcZN$VlXD4L',#6,'Install external lighting',$,$,'8.19',$,$,$,.F.,$,#534,.INSTALLATION.);
#536=IFCTASKTIME('Install boundary fencing Time',.PREDICTED.,$,.WORKTIME.,'P0Y0M2D','2027-03-01T07:00:00','2027-03-02T07:00:00','2028-04-20T07:00:00','2028-04-21T07:00:00','2028-04-20T07:00:00','2028-04-21T07:00:00','P0Y0M0D','P0Y0M0D',.T.,$,$,$,$,$,0.00);
#537=IFCTASK('yFVLDHePXvBFLfSndlb$ER',#6,'Install boundary fencing',$,$,'8.20',$,$,$,.F.,$,#536,.CONSTRUCTION.);
#538=IFCTASKTIME('Mark out parking bays Time',.PREDICTED.,$,.WORKTIME.,'P0Y0M1D','2027-03-01T07:00:00','2027-03-01T07:00:00','2028-04-24T07:00:00','2028-04-24T07:00:00','2028-04-24T07:00:00','2028-04-24T07:00:00','P0Y0M0D','P0Y0M0D',.T.,$,$,$,$,$,0.00);
#539=IFCTASK('T$fR8JxXHVsHNRmVCzuFDp',#6,'Mark out parking bays',$,$,'8.21',$,$,$,.F.,$,#538,.CONSTRUCTION.);
#540=IFCTASKTIME('Site handover — final inspection Time',.PREDICTED.,$,.WORKTIME.,'P0Y0M0D','2027-03-01T07:00:00','2027-03-01T07:00:00','2028-04-24T07:00:00','2028-04-24T07:00:00','2028-04-24T07:00:00','2028-04-24T07:00:00','P0Y0M0D','P0Y0M0D',.T.,$,$,$,$,$,0.00);
#541=IFCTASK('YZe$6vE9nT6jUTRHYd4TFR',#6,'Site handover — final inspection',$,$,'8.22',$,$,$,.T.,$,#540,.CONSTRUCTION.);
#542=IFCTASKTIME('8. Handover Time',.PREDICTED.,$,.WORKTIME.,'P0Y0M5D','2027-03-01T07:00:00','2027-03-05T07:00:00','2028-04-25T07:00:00','2028-05-09T07:00:00','2028-04-25T07:00:00','2028-05-09T07:00:00','P0Y0M0D','P0Y0M0D',.T.,$,$,$,$,$,0.00);
#543=IFCTASK('Q5ibaFS1onvh6ppFN9YnNX',#6,'8. Handover',$,$,'9',$,$,$,.F.,$,#542,.ATTENDANCE.);
#544=IFCTASKTIME('Handover inspection — Tower A Time',.PREDICTED.,$,.WORKTIME.,'P0Y0M0D','2027-03-01T07:00:00','2027-03-01T07:00:00','2028-05-09T07:00:00','2028-05-09T07:00:00','2028-05-09T07:00:00','2028-05-09T07:00:00','P0Y0M0D','P0Y0M0D',.T.,$,$,$,$,$,0.00);
#545=IFCTASK('pvoFlx$PnTkL6prH5Hzf_X',#6,'Handover inspection — Tower A','Contractual handover of Tower A to the owners'' association/residents — an independent end point (no shared final milestone with the other towers).',$,'9.1',$,$,$,.T.,$,#544,.CONSTRUCTION.);
#546=IFCTASKTIME('Handover inspection — Tower B Time',.PREDICTED.,$,.WORKTIME.,'P0Y0M0D','2027-03-01T07:00:00','2027-03-01T07:00:00','2028-05-09T07:00:00','2028-05-09T07:00:00','2028-05-09T07:00:00','2028-05-09T07:00:00','P0Y0M0D','P0Y0M0D',.T.,$,$,$,$,$,0.00);
#547=IFCTASK('yJQjNH0tBTypWjFXZ3WdJz',#6,'Handover inspection — Tower B','Contractual handover of Tower B to the owners'' association/residents — an independent end point (no shared final milestone with the other towers).',$,'9.2',$,$,$,.T.,$,#546,.CONSTRUCTION.);
#548=IFCTASKTIME('Handover inspection — Tower C Time',.PREDICTED.,$,.WORKTIME.,'P0Y0M0D','2027-03-01T07:00:00','2027-03-01T07:00:00','2028-05-03T07:00:00','2028-05-03T07:00:00','2028-05-09T07:00:00','2028-05-09T07:00:00','P0Y0M3D','P0Y0M3D',.F.,$,$,$,$,$,0.00);
#549=IFCTASK('$HtDJX_FKp8NnPA$dF9375',#6,'Handover inspection — Tower C','Contractual handover of Tower C to the owners'' association/residents — an independent end point (no shared final milestone with the other towers).',$,'9.3',$,$,$,.T.,$,#548,.CONSTRUCTION.);
#550=IFCTASKTIME('Documentation handover (as-built drawings) Time',.PREDICTED.,$,.WORKTIME.,'P0Y0M3D','2027-03-01T07:00:00','2027-03-03T07:00:00','2028-04-25T07:00:00','2028-04-28T07:00:00','2028-04-25T07:00:00','2028-04-28T07:00:00','P0Y0M0D','P0Y0M0D',.T.,$,$,$,$,$,0.00);
#551=IFCTASK('gPGvdNnPhpovs7AHGH7bfz',#6,'Documentation handover (as-built drawings)',$,$,'9.4',$,$,$,.F.,$,#550,.ATTENDANCE.);
#552=IFCTASKTIME('Key handover to the building manager Time',.PREDICTED.,$,.WORKTIME.,'P0Y0M2D','2027-03-01T07:00:00','2027-03-02T07:00:00','2028-05-04T07:00:00','2028-05-08T07:00:00','2028-05-04T07:00:00','2028-05-08T07:00:00','P0Y0M0D','P0Y0M0D',.T.,$,$,$,$,$,0.00);
#553=IFCTASK('6HjP9ZPtFHG$O$VV8h8$6b',#6,'Key handover to the building manager',$,$,'9.5',$,$,$,.F.,$,#552,.ATTENDANCE.);
#554=IFCTASKTIME('Final cleaning of communal areas, building Time',.PREDICTED.,$,.WORKTIME.,'P0Y0M3D','2027-03-01T07:00:00','2027-03-03T07:00:00','2028-05-01T07:00:00','2028-05-03T07:00:00','2028-05-01T07:00:00','2028-05-03T07:00:00','P0Y0M0D','P0Y0M0D',.T.,$,$,$,$,$,0.00);
#555=IFCTASK('o7MP$P6VpPX3FDN$T3el3d',#6,'Final cleaning of communal areas, building',$,$,'9.6',$,$,$,.F.,$,#554,.LOGISTIC.);
#556=IFCTASKTIME('Project administration & contractual close-out Time',.PREDICTED.,$,.WORKTIME.,'P0Y0M0D','2027-03-01T07:00:00','2027-03-01T07:00:00','2028-05-08T07:00:00','2028-05-08T07:00:00','2028-05-08T07:00:00','2028-05-08T07:00:00','P0Y0M0D','P0Y0M0D',.T.,$,$,$,$,$,0.00);
#557=IFCTASK('6hk5U9DVx57hA5alXpAzPh',#6,'Project administration & contractual close-out','Contractual/administrative close-out (as-built dossier, handover to the building manager) — runs in parallel from site handover onwards, not gated by the towers (see phase notes).',$,'9.7',$,$,$,.T.,$,#556,.CONSTRUCTION.);
#558=IFCTASKTIME('Aftercare period started Time',.PREDICTED.,$,.WORKTIME.,'P0Y0M0D','2027-03-01T07:00:00','2027-03-01T07:00:00','2028-05-09T07:00:00','2028-05-09T07:00:00','2028-05-09T07:00:00','2028-05-09T07:00:00','P0Y0M0D','P0Y0M0D',.T.,$,$,$,$,$,0.00);
#559=IFCTASK('lbDdFl$vMdvLYfilexwJkh',#6,'Aftercare period started',$,$,'9.8',$,$,$,.T.,$,#558,.CONSTRUCTION.);
#560=IFCTASKTIME('Start maintenance contract for building services Time',.PREDICTED.,$,.WORKTIME.,'P0Y0M1D','2027-03-01T07:00:00','2027-03-01T07:00:00','2028-05-09T07:00:00','2028-05-09T07:00:00','2028-05-09T07:00:00','2028-05-09T07:00:00','P0Y0M0D','P0Y0M0D',.T.,$,$,$,$,$,0.00);
#561=IFCTASK('p7on13CVXd7Lsb81lvOX47',#6,'Start maintenance contract for building services',$,$,'9.9',$,$,$,.F.,$,#560,.ATTENDANCE.);
#562=IFCTASKTIME('Variation: additional basement storage units Time',.PREDICTED.,$,.WORKTIME.,'P0Y0M6D','2027-03-01T07:00:00','2027-03-08T07:00:00','2027-07-05T07:00:00','2027-07-12T07:00:00','2028-04-26T07:00:00','2028-05-04T07:00:00','P0Y0M64D','P0Y0M195D',.F.,$,$,$,$,$,0.00);
#563=IFCTASK('I5FpHVZHfFX3b1nXZz07LD',#6,'Variation: additional basement storage units','Variation order issued after the contract baseline: additional storage units in the basement.',$,'3.25',$,$,$,.F.,$,#562,.CONSTRUCTION.);
#564=IFCRELNESTS('1FZNCd5Vl$EradoXmFztSt',#6,'WBS 1. Preparation & site clearance',$,#47,( #49,#51,#53,#55,#57,#59,#61,#63));
#565=IFCRELNESTS('$H$BrPcVb19zXRaHpdixzL',#6,'WBS 2. Foundations & basement/car park',$,#65,( #67,#69,#71,#73,#75,#77,#79,#81,#83,#85,#87,#89,#91,#93,#95,#97,#99,#101,#103,#105,#107,#109,#111,#113,#563));
#566=IFCRELNESTS('Z1dLPbA$OF4DqrQ$2toVOr',#6,'WBS 3. Structural works, towers A/B/C (parallel)',$,#115,( #117,#119,#177,#235,#295));
#567=IFCRELNESTS('bX5FfFylFHed8ld1NfQpuR',#6,'WBS Structural works — Tower A',$,#119,( #121,#123,#125,#127,#129,#131,#133,#135,#137,#139,#141,#143,#145,#147,#149,#151,#153,#155,#157,#159,#161,#163,#165,#167,#169,#171,#173,#175,#293));
#568=IFCRELNESTS('l94ZKBtfEFvhsbWXLTT9GH',#6,'WBS Structural works — Tower B',$,#177,( #179,#181,#183,#185,#187,#189,#191,#193,#195,#197,#199,#201,#203,#205,#207,#209,#211,#213,#215,#217,#219,#221,#223,#225,#227,#229,#231,#233));
#569=IFCRELNESTS('VZO$Y9rldDIdqFHVHL7p0f',#6,'WBS Structural works — Tower C',$,#235,( #237,#239,#241,#243,#245,#247,#249,#251,#253,#255,#257,#259,#261,#263,#265,#267,#269,#271,#273,#275,#277,#279,#281,#283,#285,#287,#289,#291));
#570=IFCRELNESTS('rjJPxhLlFz_t7XFVbV3ta9',#6,'WBS 4. Facade & roof',$,#297,( #299,#319,#339,#359,#361));
#571=IFCRELNESTS('hZztQpk9ZJ4hg9SH5BKJkB',#6,'WBS Facade & roof — Tower A',$,#299,( #301,#303,#305,#307,#309,#311,#313,#315,#317));
#572=IFCRELNESTS('$HlR0nxn8NR$un5lexsz5L',#6,'WBS Facade & roof — Tower B',$,#319,( #321,#323,#325,#327,#329,#331,#333,#335,#337));
#573=IFCRELNESTS('idO1YRkljhvDSvEFsXDdJ3',#6,'WBS Facade & roof — Tower C',$,#339,( #341,#343,#345,#347,#349,#351,#353,#355,#357));
#574=IFCRELNESTS('Q5C5cJ_Fu1QpaP2XFR1JMN',#6,'WBS 5. Building services (MEP)',$,#363,( #365,#367,#369,#371,#373,#391,#409));
#575=IFCRELNESTS('W$1ZqRr$iJyLEhcl1V15pp',#6,'WBS Building services — Tower A',$,#373,( #375,#377,#379,#381,#383,#385,#387,#389));
#576=IFCRELNESTS('fznpTNFdfHLl$1f175gZpp',#6,'WBS Building services — Tower B',$,#391,( #393,#395,#397,#399,#401,#403,#405,#407));
#577=IFCRELNESTS('xlz92rW9bXhlrDlXdnXbll',#6,'WBS Building services — Tower C',$,#409,( #411,#413,#415,#417,#419,#421,#423,#425));
#578=IFCRELNESTS('DLrFRXr$Ov5$CBUV$X15Lt',#6,'WBS 6. Fit-out',$,#427,( #429,#447,#465,#483,#485,#487,#489,#491,#493,#495));
#579=IFCRELNESTS('4F9pDlWtB9QpKRaHlhtzNT',#6,'WBS Fit-out — Tower A',$,#429,( #431,#433,#435,#437,#439,#441,#443,#445));
#580=IFCRELNESTS('_JobWVB$itkhwjf$kzWd5F',#6,'WBS Fit-out — Tower B',$,#447,( #449,#451,#453,#455,#457,#459,#461,#463));
#581=IFCRELNESTS('upFxgXbXNFHJMrA1zlfh_T',#6,'WBS Fit-out — Tower C',$,#465,( #467,#469,#471,#473,#475,#477,#479,#481));
#582=IFCRELNESTS('1DcN4167ALnLohQlxHb$MJ',#6,'WBS 7. Car park & site works',$,#497,( #499,#501,#503,#505,#507,#509,#511,#513,#515,#517,#519,#521,#523,#525,#527,#529,#531,#533,#535,#537,#539,#541));
#583=IFCRELNESTS('1FR1_7tfmTC5NRe1R5UhcL',#6,'WBS 8. Handover',$,#543,( #545,#547,#549,#551,#553,#555,#557,#559,#561));
#584=IFCRELNESTS('tjjP5r1vgdnD4TBHzDgTrv',#6,'WBS Hoofd',$,#40,(#45,#47,#65,#115,#297,#363,#427,#497,#543));
#585=IFCRELSEQUENCE('ivqDxh3$yRZPSDXX0PyLMJ',#6,$,$,#45,#49,$,.FINISH_START.,$);
#586=IFCRELSEQUENCE('fdWNeZfNC3cXIHlVhZTt4r',#6,$,$,#45,#53,$,.FINISH_START.,$);
#587=IFCRELSEQUENCE('MPmvv7VPPjsTlfCnWtwPlL',#6,$,$,#49,#51,$,.FINISH_START.,$);
#588=IFCRELSEQUENCE('pPwpdxo9fHrFp3DHrpTfQh',#6,$,$,#51,#55,$,.FINISH_START.,$);
#589=IFCRELSEQUENCE('f3dL7haHt$15xRaH5LuFtH',#6,$,$,#53,#55,$,.FINISH_START.,$);
#590=IFCRELSEQUENCE('dR8FNl0tfFFpedA13HdxX3',#6,$,$,#55,#57,$,.FINISH_START.,$);
#591=IFCRELSEQUENCE('3DU$Qt4lPjwJkFTnczHBSf',#6,$,$,#57,#59,$,.FINISH_START.,$);
#592=IFCRELSEQUENCE('uDVhdb6XbhZ9t9yF75YLot',#6,$,$,#59,#61,$,.FINISH_START.,$);
#593=IFCRELSEQUENCE('S1NRSlGfA9tzhfSnF5ztyr',#6,$,$,#61,#63,$,.FINISH_START.,$);
#594=IFCRELSEQUENCE('n7_VGfu7cVAHXHf1oHXD0N',#6,$,$,#63,#67,$,.FINISH_START.,$);
#595=IFCRELSEQUENCE('sN6p7LSHZXIP03LnBDpdV3',#6,$,$,#67,#69,$,.FINISH_START.,$);
#596=IFCRELSEQUENCE('sJTfe5c70rvp8N4FxHR1IB',#6,$,$,#69,#71,$,.FINISH_START.,$);
#597=IFCRELSEQUENCE('3JMz2B8djtVR1B2XxBCbBz',#6,$,$,#71,#73,$,.FINISH_START.,$);
#598=IFCRELSEQUENCE('SZOlvBW9H1orCFVXGVdJ_3',#6,$,$,#73,#75,$,.FINISH_START.,$);
#599=IFCRELSEQUENCE('_J2rFLJVNxXzHzlX5rqb37',#6,$,$,#75,#77,$,.FINISH_START.,$);
#600=IFCRELSEQUENCE('GdIxMVzHR1tzr7MHgra3v5',#6,$,$,#77,#79,$,.FINISH_START.,$);
#601=IFCRELSEQUENCE('st2X4ZOveFyp8NqnW9UnVZ',#6,$,$,#79,#81,$,.FINISH_START.,$);
#602=IFCRELSEQUENCE('8pXLFnpX3le9V5mX0PK5Lt',#6,$,$,#81,#83,$,.FINISH_START.,$);
#603=IFCRELSEQUENCE('1JobW1tfmTizTB2VvXbFlB',#6,$,$,#73,#85,$,.FINISH_START.,$);
#604=IFCRELSEQUENCE('ZVxFZxwvQ1Ux5RinsbQvBZ',#6,$,$,#85,#87,$,.FINISH_START.,$);
#605=IFCRELSEQUENCE('hPWfq7lv4lpt$rkXc74T9H',#6,$,$,#87,#89,$,.FINISH_START.,$);
#606=IFCRELSEQUENCE('K5X3sLJV7zGXAdkX6jVp8j',#6,$,$,#89,#91,$,.FINISH_START.,$);
#607=IFCRELSEQUENCE('kbL1wds$mjkhkRSHLTBnhf',#6,$,$,#91,#93,$,.FINISH_START.,$);
#608=IFCRELSEQUENCE('5nlRur09rzetD3pl3F39uJ',#6,$,$,#73,#95,$,.FINISH_START.,$);
#609=IFCRELSEQUENCE('QVZNSJM$6TwJcnFV7xI5T5',#6,$,$,#95,#97,$,.FINISH_START.,$);
#610=IFCRELSEQUENCE('3pwtwz4$uXUfHNSHdHxX4B',#6,$,$,#97,#99,$,.FINISH_START.,$);
#611=IFCRELSEQUENCE('PVbHLJQXJLXRjpjFj5hVKX',#6,$,$,#99,#101,$,.FINISH_START.,$);
#612=IFCRELSEQUENCE('9NwpBz4HjBb$aP2V13unjZ',#6,$,$,#101,#103,$,.FINISH_START.,$);
#613=IFCRELSEQUENCE('exSh3779brnhAxKlG$LlnV',#6,$,$,#83,#105,$,.FINISH_START.,$);
#614=IFCRELSEQUENCE('Px4BdN79T1U5NRmXIVlB4r',#6,$,$,#93,#105,$,.FINISH_START.,$);
#615=IFCRELSEQUENCE('fvazcfW9TpOtb1lVN9YnHL',#6,$,$,#103,#105,$,.FINISH_START.,$);
#616=IFCRELSEQUENCE('HtS3YRM1_9_bxnDFBjXDqT',#6,$,$,#105,#107,$,.FINISH_START.,$);
#617=IFCRELSEQUENCE('iRJvbXr$CZsZDlrnNpZNYp',#6,$,$,#107,#109,$,.FINISH_START.,$);
#618=IFCRELSEQUENCE('NdO$g1XP$97D4ZpnXjk1sd',#6,$,$,#109,#111,$,.FINISH_START.,$);
#619=IFCRELSEQUENCE('b17BL94lBt_bBdoXWtoXip',#6,$,$,#111,#113,$,.FINISH_START.,$);
#620=IFCRELSEQUENCE('_jMzEVQXpbD9NvInKXRFtl',#6,$,$,#113,#117,$,.FINISH_START.,$);
#621=IFCRELSEQUENCE('FhjdbRpngdlJE11VoDMZFb',#6,$,$,#117,#121,$,.FINISH_START.,$);
#622=IFCRELSEQUENCE('$HFxshhlZ1oBGhMlYrj7R5',#6,$,$,#83,#121,$,.FINISH_START.,$);
#623=IFCRELSEQUENCE('b$X3YNndPdqxDFP1yduFVZ',#6,$,$,#121,#123,$,.FINISH_START.,$);
#624=IFCLAGTIME('Lag',.PREDICTED.,$,IFCDURATION('P2D'),.WORKTIME.);
#625=IFCRELSEQUENCE('q9Y1QD2NI$Xbb$FVbXJ7JX',#6,$,$,#123,#125,#624,.START_START.,$);
#626=IFCRELSEQUENCE('fTL$cpsdDx7Lg9aFtdOVuD',#6,$,$,#125,#127,$,.FINISH_START.,$);
#627=IFCLAGTIME('Lag',.PREDICTED.,$,IFCDURATION('P2D'),.WORKTIME.);
#628=IFCRELSEQUENCE('ADVhX9CXXdFDWJlVbx6JA3',#6,$,$,#127,#129,#627,.START_START.,$);
#629=IFCRELSEQUENCE('MzX32dDFAhlBSPc$c7CR7b',#6,$,$,#129,#131,$,.FINISH_START.,$);
#630=IFCLAGTIME('Lag',.PREDICTED.,$,IFCDURATION('P2D'),.WORKTIME.);
#631=IFCRELSEQUENCE('pv_X8B0tzFyDqHhnN9oXCZ',#6,$,$,#131,#133,#630,.START_START.,$);
#632=IFCRELSEQUENCE('VT8FrPg1oxXz9NmXClZtqZ',#6,$,$,#133,#135,$,.FINISH_START.,$);
#633=IFCLAGTIME('Lag',.PREDICTED.,$,IFCDURATION('P2D'),.WORKTIME.);
#634=IFCRELSEQUENCE('OZztM1F72tkLgNmVc7yLsT',#6,$,$,#135,#137,#633,.START_START.,$);
#635=IFCRELSEQUENCE('Dhb$cJM1MRJf9h2nLZjvLD',#6,$,$,#137,#139,$,.FINISH_START.,$);
#636=IFCLAGTIME('Lag',.PREDICTED.,$,IFCDURATION('P2D'),.WORKTIME.);
#637=IFCRELSEQUENCE('6lxX416vER37kRanTV$5BP',#6,$,$,#139,#141,#636,.START_START.,$);
#638=IFCRELSEQUENCE('4H3tM1P9ZjSB4TbHEnJvRb',#6,$,$,#141,#143,$,.FINISH_START.,$);
#639=IFCLAGTIME('Lag',.PREDICTED.,$,IFCDURATION('P2D'),.WORKTIME.);
#640=IFCRELSEQUENCE('1nxXuJbVLJM3zbGXMlDP1j',#6,$,$,#143,#145,#639,.START_START.,$);
#641=IFCRELSEQUENCE('kxFDlX5XPD_tLtu1DB3fwR',#6,$,$,#145,#147,$,.FINISH_START.,$);
#642=IFCLAGTIME('Lag',.PREDICTED.,$,IFCDURATION('P2D'),.WORKTIME.);
#643=IFCRELSEQUENCE('zjI5QJg1YpYfthoFc7azxB',#6,$,$,#147,#149,#642,.START_START.,$);
#644=IFCRELSEQUENCE('ELz9Q9y$uVMFTrUVfjtrax',#6,$,$,#149,#151,$,.FINISH_START.,$);
#645=IFCLAGTIME('Lag',.PREDICTED.,$,IFCDURATION('P2D'),.WORKTIME.);
#646=IFCRELSEQUENCE('xlLlXNuPBTCxJ$5lGXlBi$',#6,$,$,#151,#153,#645,.START_START.,$);
#647=IFCRELSEQUENCE('Gf8XyVUFYPypaDnX7bMNgN',#6,$,$,#153,#155,$,.FINISH_START.,$);
#648=IFCLAGTIME('Lag',.PREDICTED.,$,IFCDURATION('P2D'),.WORKTIME.);
#649=IFCRELSEQUENCE('l9KRuJr14Fljg94HRXZfUj',#6,$,$,#155,#157,#648,.START_START.,$);
#650=IFCRELSEQUENCE('kf09Q9KXvtMzl3nVXnRnr7',#6,$,$,#157,#159,$,.FINISH_START.,$);
#651=IFCLAGTIME('Lag',.PREDICTED.,$,IFCDURATION('P2D'),.WORKTIME.);
#652=IFCRELSEQUENCE('VTuVC7vtVx$T55e$TVt37R',#6,$,$,#159,#161,#651,.START_START.,$);
#653=IFCRELSEQUENCE('L3$ZCbr1m3m1apP$mHNhEx',#6,$,$,#161,#163,$,.FINISH_START.,$);
#654=IFCLAGTIME('Lag',.PREDICTED.,$,IFCDURATION('P2D'),.WORKTIME.);
#655=IFCRELSEQUENCE('fvCpLjIlVvJNDF1Xk1Bnpp',#6,$,$,#163,#165,#654,.START_START.,$);
#656=IFCRELSEQUENCE('gZTNG7k9Xv37_vQlxFNZjT',#6,$,$,#165,#167,$,.FINISH_START.,$);
#657=IFCLAGTIME('Lag',.PREDICTED.,$,IFCDURATION('P2D'),.WORKTIME.);
#658=IFCRELSEQUENCE('HtiRW$fNc1Er4t4FNp5lFV',#6,$,$,#167,#169,#657,.START_START.,$);
#659=IFCRELSEQUENCE('XTGdZtz$mj2bxF3n8ZDPDD',#6,$,$,#121,#171,$,.START_START.,$);
#660=IFCRELSEQUENCE('JxX3UbQXpx1ZhTrHb1trKD',#6,$,$,#169,#173,$,.FINISH_START.,$);
#661=IFCRELSEQUENCE('7LQjHbL$ABzf9Bc$255Htp',#6,$,$,#171,#175,$,.FINISH_START.,$);
#662=IFCRELSEQUENCE('L7iR43incVYftB61uhOlDn',#6,$,$,#173,#175,$,.FINISH_START.,$);
#663=IFCRELSEQUENCE('F7EnpDNNEHRVELknuZR1ot',#6,$,$,#117,#179,$,.FINISH_START.,$);
#664=IFCRELSEQUENCE('YVpPXN8vwnaJoXTlStgNgN',#6,$,$,#93,#179,$,.FINISH_START.,$);
#665=IFCRELSEQUENCE('eZ39E$UN0rVR5lVXoFbFjZ',#6,$,$,#179,#181,$,.FINISH_START.,$);
#666=IFCLAGTIME('Lag',.PREDICTED.,$,IFCDURATION('P2D'),.WORKTIME.);
#667=IFCRELSEQUENCE('MvCD$7_NA9fZFdoVqHhHxr',#6,$,$,#181,#183,#666,.START_START.,$);
#668=IFCRELSEQUENCE('XVh$U9z1KjSJ_JDHBpz9K$',#6,$,$,#183,#185,$,.FINISH_START.,$);
#669=IFCLAGTIME('Lag',.PREDICTED.,$,IFCDURATION('P2D'),.WORKTIME.);
#670=IFCRELSEQUENCE('m94rPfHdrfMFR$P1S9AtS5',#6,$,$,#185,#187,#669,.START_START.,$);
#671=IFCRELSEQUENCE('S1dhz7PtD5VzPn$XQz$xpp',#6,$,$,#187,#189,$,.FINISH_START.,$);
#672=IFCLAGTIME('Lag',.PREDICTED.,$,IFCDURATION('P2D'),.WORKTIME.);
#673=IFCRELSEQUENCE('0lHR43KFwlGVo$1VQP0vxL',#6,$,$,#189,#191,#672,.START_START.,$);
#674=IFCRELSEQUENCE('ZVrV0lP9LdKbLNKlCHBnzB',#6,$,$,#191,#193,$,.FINISH_START.,$);
#675=IFCLAGTIME('Lag',.PREDICTED.,$,IFCDURATION('P2D'),.WORKTIME.);
#676=IFCRELSEQUENCE('ORuX0nDXNFnD0zLnft2l$9',#6,$,$,#193,#195,#675,.START_START.,$);
#677=IFCRELSEQUENCE('Y1nDdRA18VAHH9u$5lpdnb',#6,$,$,#195,#197,$,.FINISH_START.,$);
#678=IFCLAGTIME('Lag',.PREDICTED.,$,IFCDURATION('P2D'),.WORKTIME.);
#679=IFCRELSEQUENCE('6BgdJ1sd7ZKbh90X9Z5Vml',#6,$,$,#197,#199,#678,.START_START.,$);
#680=IFCRELSEQUENCE('SVxFRVTlLjErKbKnwf6JM9',#6,$,$,#199,#201,$,.FINISH_START.,$);
#681=IFCLAGTIME('Lag',.PREDICTED.,$,IFCDURATION('P2D'),.WORKTIME.);
#682=IFCRELSEQUENCE('G7EnLN8vA97D8Ht1eRAtG1',#6,$,$,#201,#203,#681,.START_START.,$);
#683=IFCRELSEQUENCE('lfuVuBGNqzovAv2n97yh_Z',#6,$,$,#203,#205,$,.FINISH_START.,$);
#684=IFCLAGTIME('Lag',.PREDICTED.,$,IFCDURATION('P2D'),.WORKTIME.);
#685=IFCRELSEQUENCE('uBU1MRpnU7etL9WXn5LVSt',#6,$,$,#205,#207,#684,.START_START.,$);
#686=IFCRELSEQUENCE('1jcJLtKXv9cpuNylHv8FVz',#6,$,$,#207,#209,$,.FINISH_START.,$);
#687=IFCLAGTIME('Lag',.PREDICTED.,$,IFCDURATION('P2D'),.WORKTIME.);
#688=IFCRELSEQUENCE('cXZNanCXH1cpyzN1wpxHdL',#6,$,$,#209,#211,#687,.START_START.,$);
#689=IFCRELSEQUENCE('5L6pTNPtV7RXUtGXOpJv5L',#6,$,$,#211,#213,$,.FINISH_START.,$);
#690=IFCLAGTIME('Lag',.PREDICTED.,$,IFCDURATION('P2D'),.WORKTIME.);
#691=IFCRELSEQUENCE('YZmdDFKnE5vhwjFXLP07RR',#6,$,$,#213,#215,#690,.START_START.,$);
#692=IFCRELSEQUENCE('eTxn9$MPn3o76jP$ZXFLsz',#6,$,$,#215,#217,$,.FINISH_START.,$);
#693=IFCLAGTIME('Lag',.PREDICTED.,$,IFCDURATION('P2D'),.WORKTIME.);
#694=IFCRELSEQUENCE('kx95Y5Q7CTYxjXnXFtAt4r',#6,$,$,#217,#219,#693,.START_START.,$);
#695=IFCRELSEQUENCE('EPI5M$tf0BVR35anJ9EXGX',#6,$,$,#219,#221,$,.FINISH_START.,$);
#696=IFCLAGTIME('Lag',.PREDICTED.,$,IFCDURATION('P2D'),.WORKTIME.);
#697=IFCRELSEQUENCE('XZOH$dcVzToBOXxFoFbnzh',#6,$,$,#221,#223,#696,.START_START.,$);
#698=IFCRELSEQUENCE('S1ljrvMPTVQV_Ps$LTZ90f',#6,$,$,#223,#225,$,.FINISH_START.,$);
#699=IFCLAGTIME('Lag',.PREDICTED.,$,IFCDURATION('P2D'),.WORKTIME.);
#700=IFCRELSEQUENCE('NPGPzvtf0BHBWpDFJNk5B7',#6,$,$,#225,#227,#699,.START_START.,$);
#701=IFCRELSEQUENCE('2J2rl5tfGZyLsb0VHPKjUD',#6,$,$,#179,#229,$,.START_START.,$);
#702=IFCRELSEQUENCE('s9s79XEHpPHj_jZHWtA9St',#6,$,$,#227,#231,$,.FINISH_START.,$);
#703=IFCRELSEQUENCE('U$lj$34l3zAlZN0Xxlrndd',#6,$,$,#229,#233,$,.FINISH_START.,$);
#704=IFCRELSEQUENCE('T3iRuhiFQX61OXbne5YhQl',#6,$,$,#231,#233,$,.FINISH_START.,$);
#705=IFCRELSEQUENCE('2HXLDFKn6Z_RxlP$RxERTt',#6,$,$,#117,#237,$,.FINISH_START.,$);
#706=IFCRELSEQUENCE('fPOl$PwXdPyLQZ$XgrqR1t',#6,$,$,#103,#237,$,.FINISH_START.,$);
#707=IFCRELSEQUENCE('yDw9M11dDdtRtNu$$$Z9mn',#6,$,$,#237,#239,$,.FINISH_START.,$);
#708=IFCLAGTIME('Lag',.PREDICTED.,$,IFCDURATION('P2D'),.WORKTIME.);
#709=IFCRELSEQUENCE('qN2BvPDFMR37AvEncvaraR',#6,$,$,#239,#241,#708,.START_START.,$);
#710=IFCRELSEQUENCE('EhD7dtZ1AtPjAb0VdhGtOh',#6,$,$,#241,#243,$,.FINISH_START.,$);
#711=IFCLAGTIME('Lag',.PREDICTED.,$,IFCDURATION('P2D'),.WORKTIME.);
#712=IFCRELSEQUENCE('RVj7LNuPNlBFbVpHf9I1Eb',#6,$,$,#243,#245,#711,.START_START.,$);
#713=IFCRELSEQUENCE('oLhHrZGNUvmVQn1Vw9s9S5',#6,$,$,#245,#247,$,.FINISH_START.,$);
#714=IFCLAGTIME('Lag',.PREDICTED.,$,IFCDURATION('P2D'),.WORKTIME.);
#715=IFCRELSEQUENCE('1pcNGPs145tRXRqFmV7pCz',#6,$,$,#247,#249,#714,.START_START.,$);
#716=IFCRELSEQUENCE('lRZfK95FKtQDe72nTVXR9j',#6,$,$,#249,#251,$,.FINISH_START.,$);
#717=IFCLAGTIME('Lag',.PREDICTED.,$,IFCDURATION('P2D'),.WORKTIME.);
#718=IFCRELSEQUENCE('LTRll1lvmZKRnD$XkTqp4L',#6,$,$,#251,#253,#717,.START_START.,$);
#719=IFCRELSEQUENCE('Q11TORIl$t1xl9e1b5cDGV',#6,$,$,#253,#255,$,.FINISH_START.,$);
#720=IFCLAGTIME('Lag',.PREDICTED.,$,IFCDURATION('P2D'),.WORKTIME.);
#721=IFCRELSEQUENCE('c5qp1vItXPvLoLAl0PyL_Z',#6,$,$,#255,#257,#720,.START_START.,$);
#722=IFCRELSEQUENCE('p7klfD$PrzWHf5qn4dun1j',#6,$,$,#257,#259,$,.FINISH_START.,$);
#723=IFCLAGTIME('Lag',.PREDICTED.,$,IFCDURATION('P2D'),.WORKTIME.);
#724=IFCRELSEQUENCE('hTjvVjkHrN6$iRCloHXpax',#6,$,$,#259,#261,#723,.START_START.,$);
#725=IFCRELSEQUENCE('qLrFzhiFMxHjIxmVGHtB8p',#6,$,$,#261,#263,$,.FINISH_START.,$);
#726=IFCLAGTIME('Lag',.PREDICTED.,$,IFCDURATION('P2D'),.WORKTIME.);
#727=IFCRELSEQUENCE('VTeljX6VzFizFpP$m1jvhJ',#6,$,$,#263,#265,#726,.START_START.,$);
#728=IFCRELSEQUENCE('HtyTSDwv2f2tbVLnzHH3Dl',#6,$,$,#265,#267,$,.FINISH_START.,$);
#729=IFCLAGTIME('Lag',.PREDICTED.,$,IFCDURATION('P2D'),.WORKTIME.);
#730=IFCRELSEQUENCE('kf0twvQvW5ljA5SnLzVR3v',#6,$,$,#267,#269,#729,.START_START.,$);
#731=IFCRELSEQUENCE('j9KR8hCnevDthtu1bV5H9j',#6,$,$,#269,#271,$,.FINISH_START.,$);
#732=IFCLAGTIME('Lag',.PREDICTED.,$,IFCDURATION('P2D'),.WORKTIME.);
#733=IFCRELSEQUENCE('mNWfWVB$GpQXYTrHr92ldr',#6,$,$,#271,#273,#732,.START_START.,$);
#734=IFCRELSEQUENCE('vBw9InKnoRjfT9qF8zt3pH',#6,$,$,#273,#275,$,.FINISH_START.,$);
#735=IFCLAGTIME('Lag',.PREDICTED.,$,IFCDURATION('P2D'),.WORKTIME.);
#736=IFCRELSEQUENCE('wrAv91gdlD87Mfu1UBR$_1',#6,$,$,#275,#277,#735,.START_START.,$);
#737=IFCRELSEQUENCE('NZxnRVxVxHDtz54FpB5VCz',#6,$,$,#277,#279,$,.FINISH_START.,$);
#738=IFCLAGTIME('Lag',.PREDICTED.,$,IFCDURATION('P2D'),.WORKTIME.);
#739=IFCRELSEQUENCE('yFHb0npVRBlBWj9$Wf2B4L',#6,$,$,#279,#281,#738,.START_START.,$);
#740=IFCRELSEQUENCE('uLgzEVkHfx1Z3vsHipERxB',#6,$,$,#281,#283,$,.FINISH_START.,$);
#741=IFCLAGTIME('Lag',.PREDICTED.,$,IFCDURATION('P2D'),.WORKTIME.);
#742=IFCRELSEQUENCE('_J_BbVbXD7bVMBoXS5JvXP',#6,$,$,#283,#285,#741,.START_START.,$);
#743=IFCRELSEQUENCE('mtiJzh4$8$Mzv$DnlhlB47',#6,$,$,#237,#287,$,.START_START.,$);
#744=IFCRELSEQUENCE('q9U1sh5FyHhlrp91Nt6PDJ',#6,$,$,#285,#289,$,.FINISH_START.,$);
#745=IFCRELSEQUENCE('rJJPtzpVZVMF715lODJ7J1',#6,$,$,#287,#291,$,.FINISH_START.,$);
#746=IFCRELSEQUENCE('uJR12LSHpvBFrPYXbXB$kv',#6,$,$,#289,#291,$,.FINISH_START.,$);
#747=IFCRELSEQUENCE('tpVL1dIl$N3f5byHVnRFR$',#6,$,$,#121,#293,$,.START_START.,$);
#748=IFCRELSEQUENCE('qrfjfl8vcpGX_DVX0d4h_T',#6,$,$,#173,#293,$,.FINISH_FINISH.,$);
#749=IFCRELSEQUENCE('D7U1w7UfSLXRdlTHSbXDab',#6,$,$,#175,#295,$,.FINISH_START.,$);
#750=IFCRELSEQUENCE('X$HjDJxXZjC55RaHT$R$Ef',#6,$,$,#233,#295,$,.FINISH_START.,$);
#751=IFCRELSEQUENCE('fT5FVDgP9$XRNdg$11Z9iV',#6,$,$,#291,#295,$,.FINISH_START.,$);
#752=IFCRELSEQUENCE('4j6pnFZ1YdyLsvUndh8n7f',#6,$,$,#173,#301,$,.FINISH_START.,$);
#753=IFCRELSEQUENCE('a3CprZ0tvt2R1hIF0PSBSx',#6,$,$,#301,#303,$,.FINISH_START.,$);
#754=IFCRELSEQUENCE('9pNJJTPt$fTtD35FYrBnV3',#6,$,$,#303,#305,$,.FINISH_START.,$);
#755=IFCRELSEQUENCE('i5FpjXA$ipm1OdUXrt_l7x',#6,$,$,#305,#307,$,.FINISH_START.,$);
#756=IFCRELSEQUENCE('exaLNp9fWbz7Qnf$B9QvxL',#6,$,$,#173,#309,$,.FINISH_START.,$);
#757=IFCRELSEQUENCE('_ln5wTO7a1fZNR8$YveH1t',#6,$,$,#309,#311,$,.FINISH_START.,$);
#758=IFCRELSEQUENCE('eRO$wTGfIrfTLTrHfJ9B0N',#6,$,$,#311,#315,$,.FINISH_START.,$);
#759=IFCRELSEQUENCE('Cr9DzvF7_tcDyNmXUrT9Kp',#6,$,$,#307,#313,$,.FINISH_START.,$);
#760=IFCRELSEQUENCE('4jgzIptfmZqxXH1Vmn3tqn',#6,$,$,#313,#317,$,.FINISH_START.,$);
#761=IFCRELSEQUENCE('b$fRCP3HV73vUZ3nqlhHLD',#6,$,$,#315,#317,$,.FINISH_START.,$);
#762=IFCRELSEQUENCE('ktibalmf4nPBSvAlatAtaR',#6,$,$,#231,#321,$,.FINISH_START.,$);
#763=IFCRELSEQUENCE('BplR8p$PLDUN1VDlXjMNAv',#6,$,$,#321,#323,$,.FINISH_START.,$);
#764=IFCRELSEQUENCE('mN0tgRh1gvZPGRmXK1$J6X',#6,$,$,#323,#325,$,.FINISH_START.,$);
#765=IFCRELSEQUENCE('LvCDRxXP3TEBWprHNj9rip',#6,$,$,#325,#327,$,.FINISH_START.,$);
#766=IFCRELSEQUENCE('GPk5wdA$yljNdTXXGn390t',#6,$,$,#231,#329,$,.FINISH_START.,$);
#767=IFCRELSEQUENCE('Ddk5kD79NFtbvXHXLTj73d',#6,$,$,#329,#331,$,.FINISH_START.,$);
#768=IFCRELSEQUENCE('wF7ZyTOdr9AZTf0X$XPj_X',#6,$,$,#331,#335,$,.FINISH_START.,$);
#769=IFCRELSEQUENCE('mvEnPflPNR3vwDTn2NMTZx',#6,$,$,#327,#333,$,.FINISH_START.,$);
#770=IFCRELSEQUENCE('VZWf8DF7ILpdaDFVprLHNT',#6,$,$,#333,#337,$,.FINISH_START.,$);
#771=IFCRELSEQUENCE('7lhHLpYfm3WHlfSnjNMTDj',#6,$,$,#335,#337,$,.FINISH_START.,$);
#772=IFCRELSEQUENCE('_Ds7XJcXTjSru9WVzFj7N3',#6,$,$,#289,#341,$,.FINISH_START.,$);
#773=IFCRELSEQUENCE('P1vBBPoHB38Nnd6$mX$55F',#6,$,$,#341,#343,$,.FINISH_START.,$);
#774=IFCRELSEQUENCE('vhYhdx2f2ZqTH9GX0PyLw1',#6,$,$,#343,#345,$,.FINISH_START.,$);
#775=IFCRELSEQUENCE('hznDrzqF4nf59BkV_tUnZ5',#6,$,$,#345,#347,$,.FINISH_START.,$);
#776=IFCRELSEQUENCE('kbTfy1UN0BPJIRKFoFLXuD',#6,$,$,#289,#349,$,.FINISH_START.,$);
#777=IFCRELSEQUENCE('zjYhFltf2NE7QHbn8ZR1gf',#6,$,$,#349,#351,$,.FINISH_START.,$);
#778=IFCRELSEQUENCE('_jIx2LKnAtt33R0Vn9k$_1',#6,$,$,#351,#355,$,.FINISH_START.,$);
#779=IFCRELSEQUENCE('EPQj9XUn2tYxLTJF3pgTTb',#6,$,$,#347,#353,$,.FINISH_START.,$);
#780=IFCRELSEQUENCE('_DA7pjr1e737cl5ns$NhcF',#6,$,$,#353,#357,$,.FINISH_START.,$);
#781=IFCRELSEQUENCE('U1txMbh$2N61KXN$grCRj$',#6,$,$,#355,#357,$,.FINISH_START.,$);
#782=IFCRELSEQUENCE('a$Xz2PB1qP4paJDHjfobV7',#6,$,$,#317,#359,$,.FINISH_START.,$);
#783=IFCRELSEQUENCE('vroFR$XPfbx1KbCHwphVab',#6,$,$,#109,#361,$,.FINISH_START.,$);
#784=IFCRELSEQUENCE('W$nDZ9RnMvJf3P2XBjtBO3',#6,$,$,#359,#365,$,.FINISH_START.,$);
#785=IFCRELSEQUENCE('T1fR8BGfIBt3ZrIXQPu1kd',#6,$,$,#365,#367,$,.FINISH_START.,$);
#786=IFCRELSEQUENCE('H51ZiNtf_ZarWpBH3D6jch',#6,$,$,#367,#369,$,.FINISH_START.,$);
#787=IFCRELSEQUENCE('Obmvt1UfqdajcT71oH7Rj$',#6,$,$,#369,#371,$,.FINISH_START.,$);
#788=IFCRELSEQUENCE('5Hb167sd9rvp4ZxlqzuF$J',#6,$,$,#317,#375,$,.FINISH_START.,$);
#789=IFCLAGTIME('Lag',.PREDICTED.,$,IFCDURATION('P2D'),.WORKTIME.);
#790=IFCRELSEQUENCE('ApNjNH09$B3NVnznaf6jcF',#6,$,$,#375,#377,#789,.START_START.,$);
#791=IFCRELSEQUENCE('MznDzdRVTV2tjp3Fm1J7TN',#6,$,$,#377,#379,$,.FINISH_START.,$);
#792=IFCRELSEQUENCE('_FTN4$k9dJcDWpBlF9s9a9',#6,$,$,#379,#381,$,.FINISH_START.,$);
#793=IFCRELSEQUENCE('U$Hj3hSl559RjJ1XuhuFXT',#6,$,$,#381,#383,$,.FINISH_START.,$);
#794=IFCRELSEQUENCE('vL6pV9iXtVDPyTRHUPazdB',#6,$,$,#383,#385,$,.FINISH_START.,$);
#795=IFCRELSEQUENCE('lxXzIlWtJr3fZNe$i1vbhp',#6,$,$,#385,#387,$,.FINISH_START.,$);
#796=IFCRELSEQUENCE('jxvrTRs1CdiRht81gLmfkd',#6,$,$,#387,#389,$,.FINISH_START.,$);
#797=IFCRELSEQUENCE('YXTfqdzHrNUNZ9SH$zWdDj',#6,$,$,#337,#393,$,.FINISH_START.,$);
#798=IFCLAGTIME('Lag',.PREDICTED.,$,IFCDURATION('P2D'),.WORKTIME.);
#799=IFCRELSEQUENCE('Ct2Ve5YN4x9bX5u1IZi55n',#6,$,$,#393,#395,#798,.START_START.,$);
#800=IFCRELSEQUENCE('1Hd3g19NKfE72vcHbXDP9l',#6,$,$,#395,#397,$,.FINISH_START.,$);
#801=IFCRELSEQUENCE('IxdLnF5n4lTdSDd14PeXWd',#6,$,$,#397,#399,$,.FINISH_START.,$);
#802=IFCRELSEQUENCE('FB1rDp799VrnPFnVdri5Z5',#6,$,$,#399,#401,$,.FINISH_START.,$);
#803=IFCRELSEQUENCE('bVBVC579zl8NzvMlUd4LQn',#6,$,$,#401,#403,$,.FINISH_START.,$);
#804=IFCRELSEQUENCE('yFXhPbcXPDMFjj$Vyvqpux',#6,$,$,#403,#405,$,.FINISH_START.,$);
#805=IFCRELSEQUENCE('ADd3ALpVt$PJQFFV93fTf$',#6,$,$,#405,#407,$,.FINISH_START.,$);
#806=IFCRELSEQUENCE('zFb1InqXLv0FnjRFWtMNAv',#6,$,$,#357,#411,$,.FINISH_START.,$);
#807=IFCLAGTIME('Lag',.PREDICTED.,$,IFCDURATION('P2D'),.WORKTIME.);
#808=IFCRELSEQUENCE('_njPDnKV1Brnjppn3nxHbb',#6,$,$,#411,#413,#807,.START_START.,$);
#809=IFCRELSEQUENCE('bR0tknyHD5$TrJLF3FZNYH',#6,$,$,#413,#415,$,.FINISH_START.,$);
#810=IFCRELSEQUENCE('wH5XSHGNSLPjczJl3DUhcH',#6,$,$,#415,#417,$,.FINISH_START.,$);
#811=IFCRELSEQUENCE('S1dhPRs$4bRVQlzHUPS3zd',#6,$,$,#417,#419,$,.FINISH_START.,$);
#812=IFCRELSEQUENCE('YXRHPRM$gbTdClTlGFTf_$',#6,$,$,#419,#421,$,.FINISH_START.,$);
#813=IFCRELSEQUENCE('P1ljTbUFIX3NzvcHNj7R7R',#6,$,$,#421,#423,$,.FINISH_START.,$);
#814=IFCRELSEQUENCE('d5CpLD_fExfxZNWXXDEbVv',#6,$,$,#423,#425,$,.FINISH_START.,$);
#815=IFCRELSEQUENCE('gvqp7h4l1N3Npn9$HL93rZ',#6,$,$,#389,#431,$,.FINISH_START.,$);
#816=IFCRELSEQUENCE('H5np5rndxRbVo1v1Q7qpGH',#6,$,$,#431,#433,$,.FINISH_START.,$);
#817=IFCRELSEQUENCE('RXh$ETv99VxVs7EnUP4Z9n',#6,$,$,#433,#435,$,.FINISH_START.,$);
#818=IFCRELSEQUENCE('ZXRlR5lvSh$5zvglcTLlj$',#6,$,$,#435,#437,$,.FINISH_START.,$);
#819=IFCRELSEQUENCE('rDP3QJM16z61e$N$RXDPlB',#6,$,$,#437,#439,$,.FINISH_START.,$);
#820=IFCRELSEQUENCE('k5$ZObA1GJ6jYtO1qnXRf3',#6,$,$,#439,#441,$,.FINISH_START.,$);
#821=IFCRELSEQUENCE('ynPzsrd9H1UxxxmVUveVq3',#6,$,$,#441,#443,$,.FINISH_START.,$);
#822=IFCRELSEQUENCE('bVZfyT8Px5$T5x0XdheVCl',#6,$,$,#443,#445,$,.FINISH_START.,$);
#823=IFCRELSEQUENCE('UZWNW11d5RbXwV$XSfszxh',#6,$,$,#407,#449,$,.FINISH_START.,$);
#824=IFCRELSEQUENCE('CNk5kDv93lGXI5u$tZrnzh',#6,$,$,#449,#451,$,.FINISH_START.,$);
#825=IFCRELSEQUENCE('KxHj1zyHBfUNNxSlBpr$sZ',#6,$,$,#451,#453,$,.FINISH_START.,$);
#826=IFCRELSEQUENCE('H5NbSniFQjyhE1d$4LfTxF',#6,$,$,#453,#455,$,.FINISH_START.,$);
#827=IFCRELSEQUENCE('kRxnFLZ1wnqZN5KFEpMZtF',#6,$,$,#455,#457,$,.FINISH_START.,$);
#828=IFCRELSEQUENCE('gznD5BV7qzYflte$Xj6Pnb',#6,$,$,#457,#459,$,.FINISH_START.,$);
#829=IFCRELSEQUENCE('QVrXyVUFo5V3X5mX0vu1kL',#6,$,$,#459,#461,$,.FINISH_START.,$);
#830=IFCRELSEQUENCE('zpgdB3qnKNAH7jt$yLPJgN',#6,$,$,#461,#463,$,.FINISH_START.,$);
#831=IFCRELSEQUENCE('ADvTapAd1Nb$ql3l2b7btp',#6,$,$,#425,#467,$,.FINISH_START.,$);
#832=IFCRELSEQUENCE('$FBFPN17ILrFxFRl_xztS5',#6,$,$,#467,#469,$,.FINISH_START.,$);
#833=IFCRELSEQUENCE('0nZfWV5Xth5XknzFODRFlr',#6,$,$,#469,#471,$,.FINISH_START.,$);
#834=IFCRELSEQUENCE('V3yTiNlPZpm$qlTHepTN_3',#6,$,$,#471,#473,$,.FINISH_START.,$);
#835=IFCRELSEQUENCE('Nva3QJEHzFCTbBs1lLFhYF',#6,$,$,#473,#475,$,.FINISH_START.,$);
#836=IFCRELSEQUENCE('X3yT8rOdTjSJo11Vc3VbzP',#6,$,$,#475,#477,$,.FINISH_START.,$);
#837=IFCRELSEQUENCE('T$t5_PB1S$7pufClwpLV4B',#6,$,$,#477,#479,$,.FINISH_START.,$);
#838=IFCRELSEQUENCE('xH5VKtRns9lBqLYnfjP5h9',#6,$,$,#479,#481,$,.FINISH_START.,$);
#839=IFCRELSEQUENCE('DvQNq5P97TSJErg1Ph07HF',#6,$,$,#359,#483,$,.FINISH_START.,$);
#840=IFCRELSEQUENCE('S19xM5Xdl$U59rA1TXPjMD',#6,$,$,#483,#485,$,.FINISH_START.,$);
#841=IFCRELSEQUENCE('Y$npNpFvwFarG5aHfNcD0t',#6,$,$,#483,#487,$,.FINISH_START.,$);
#842=IFCRELSEQUENCE('lxNb0lFP1BhHFdUVvRc7Vd',#6,$,$,#487,#489,$,.FINISH_START.,$);
#843=IFCRELSEQUENCE('ErHRap_NM7JNRL_nRR2Htj',#6,$,$,#489,#491,$,.FINISH_START.,$);
#844=IFCRELSEQUENCE('NPeHZ9LHhpsHHtWVpPaz3P',#6,$,$,#491,#493,$,.FINISH_START.,$);
#845=IFCRELSEQUENCE('GN8XiBtN6nyhcFP$KXr1sZ',#6,$,$,#493,#495,$,.FINISH_START.,$);
#846=IFCRELSEQUENCE('9D$BLNW97TyDmrc1glb$cL',#6,$,$,#361,#499,$,.FINISH_START.,$);
#847=IFCRELSEQUENCE('K7qxwdA$ufZtl3N1_92H9p',#6,$,$,#499,#501,$,.FINISH_START.,$);
#848=IFCRELSEQUENCE('g7KbSJA181wjA5il8L812$',#6,$,$,#501,#503,$,.FINISH_START.,$);
#849=IFCRELSEQUENCE('LTDd$7EtX5vL_pXXWtEVm1',#6,$,$,#503,#505,$,.FINISH_START.,$);
#850=IFCRELSEQUENCE('Md09Y9DV7fkdS7wHpPijw5',#6,$,$,#505,#507,$,.FINISH_START.,$);
#851=IFCRELSEQUENCE('p7EFDjbXBTSJYZRlUPCb9D',#6,$,$,#507,#509,$,.FINISH_START.,$);
#852=IFCRELSEQUENCE('XX3tAhZ12zuvMfu$6jvRfZ',#6,$,$,#509,#511,$,.FINISH_START.,$);
#853=IFCRELSEQUENCE('fztxAHVvShXRHTBlzDwj6x',#6,$,$,#511,#513,$,.FINISH_START.,$);
#854=IFCRELSEQUENCE('phJPNJzHnHOPmL_nLzdJ6b',#6,$,$,#513,#515,$,.FINISH_START.,$);
#855=IFCRELSEQUENCE('Ch5XKBd9Zp0njJXVQ7KxxH',#6,$,$,#515,#517,$,.FINISH_START.,$);
#856=IFCRELSEQUENCE('wBoFtXwXRLBF5H$Xa96drv',#6,$,$,#517,#519,$,.FINISH_START.,$);
#857=IFCRELSEQUENCE('$nrFjTtf6TY55RSHbxEbr3',#6,$,$,#519,#521,$,.FINISH_START.,$);
#858=IFCRELSEQUENCE('OzHJflOd$9NZBDN1jbPxNX',#6,$,$,#521,#523,$,.FINISH_START.,$);
#859=IFCRELSEQUENCE('VZGvB7gPXxvhE1lVxh0vfz',#6,$,$,#523,#525,$,.START_FINISH.,$);
#860=IFCRELSEQUENCE('QxC5wziXNF$TlfKnA17bpF',#6,$,$,#523,#527,$,.FINISH_START.,$);
#861=IFCRELSEQUENCE('f3FDpHGfKD0F5npn97yLsd',#6,$,$,#527,#529,$,.FINISH_START.,$);
#862=IFCRELSEQUENCE('UXxnvdDF_zGXEBEVuZTt8D',#6,$,$,#529,#531,$,.FINISH_START.,$);
#863=IFCRELSEQUENCE('2DcNSDk9tL3f1VjHtTpPj3',#6,$,$,#529,#533,$,.FINISH_START.,$);
#864=IFCRELSEQUENCE('NZL$URcXnl87Y3lVrpxHJ1',#6,$,$,#533,#535,$,.FINISH_START.,$);
#865=IFCRELSEQUENCE('LP8X8pHvqzcVE11XQZDP1J',#6,$,$,#535,#537,$,.FINISH_START.,$);
#866=IFCRELSEQUENCE('8JhlX9KFUJ2bBvIF4Pmtez',#6,$,$,#537,#539,$,.FINISH_START.,$);
#867=IFCRELSEQUENCE('FdYhX9S$QpuNxbinEl1jM9',#6,$,$,#539,#541,$,.FINISH_START.,$);
#868=IFCRELSEQUENCE('ADF5E3jVlX29f7sHGlfLMJ',#6,$,$,#525,#541,$,.FINISH_START.,$);
#869=IFCRELSEQUENCE('$H7Zi9BldpYff5aF5LG9St',#6,$,$,#531,#541,$,.FINISH_START.,$);
#870=IFCRELSEQUENCE('d5iR8jDn2NUNP3DHb5s3b5',#6,$,$,#445,#545,$,.FINISH_START.,$);
#871=IFCRELSEQUENCE('$nb$wZmfuVkP8l$X8LGfUH',#6,$,$,#541,#545,$,.FINISH_START.,$);
#872=IFCRELSEQUENCE('k5NR8Dnv23ufDlDH5rqbdr',#6,$,$,#463,#547,$,.FINISH_START.,$);
#873=IFCRELSEQUENCE('ErXh9Zv9$hvpe$t$DPixxl',#6,$,$,#541,#547,$,.FINISH_START.,$);
#874=IFCRELSEQUENCE('8pPz_dDFArZ9TBM$tz93bx',#6,$,$,#481,#549,$,.FINISH_START.,$);
#875=IFCRELSEQUENCE('wFd3MVjFS$fTlNCls5ERPh',#6,$,$,#541,#549,$,.FINISH_START.,$);
#876=IFCRELSEQUENCE('Z3yTmdUF6ZsTXl$XqnlBuR',#6,$,$,#541,#551,$,.FINISH_START.,$);
#877=IFCRELSEQUENCE('QVrVG9KFkhxVUZjFb1NhQn',#6,$,$,#551,#555,$,.FINISH_START.,$);
#878=IFCRELSEQUENCE('Y1NRqbr1KjyDG5qFKJoXCz',#6,$,$,#555,#553,$,.FINISH_START.,$);
#879=IFCRELSEQUENCE('S3Sh1vMP9Xrn9fWV3npdHB',#6,$,$,#553,#557,$,.FINISH_START.,$);
#880=IFCRELSEQUENCE('Z34TSp67AL15bLclH7eHxB',#6,$,$,#557,#559,$,.FINISH_START.,$);
#881=IFCRELSEQUENCE('rDXLPbEHljq5DHBFXnJ7Pr',#6,$,$,#559,#561,$,.FINISH_START.,$);
#882=IFCRELSEQUENCE('qts7R1n7Arzfh39$q307xh',#6,$,$,#113,#563,$,.FINISH_START.,$);
#883=IFCRELSEQUENCE('Fhjdfp9fu1sTNxaHPFfZPd',#6,$,$,#563,#295,$,.FINISH_START.,$);
#884=IFCCREWRESOURCE('cXrXOR6VfH3vsR0V75YLg9',#6,'Structural works crew','Overarching structural works crew',$,$,$,$,.USERDEFINED.);
#885=IFCLABORRESOURCE('kbDPrTevKJSj_pnXZ3eVOZ',#6,'Steel fixers',$,$,$,$,$,.USERDEFINED.);
#886=IFCLABORRESOURCE('fTrVqxn7IBPJQnnVNDztWd',#6,'Carpenters',$,$,$,$,$,.USERDEFINED.);
#887=IFCCONSTRUCTIONEQUIPMENTRESOURCE('R$vr$3qXlV_9xl$Xy7CDyd',#6,'Tower crane','One tower crane; a second crane is added later',$,$,$,$,.USERDEFINED.);
#888=IFCCONSTRUCTIONMATERIALRESOURCE('oBtpl1fNwH8N9hIFqT4hcF',#6,'Concrete C30/37',$,$,$,$,$,.USERDEFINED.);
#889=IFCSUBCONTRACTRESOURCE('mPg3oX2nKN_93bmXsRUnvN',#6,'Facade contractor',$,$,$,$,$,.USERDEFINED.);
#890=IFCSUBCONTRACTRESOURCE('5LI52vtNqvOPmxqnOjvbJ$',#6,'Lift supplier',$,$,$,$,$,.USERDEFINED.);
#891=IFCLABORRESOURCE('1nLll$Xdv3m$8FLlBJ9r0f',#6,'Plasterers','One plastering crew for three towers — deliberately tight (bottleneck 2 of 2)',$,$,$,$,.USERDEFINED.);
#892=IFCLABORRESOURCE('SzCxEXYnkBXbv$zFeDj7Nz',#6,'Tilers',$,$,$,$,$,.USERDEFINED.);
#893=IFCLABORRESOURCE('rDd3IpXd73GXcl3lQdeVuD',#6,'Kitchen fitters',$,$,$,$,$,.USERDEFINED.);
#894=IFCLABORRESOURCE('T11Tq5XPr9Mztfu1sxcpKJ',#6,'MEP fitters',$,$,$,$,$,.USERDEFINED.);
#895=IFCLABORRESOURCE('E7IlrZGN2twj2d_Vv$lz75',#6,'Painters',$,$,$,$,$,.USERDEFINED.);
#896=IFCPROPERTYSINGLEVALUE('Color',$,IFCTEXT('#1E293B'),$);
#897=IFCPROPERTYSET('wLQJ3Ly1SXpdqBc$wjdxP7',#6,'OPS_Resource',$,(#896));
#898=IFCRELDEFINESBYPROPERTIES('$nxVuhiVZ1ILQHBF$X93$f',#6,$,$,(#884),#897);
#899=IFCPROPERTYSINGLEVALUE('MaxUnits',$,IFCREAL(6),$);
#900=IFCPROPERTYSINGLEVALUE('CostPerHour',$,IFCMONETARYMEASURE(44),$);
#901=IFCPROPERTYSINGLEVALUE('Color',$,IFCTEXT('#B91C1C'),$);
#902=IFCPROPERTYSINGLEVALUE('ParentGuid',$,IFCTEXT('cXrXOR6VfH3vsR0V75YLg9'),$);
#903=IFCPROPERTYSET('2ld3cfudDvhHXlHVlLFLIv',#6,'OPS_Resource',$,(#899,#900,#901,#902));
#904=IFCRELDEFINESBYPROPERTIES('tjjPRRZHddSjclrnZZa3Xd',#6,$,$,(#885),#903);
#905=IFCPROPERTYSINGLEVALUE('MaxUnits',$,IFCREAL(12),$);
#906=IFCPROPERTYSINGLEVALUE('CostPerHour',$,IFCMONETARYMEASURE(45),$);
#907=IFCPROPERTYSINGLEVALUE('Color',$,IFCTEXT('#DB2777'),$);
#908=IFCPROPERTYSET('zjsZ4ZW9bVzNXld$Jtk$_T',#6,'OPS_Resource',$,(#905,#906,#907));
#909=IFCRELDEFINESBYPROPERTIES('ynHRaH8dljSBadc1IZiJQr',#6,$,$,(#886),#908);
#910=IFCPROPERTYSINGLEVALUE('CostPerHour',$,IFCMONETARYMEASURE(120),$);
#911=IFCPROPERTYSINGLEVALUE('Color',$,IFCTEXT('#C2410C'),$);
#912=IFCPROPERTYSINGLEVALUE('AvailabilitySteps',$,IFCTEXT('2027-08-30:2'),$);
#913=IFCPROPERTYSET('7rY1AHlPLdaJwpjFDBrF7f',#6,'OPS_Resource',$,(#910,#911,#912));
#914=IFCRELDEFINESBYPROPERTIES('0Fp7PNFd1Lvputu1lPyh_1',#6,$,$,(#887),#913);
#915=IFCPROPERTYSINGLEVALUE('MaxUnits',$,IFCREAL(999),$);
#916=IFCPROPERTYSINGLEVALUE('UnitOfMeasure',$,IFCLABEL('m³'),$);
#917=IFCPROPERTYSINGLEVALUE('Color',$,IFCTEXT('#6366F1'),$);
#918=IFCPROPERTYSET('U$7BvPZl$L$5j1zFWNwJEt',#6,'OPS_Resource',$,(#915,#916,#917));
#919=IFCRELDEFINESBYPROPERTIES('NzPh1Pg$2tEr0T7$UL7pCz',#6,$,$,(#888),#918);
#920=IFCPROPERTYSINGLEVALUE('MaxUnits',$,IFCREAL(6),$);
#921=IFCPROPERTYSINGLEVALUE('CostPerHour',$,IFCMONETARYMEASURE(60),$);
#922=IFCPROPERTYSINGLEVALUE('Color',$,IFCTEXT('#0D9488'),$);
#923=IFCPROPERTYSET('4FnxQ9qVBtM3ZBA1DdSz9J',#6,'OPS_Resource',$,(#920,#921,#922));
#924=IFCRELDEFINESBYPROPERTIES('Bj5XWXDnwF4p8falp7WdLt',#6,$,$,(#889),#923);
#925=IFCPROPERTYSINGLEVALUE('MaxUnits',$,IFCREAL(3),$);
#926=IFCPROPERTYSINGLEVALUE('CostPerHour',$,IFCMONETARYMEASURE(90),$);
#927=IFCPROPERTYSINGLEVALUE('Color',$,IFCTEXT('#D97706'),$);
#928=IFCPROPERTYSET('nhTfmd2FqvmXARe14LFL_V',#6,'OPS_Resource',$,(#925,#926,#927));
#929=IFCRELDEFINESBYPROPERTIES('gv4T0HPtvTyp8nrHh7ixbX',#6,$,$,(#890),#928);
#930=IFCPROPERTYSINGLEVALUE('MaxUnits',$,IFCREAL(3),$);
#931=IFCPROPERTYSINGLEVALUE('CostPerHour',$,IFCMONETARYMEASURE(42),$);
#932=IFCPROPERTYSINGLEVALUE('Color',$,IFCTEXT('#A78BFA'),$);
#933=IFCPROPERTYSET('LdmP7r8PbLhlltWV$ZyZR1',#6,'OPS_Resource',$,(#930,#931,#932));
#934=IFCRELDEFINESBYPROPERTIES('a34rVjg$g7RVU3lXbbI$k7',#6,$,$,(#891),#933);
#935=IFCPROPERTYSINGLEVALUE('MaxUnits',$,IFCREAL(15),$);
#936=IFCPROPERTYSINGLEVALUE('CostPerHour',$,IFCMONETARYMEASURE(43),$);
#937=IFCPROPERTYSINGLEVALUE('Color',$,IFCTEXT('#38BDF8'),$);
#938=IFCPROPERTYSET('mvEFFrvt$L7D8F3FGX7Dml',#6,'OPS_Resource',$,(#935,#936,#937));
#939=IFCRELDEFINESBYPROPERTIES('t9wto$UfWbZd8nDn3nRndd',#6,$,$,(#892),#938);
#940=IFCPROPERTYSINGLEVALUE('MaxUnits',$,IFCREAL(9),$);
#941=IFCPROPERTYSINGLEVALUE('CostPerHour',$,IFCMONETARYMEASURE(46),$);
#942=IFCPROPERTYSINGLEVALUE('Color',$,IFCTEXT('#4ADE80'),$);
#943=IFCPROPERTYSET('X3qxIHGfyl5$OdA1lh93vb',#6,'OPS_Resource',$,(#940,#941,#942));
#944=IFCRELDEFINESBYPROPERTIES('QXztsH7t5bTdyfGXs$$jkh',#6,$,$,(#893),#943);
#945=IFCPROPERTYSINGLEVALUE('MaxUnits',$,IFCREAL(18),$);
#946=IFCPROPERTYSINGLEVALUE('CostPerHour',$,IFCMONETARYMEASURE(48),$);
#947=IFCPROPERTYSINGLEVALUE('Color',$,IFCTEXT('#FBBF24'),$);
#948=IFCPROPERTYSET('99cfSpYNCT_Rnjjltz93$t',#6,'OPS_Resource',$,(#945,#946,#947));
#949=IFCRELDEFINESBYPROPERTIES('2pY1UfHddDIPibiF6f2rSt',#6,$,$,(#894),#948);
#950=IFCPROPERTYSINGLEVALUE('MaxUnits',$,IFCREAL(15),$);
#951=IFCPROPERTYSINGLEVALUE('CostPerHour',$,IFCMONETARYMEASURE(38),$);
#952=IFCPROPERTYSINGLEVALUE('Color',$,IFCTEXT('#BEF264'),$);
#953=IFCPROPERTYSET('wlxVuDd99Lhlj15lCHxVeh',#6,'OPS_Resource',$,(#950,#951,#952));
#954=IFCRELDEFINESBYPROPERTIES('pr$rNHGfuNpPSv2FrDbF5n',#6,$,$,(#895),#953);
#955=IFCRELNESTS('W1lJRVbXtVDPibyFdh071N',#6,'Ploeg Structural works crew',$,#884,(#885));
#956=IFCTIMEPERIOD('07:00:00','15:00:00');
#957=IFCRECURRENCEPATTERN(.WEEKLY.,$,(1,2,3,4,5),$,$,$,$,(#956));
#958=IFCWORKTIME('Standard work week',.PREDICTED.,$,#957,$,$);
#959=IFCWORKTIME('New Year''s Day',.PREDICTED.,$,$,'2027-01-01','2027-01-01');
#960=IFCWORKTIME('Good Friday',.PREDICTED.,$,$,'2027-03-26','2027-03-26');
#961=IFCWORKTIME('Easter',.PREDICTED.,$,$,'2027-03-28','2027-03-29');
#962=IFCWORKTIME('King''s Day',.PREDICTED.,$,$,'2027-04-27','2027-04-27');
#963=IFCWORKTIME('Liberation Day',.PREDICTED.,$,$,'2027-05-05','2027-05-05');
#964=IFCWORKTIME('Ascension Day',.PREDICTED.,$,$,'2027-05-06','2027-05-06');
#965=IFCWORKTIME('Whitsun',.PREDICTED.,$,$,'2027-05-16','2027-05-17');
#966=IFCWORKTIME('Christmas',.PREDICTED.,$,$,'2027-12-25','2027-12-26');
#967=IFCWORKTIME('Construction holiday (northern region)',.PREDICTED.,$,$,'2027-07-26','2027-08-15');
#968=IFCWORKTIME('New Year''s Day',.PREDICTED.,$,$,'2028-01-01','2028-01-01');
#969=IFCWORKTIME('Good Friday',.PREDICTED.,$,$,'2028-04-14','2028-04-14');
#970=IFCWORKTIME('Easter',.PREDICTED.,$,$,'2028-04-16','2028-04-17');
#971=IFCWORKTIME('King''s Day',.PREDICTED.,$,$,'2028-04-27','2028-04-27');
#972=IFCWORKTIME('Liberation Day',.PREDICTED.,$,$,'2028-05-05','2028-05-05');
#973=IFCWORKTIME('Ascension Day',.PREDICTED.,$,$,'2028-05-25','2028-05-25');
#974=IFCWORKTIME('Whitsun',.PREDICTED.,$,$,'2028-06-04','2028-06-05');
#975=IFCWORKTIME('Christmas',.PREDICTED.,$,$,'2028-12-25','2028-12-26');
#976=IFCWORKTIME('Construction holiday (northern region)',.PREDICTED.,$,$,'2028-07-24','2028-08-13');
#977=IFCWORKCALENDAR('KbZN8hCFGTaJ_DVXa96dTR',#6,'Hourly calendar, rebar fixing & pouring','Mon-Fri 07:00-15:00, hourly precision for reinforcement/concrete (phase 2.10, wave 2).',$,(#958),(#959,#960,#961,#962,#963,#964,#965,#966,#967,#968,#969,#970,#971,#972,#973,#974,#975,#976),.FIRSTSHIFT.);
#978=IFCPROPERTYSINGLEVALUE('IsHourCalendar',$,IFCBOOLEAN(.T.),$);
#979=IFCPROPERTYSET('st_VSnSHRrvpOVJllParij',#6,'OPS_Calendar',$,(#978));
#980=IFCRELDEFINESBYPROPERTIES('nBtDnFT$M5N537YFJ5DdfV',#6,$,$,(#977),#979);
#981=IFCRELASSIGNSTOCONTROL('3DAvNHGNSh1xZtCF8TT9CT',#6,$,$,(#77,#79,#81,#83,#87,#89,#91,#93,#97,#99,#101,#103),$,#977);
#982=IFCRELASSIGNSTOPROCESS('xlb$wz4lJLvDqrg1vRgf_X',#6,$,$,(#888),$,#73,$);
#983=IFCRELASSIGNSTOPROCESS('XzShl$tNKtkhAvYnHdSzDl',#6,$,$,(#888),$,#79,$);
#984=IFCRELASSIGNSTOPROCESS('GPYL7B09LpAl1XzlY781_V',#6,$,$,(#888),$,#83,$);
#985=IFCRELASSIGNSTOPROCESS('KxfRW$n7IB93tfWVN9gNox',#6,$,$,(#888),$,#89,$);
#986=IFCRELASSIGNSTOPROCESS('S3yr7PjnOHmXQlJHJRFZvt',#6,$,$,(#888),$,#93,$);
#987=IFCRELASSIGNSTOPROCESS('lxNRy3qnaLt3ThgHs56JIB',#6,$,$,(#888),$,#99,$);
#988=IFCRELASSIGNSTOPROCESS('MPWNSFCVxlhlBDN1ldCR37',#6,$,$,(#888),$,#103,$);
#989=IFCRELASSIGNSTOPROCESS('8p7TyZ099VT9TLQHZZ4LgN',#6,$,$,(#888),$,#109,$);
#990=IFCRELASSIGNSTOPROCESS('b$FprZ8PjtPJ6Vt1OjFTd7',#6,$,$,(#888),$,#121,$);
#991=IFCRELASSIGNSTOPROCESS('BjJd$d_Fmz8Nh3lV5Ba3ln',#6,$,$,(#885,#887),$,#123,$);
#992=IFCRELASSIGNSTOPROCESS('GPkxcta1ERzvwXd1Z1JvRb',#6,$,$,(#886,#887),$,#125,$);
#993=IFCRELASSIGNSTOPROCESS('YZ09_vH7KjqZ5bynPBCR3v',#6,$,$,(#885,#887),$,#127,$);
#994=IFCRELASSIGNSTOPROCESS('q9IHvLqnuNrFnJTHa9k$o9',#6,$,$,(#886,#887),$,#129,$);
#995=IFCRELASSIGNSTOPROCESS('5BQfe35FCPSB0ZHVnbnZXz',#6,$,$,(#885,#887),$,#131,$);
#996=IFCRELASSIGNSTOPROCESS('3nD7rdg1wTILIHf1MF7DOZ',#6,$,$,(#886,#887),$,#133,$);
#997=IFCRELASSIGNSTOPROCESS('Hbz96v_fIr7DmBEVeJ$J21',#6,$,$,(#885,#887),$,#135,$);
#998=IFCRELASSIGNSTOPROCESS('RbelR5$Pt$PjcFt$pvu$6x',#6,$,$,(#886,#887),$,#137,$);
#999=IFCRELASSIGNSTOPROCESS('exqpDFy1yljfz7onY7Gtux',#6,$,$,(#885,#887),$,#139,$);
#1000=IFCRELASSIGNSTOPROCESS('DrdzUf9fYDQXYfyF7x6J6R',#6,$,$,(#886,#887),$,#141,$);
#1001=IFCRELASSIGNSTOPROCESS('mdEbGN09pPPrOXzlczHriJ',#6,$,$,(#885,#887),$,#143,$);
#1002=IFCRELASSIGNSTOPROCESS('FLb1M1H78Vw$K$xHyP81wb',#6,$,$,(#886,#887),$,#145,$);
#1003=IFCRELASSIGNSTOPROCESS('LZL$AhbFM59RjDbHI$xVG$',#6,$,$,(#885,#887),$,#147,$);
#1004=IFCRELASSIGNSTOPROCESS('BfYhZtpXTVYf7pBlXHXDyB',#6,$,$,(#886,#887),$,#149,$);
#1005=IFCRELASSIGNSTOPROCESS('Frd3kDFv29oBWphHlBBFvf',#6,$,$,(#885,#887),$,#151,$);
#1006=IFCRELASSIGNSTOPROCESS('bxazAB$vwHOP49ynb$tBqn',#6,$,$,(#886,#887),$,#153,$);
#1007=IFCRELASSIGNSTOPROCESS('cxKbCx1drTCxzdkVUrDPJ3',#6,$,$,(#885,#887),$,#155,$);
#1008=IFCRELASSIGNSTOPROCESS('KP09_PZHF3gnTL2nlrhHBz',#6,$,$,(#886,#887),$,#157,$);
#1009=IFCRELASSIGNSTOPROCESS('AN6pJXwVLjsZ9hQldhm9Wv',#6,$,$,(#885,#887),$,#159,$);
#1010=IFCRELASSIGNSTOPROCESS('bbOH9zrlhv8NzdkVQ7S3n1',#6,$,$,(#886,#887),$,#161,$);
#1011=IFCRELASSIGNSTOPROCESS('G9iJ7v$dnZU5Xld$lLHriX',#6,$,$,(#885,#887),$,#163,$);
#1012=IFCRELASSIGNSTOPROCESS('HN0tAFxFGpE7EVLntdGfMD',#6,$,$,(#886,#887),$,#165,$);
#1013=IFCRELASSIGNSTOPROCESS('WXTN8DXPDbjfJV7$pBb1ob',#6,$,$,(#885,#887),$,#167,$);
#1014=IFCRELASSIGNSTOPROCESS('PVDdXtCFe75$SD1XULPj6R',#6,$,$,(#886,#887),$,#169,$);
#1015=IFCRELASSIGNSTOPROCESS('cx4TmNu7Mbp9zxqHMBCpuD',#6,$,$,(#886),$,#171,$);
#1016=IFCRELASSIGNSTOPROCESS('EvMPvrOPXPvL6jf1oDgZ9l',#6,$,$,(#886,#887),$,#173,$);
#1017=IFCRELASSIGNSTOPROCESS('d$1T4ZWtdJ_Rv$RHA5cpiJ',#6,$,$,(#888),$,#179,$);
#1018=IFCRELASSIGNSTOPROCESS('If8XOxktbVBFHZ5lebk$_V',#6,$,$,(#885,#887),$,#181,$);
#1019=IFCRELASSIGNSTOPROCESS('pBfJDpFvcji3VRSFpvm9qZ',#6,$,$,(#886,#887),$,#183,$);
#1020=IFCRELASSIGNSTOPROCESS('6nVLbbDFwFypWJd$jtwdxn',#6,$,$,(#885,#887),$,#185,$);
#1021=IFCRELASSIGNSTOPROCESS('ltqDjXIlNbjfj15lyBjvzP',#6,$,$,(#886,#887),$,#187,$);
#1022=IFCRELASSIGNSTOPROCESS('phBFZREHRrlByf0XRV39iV',#6,$,$,(#885,#887),$,#189,$);
#1023=IFCRELASSIGNSTOPROCESS('b$PLXtiXBZSrSpt1nbtrqF',#6,$,$,(#886,#887),$,#191,$);
#1024=IFCRELASSIGNSTOPROCESS('3Hnx2dJFKjKRRXDH71VpKX',#6,$,$,(#885,#887),$,#193,$);
#1025=IFCRELASSIGNSTOPROCESS('uroFTxcvqdyp8njF93nhcl',#6,$,$,(#886,#887),$,#195,$);
#1026=IFCRELASSIGNSTOPROCESS('7F7Zq7dtb$7pCrc1YdarG1',#6,$,$,(#885,#887),$,#197,$);
#1027=IFCRELASSIGNSTOPROCESS('VTun1TGNMRLlXnhHj9_HhD',#6,$,$,(#886,#887),$,#199,$);
#1028=IFCRELASSIGNSTOPROCESS('fduFZxUNqPCZBJxn2N_BSN',#6,$,$,(#885,#887),$,#201,$);
#1029=IFCRELASSIGNSTOPROCESS('gPWfalOP7z0FR$$XEpgZNV',#6,$,$,(#886,#887),$,#203,$);
#1030=IFCRELASSIGNSTOPROCESS('5ndzc9ylzZILclZlqZ4hYn',#6,$,$,(#885,#887),$,#205,$);
#1031=IFCRELASSIGNSTOPROCESS('ChBnfniVFzYNLzf$QdmfUp',#6,$,$,(#886,#887),$,#207,$);
#1032=IFCRELASSIGNSTOPROCESS('CrdzIFyHXPPBSdoXy7SBWv',#6,$,$,(#885,#887),$,#209,$);
#1033=IFCRELASSIGNSTOPROCESS('3lNJnLxn0r9z$LMHolP5r7',#6,$,$,(#886,#887),$,#211,$);
#1034=IFCRELASSIGNSTOPROCESS('xHR1E167kXzfNxClQP07tp',#6,$,$,(#885,#887),$,#213,$);
#1035=IFCRELASSIGNSTOPROCESS('STuVGP6XB3OtZB618T5X0t',#6,$,$,(#886,#887),$,#215,$);
#1036=IFCRELASSIGNSTOPROCESS('Z3qpdxgPbBFLMNmXU7WPR1',#6,$,$,(#885,#887),$,#217,$);
#1037=IFCRELASSIGNSTOPROCESS('lNWfmv6v_9AZthYn$VPjAP',#6,$,$,(#886,#887),$,#219,$);
#1038=IFCRELASSIGNSTOPROCESS('Gvon5Fz1eHOtlzHVzH7RTN',#6,$,$,(#885,#887),$,#221,$);
#1039=IFCRELASSIGNSTOPROCESS('lNmPZ9T$g5vLAvEFEHnTJZ',#6,$,$,(#886,#887),$,#223,$);
#1040=IFCRELASSIGNSTOPROCESS('e3vBj3jVr9cDSDlXDPyZ79',#6,$,$,(#885,#887),$,#225,$);
#1041=IFCRELASSIGNSTOPROCESS('tpF52hylRVR1CHBnJbnTTx',#6,$,$,(#886,#887),$,#227,$);
#1042=IFCRELASSIGNSTOPROCESS('Jf0tAB$72zO9L9O1Sf6JAT',#6,$,$,(#886),$,#229,$);
#1043=IFCRELASSIGNSTOPROCESS('gPuFfnS$sNLHRB_VlrR1kB',#6,$,$,(#886,#887),$,#231,$);
#1044=IFCRELASSIGNSTOPROCESS('lxnpl1Nf6FqxTf0V75Yhk7',#6,$,$,(#888),$,#237,$);
#1045=IFCRELASSIGNSTOPROCESS('BNEb43S1U7G10zhFvVZf61',#6,$,$,(#885,#887),$,#239,$);
#1046=IFCRELASSIGNSTOPROCESS('yl5VuJr1OlGXc3pHffobf3',#6,$,$,(#886,#887),$,#241,$);
#1047=IFCRELASSIGNSTOPROCESS('kR5F3rWtPp_t5F5HKVhVCn',#6,$,$,(#885,#887),$,#243,$);
#1048=IFCRELASSIGNSTOPROCESS('KdWfqPZlZVAlF7cHzpQpKJ',#6,$,$,(#886,#887),$,#245,$);
#1049=IFCRELASSIGNSTOPROCESS('ohLlLjA$GDcVsv6lVpMTxH',#6,$,$,(#885,#887),$,#247,$);
#1050=IFCRELASSIGNSTOPROCESS('$nb1ALBHb1PJsbu1MLuFh9',#6,$,$,(#886,#887),$,#249,$);
#1051=IFCRELASSIGNSTOPROCESS('XV5nb$1PT$wjAb811V7D8j',#6,$,$,(#885,#887),$,#251,$);
#1052=IFCRELASSIGNSTOPROCESS('EdEb8BOvyHx1494n$X7puR',#6,$,$,(#886,#887),$,#253,$);
#1053=IFCRELASSIGNSTOPROCESS('1nD7tVs$yHZdOvMlgnVRrT',#6,$,$,(#885,#887),$,#255,$);
#1054=IFCRELASSIGNSTOPROCESS('UTWN0HP9LP4hw$zFKjAtql',#6,$,$,(#886,#887),$,#257,$);
#1055=IFCRELASSIGNSTOPROCESS('qfMzYbEHnTg3njDlNfQpeZ',#6,$,$,(#885,#887),$,#259,$);
#1056=IFCRELASSIGNSTOPROCESS('CNwDHXTlpPlJsRmV6fobb5',#6,$,$,(#886,#887),$,#261,$);
#1057=IFCRELASSIGNSTOPROCESS('h7CxQJg1MR5$mLIF83HrSb',#6,$,$,(#885,#887),$,#263,$);
#1058=IFCRELASSIGNSTOPROCESS('XXDPR5VdvzO9h90V93fT1p',#6,$,$,(#886,#887),$,#265,$);
#1059=IFCRELASSIGNSTOPROCESS('JN09gV3HDbp9njLnJtEVeZ',#6,$,$,(#885,#887),$,#267,$);
#1060=IFCRELASSIGNSTOPROCESS('a$95ozbFontbV5mVYrDdnR',#6,$,$,(#886,#887),$,#269,$);
#1061=IFCRELASSIGNSTOPROCESS('uJz963CXZjCxVl$VKj_lvb',#6,$,$,(#885,#887),$,#271,$);
#1062=IFCRELASSIGNSTOPROCESS('Dv_VapUf459bhNyl1VdjYF',#6,$,$,(#886,#887),$,#273,$);
#1063=IFCRELASSIGNSTOPROCESS('Gf0tw7_fABhlRBs$nbnTL9',#6,$,$,(#885,#887),$,#275,$);
#1064=IFCRELASSIGNSTOPROCESS('a$PLrzyHNbz7s7kFyr5V47',#6,$,$,(#886,#887),$,#277,$);
#1065=IFCRELASSIGNSTOPROCESS('pdYh1dg12NUfT9Klm$3fwV',#6,$,$,(#885,#887),$,#279,$);
#1066=IFCRELASSIGNSTOPROCESS('tJ5XGvcvuVsldTXXmVNTFR',#6,$,$,(#886,#887),$,#281,$);
#1067=IFCRELASSIGNSTOPROCESS('VzqDfp$dt$t3p3hn5LOln$',#6,$,$,(#885,#887),$,#283,$);
#1068=IFCRELASSIGNSTOPROCESS('G9yBrPcVRXpdOvwlN9UF7f',#6,$,$,(#886,#887),$,#285,$);
#1069=IFCRELASSIGNSTOPROCESS('Ozt5E3hHhJgz7Vf1UvuFDp',#6,$,$,(#886),$,#287,$);
#1070=IFCRELASSIGNSTOPROCESS('1D69g$PtnH87YThlh3$5j3',#6,$,$,(#886,#887),$,#289,$);
#1071=IFCRELASSIGNSTOPROCESS('1pIHjXcXxFnp8HnVdLeHLD',#6,$,$,(#889),$,#303,$);
#1072=IFCRELASSIGNSTOPROCESS('I51ZCbZlXRhHbLYFJb$jYD',#6,$,$,(#889),$,#305,$);
#1073=IFCRELASSIGNSTOPROCESS('8Jz9gX3lLdSJ_jjHrtAtKJ',#6,$,$,(#889),$,#323,$);
#1074=IFCRELASSIGNSTOPROCESS('_DkHxBd9r9wJQz3HYdari1',#6,$,$,(#889),$,#325,$);
#1075=IFCRELASSIGNSTOPROCESS('Gfe$IDVPR1fZ55O$RbwPht',#6,$,$,(#889),$,#343,$);
#1076=IFCRELASSIGNSTOPROCESS('a3KR4VQXnluffxiH0vGtSR',#6,$,$,(#889),$,#345,$);
#1077=IFCRELASSIGNSTOPROCESS('cR8XGf0tdPCZ3PQ1EFxl3v',#6,$,$,(#894),$,#375,$);
#1078=IFCRELASSIGNSTOPROCESS('s9cfeRQVBtQD49KnQZDPdP',#6,$,$,(#894),$,#377,$);
#1079=IFCRELASSIGNSTOPROCESS('S1Phzv1dvNcXwXFVLvareZ',#6,$,$,(#890),$,#387,$);
#1080=IFCRELASSIGNSTOPROCESS('BN6p$Pg$E5PBmRe$mFxHtj',#6,$,$,(#894),$,#393,$);
#1081=IFCRELASSIGNSTOPROCESS('Z3KbCP5XJh$xJX$XWtEX4L',#6,$,$,(#894),$,#395,$);
#1082=IFCRELASSIGNSTOPROCESS('lRjvjZHPbXrF9tKnAV39eL',#6,$,$,(#890),$,#405,$);
#1083=IFCRELASSIGNSTOPROCESS('Dhp7B7wvY7GXsPg$dBSBa5',#6,$,$,(#894),$,#411,$);
#1084=IFCRELASSIGNSTOPROCESS('Gf09E$wv_fYf5R4FB9Und7',#6,$,$,(#894),$,#413,$);
#1085=IFCRELASSIGNSTOPROCESS('a$nDLjQXTDmVMBkXs5MZdv',#6,$,$,(#890),$,#423,$);
#1086=IFCRELASSIGNSTOPROCESS('yJcjTRwXzFiRtNGV4vijwR',#6,$,$,(#891),$,#431,$);
#1087=IFCRELASSIGNSTOPROCESS('k9Szw3SHfFlJ2pt1p7u1Ul',#6,$,$,(#892),$,#433,$);
#1088=IFCRELASSIGNSTOPROCESS('V1lJhfmf4nPr4N0Xxn9zTt',#6,$,$,(#893),$,#435,$);
#1089=IFCRELASSIGNSTOPROCESS('XTWNqb3HVvTdePUVhvijgJ',#6,$,$,(#894),$,#437,$);
#1090=IFCRELASSIGNSTOPROCESS('phR1IlGNsLXRtNmX8T3fwV',#6,$,$,(#895),$,#439,$);
#1091=IFCRELASSIGNSTOPROCESS('znLlt3xF0r7pKXXXMFlBOZ',#6,$,$,(#892),$,#441,$);
#1092=IFCRELASSIGNSTOPROCESS('zDw9UboH5bhlT9qlc7SrSN',#6,$,$,(#891),$,#449,$);
#1093=IFCRELASSIGNSTOPROCESS('sJp7$3KXbB7DGrEVyBDdJ3',#6,$,$,(#892),$,#451,$);
#1094=IFCRELASSIGNSTOPROCESS('fvahPRElrT4Lc3JlNJ1JQn',#6,$,$,(#893),$,#453,$);
#1095=IFCRELASSIGNSTOPROCESS('ezlJBPIH5HTdO$P1Ob_l9p',#6,$,$,(#894),$,#455,$);
#1096=IFCRELASSIGNSTOPROCESS('Rx4Zm941eP9bFp$XoltruD',#6,$,$,(#895),$,#457,$);
#1097=IFCRELASSIGNSTOPROCESS('qhz9wvQv8fzNl981s$1jAP',#6,$,$,(#892),$,#459,$);
#1098=IFCRELASSIGNSTOPROCESS('jRj7XJs$S1fT11lX1TKJYF',#6,$,$,(#891),$,#467,$);
#1099=IFCRELASSIGNSTOPROCESS('4pQNuj3lv387gLAHqlZ9m1',#6,$,$,(#892),$,#469,$);
#1100=IFCRELASSIGNSTOPROCESS('WVTNuhylvTqZZ9SF3nLXuD',#6,$,$,(#893),$,#471,$);
#1101=IFCRELASSIGNSTOPROCESS('Gtq5MVB$CZQDmRWVlrzfs7',#6,$,$,(#894),$,#473,$);
#1102=IFCRELASSIGNSTOPROCESS('ZTWfCd3HPJQpKVP1dHb$oR',#6,$,$,(#895),$,#475,$);
#1103=IFCRELASSIGNSTOPROCESS('aTWNG72NkrnLQzDlBjXpS9',#6,$,$,(#892),$,#477,$);
#1104=IFCPROPERTYSINGLEVALUE('oBtpl1fNwH8N9hIFqT4hcF#0',$,IFCTEXT('60|FRONT_LOADED'),$);
#1105=IFCPROPERTYSET('kxfR8pVPv3OPix0XntUFbV',#6,'OPS_Assignments',$,(#1104));
#1106=IFCRELDEFINESBYPROPERTIES('BfsTW19NKN2txFpFVpgZXT',#6,$,$,(#73),#1105);
#1107=IFCPROPERTYSINGLEVALUE('oBtpl1fNwH8N9hIFqT4hcF#0',$,IFCTEXT('30|UNIFORM'),$);
#1108=IFCPROPERTYSET('8pHR8D79NFFDSJplnxpPR1',#6,'OPS_Assignments',$,(#1107));
#1109=IFCRELDEFINESBYPROPERTIES('Fr7TyVIlrtgzvV1Xyd0vDn',#6,$,$,(#79),#1108);
#1110=IFCPROPERTYSINGLEVALUE('oBtpl1fNwH8N9hIFqT4hcF#0',$,IFCTEXT('25|UNIFORM'),$);
#1111=IFCPROPERTYSET('PbG7lRh1sh1xbB61ydWdXz',#6,'OPS_Assignments',$,(#1110));
#1112=IFCRELDEFINESBYPROPERTIES('WXpdT9Z1YdCx9BIVElVp4B',#6,$,$,(#83),#1111);
#1113=IFCPROPERTYSINGLEVALUE('oBtpl1fNwH8N9hIFqT4hcF#0',$,IFCTEXT('30|UNIFORM'),$);
#1114=IFCPROPERTYSET('LvKjfHGfed9bbXLnzFjvV7',#6,'OPS_Assignments',$,(#1113));
#1115=IFCRELDEFINESBYPROPERTIES('SzijrPkHLvmXczpHtv4ZTx',#6,$,$,(#89),#1114);
#1116=IFCPROPERTYSINGLEVALUE('oBtpl1fNwH8N9hIFqT4hcF#0',$,IFCTEXT('25|UNIFORM'),$);
#1117=IFCPROPERTYSET('xFPzIn4Hhdypqn1Xwpz9ql',#6,'OPS_Assignments',$,(#1116));
#1118=IFCRELDEFINESBYPROPERTIES('qBdzw7cvyRD9dnVVeDDPbX',#6,$,$,(#93),#1117);
#1119=IFCPROPERTYSINGLEVALUE('oBtpl1fNwH8N9hIFqT4hcF#0',$,IFCTEXT('30|UNIFORM'),$);
#1120=IFCPROPERTYSET('ORun5nxFq3cVAbe1SRdxX3',#6,'OPS_Assignments',$,(#1119));
#1121=IFCRELDEFINESBYPROPERTIES('XZ8nXDAdjL1xj$hH1zGfgN',#6,$,$,(#99),#1120);
#1122=IFCPROPERTYSINGLEVALUE('oBtpl1fNwH8N9hIFqT4hcF#0',$,IFCTEXT('25|UNIFORM'),$);
#1123=IFCPROPERTYSET('1jk5_rW9nFiz1hYFpL93tp',#6,'OPS_Assignments',$,(#1122));
#1124=IFCRELDEFINESBYPROPERTIES('6lrFb$HvS1fTthslS5Zfwx',#6,$,$,(#103),#1123);
#1125=IFCPROPERTYSINGLEVALUE('oBtpl1fNwH8N9hIFqT4hcF#0',$,IFCTEXT('50|FRONT_LOADED'),$);
#1126=IFCPROPERTYSET('FvcfORQXFnajEXBnvxI5tl',#6,'OPS_Assignments',$,(#1125));
#1127=IFCRELDEFINESBYPROPERTIES('8Lkx2hSHd7WH5bylHdqD0t',#6,$,$,(#109),#1126);
#1128=IFCPROPERTYSINGLEVALUE('oBtpl1fNwH8N9hIFqT4hcF#0',$,IFCTEXT('40|FRONT_LOADED'),$);
#1129=IFCPROPERTYSET('oLDvpJB$O7Zd49Kl8ryLkr',#6,'OPS_Assignments',$,(#1128));
#1130=IFCRELDEFINESBYPROPERTIES('hPeHDHe7aLXbnD$VED6J23',#6,$,$,(#121),#1129);
#1131=IFCPROPERTYSINGLEVALUE('kbDPrTevKJSj_pnXZ3eVOZ#0',$,IFCTEXT('2|UNIFORM'),$);
#1132=IFCPROPERTYSINGLEVALUE('R$vr$3qXlV_9xl$Xy7CDyd#1',$,IFCTEXT('1|UNIFORM'),$);
#1133=IFCPROPERTYSET('C9_XeboltVpdCnf$tTj7pF',#6,'OPS_Assignments',$,(#1131,#1132));
#1134=IFCRELDEFINESBYPROPERTIES('xLIxslFP9$PJI5WVDdqDaR',#6,$,$,(#123),#1133);
#1135=IFCPROPERTYSINGLEVALUE('fTrVqxn7IBPJQnnVNDztWd#0',$,IFCTEXT('2|UNIFORM'),$);
#1136=IFCPROPERTYSINGLEVALUE('R$vr$3qXlV_9xl$Xy7CDyd#1',$,IFCTEXT('1|UNIFORM'),$);
#1137=IFCPROPERTYSET('PbWNW19f4b5$i5e$K1$j6V',#6,'OPS_Assignments',$,(#1135,#1136));
#1138=IFCRELDEFINESBYPROPERTIES('WV39o$MPHjCxbhYnBt6dRX',#6,$,$,(#125),#1137);
#1139=IFCPROPERTYSINGLEVALUE('kbDPrTevKJSj_pnXZ3eVOZ#0',$,IFCTEXT('2|UNIFORM'),$);
#1140=IFCPROPERTYSINGLEVALUE('R$vr$3qXlV_9xl$Xy7CDyd#1',$,IFCTEXT('1|UNIFORM'),$);
#1141=IFCPROPERTYSET('7HLll1$P9$vp8fSFbbUnRV',#6,'OPS_Assignments',$,(#1139,#1140));
#1142=IFCRELDEFINESBYPROPERTIES('ELhl5LZ$c1ILs5SlFRvbtj',#6,$,$,(#127),#1141);
#1143=IFCPROPERTYSINGLEVALUE('fTrVqxn7IBPJQnnVNDztWd#0',$,IFCTEXT('2|UNIFORM'),$);
#1144=IFCPROPERTYSINGLEVALUE('R$vr$3qXlV_9xl$Xy7CDyd#1',$,IFCTEXT('1|UNIFORM'),$);
#1145=IFCPROPERTYSET('ZzyrDp79fnnDKxmXYL$xbV',#6,'OPS_Assignments',$,(#1143,#1144));
#1146=IFCRELDEFINESBYPROPERTIES('S1dL9ZFddvm14Ne$p7OVyd',#6,$,$,(#129),#1145);
#1147=IFCPROPERTYSINGLEVALUE('kbDPrTevKJSj_pnXZ3eVOZ#0',$,IFCTEXT('2|UNIFORM'),$);
#1148=IFCPROPERTYSINGLEVALUE('R$vr$3qXlV_9xl$Xy7CDyd#1',$,IFCTEXT('1|UNIFORM'),$);
#1149=IFCPROPERTYSET('aX5Fb1vt5xtbhN4lL7SryP',#6,'OPS_Assignments',$,(#1147,#1148));
#1150=IFCRELDEFINESBYPROPERTIES('h3lj7PzlzZ_Rh981EH1jw5',#6,$,$,(#131),#1149);
#1151=IFCPROPERTYSINGLEVALUE('fTrVqxn7IBPJQnnVNDztWd#0',$,IFCTEXT('2|UNIFORM'),$);
#1152=IFCPROPERTYSINGLEVALUE('R$vr$3qXlV_9xl$Xy7CDyd#1',$,IFCTEXT('1|UNIFORM'),$);
#1153=IFCPROPERTYSET('Kx1TiL3$m3G1mBM$n9EX8b',#6,'OPS_Assignments',$,(#1151,#1152));
#1154=IFCRELDEFINESBYPROPERTIES('DPkxYNHP5nljgrw$WtEVaR',#6,$,$,(#133),#1153);
#1155=IFCPROPERTYSINGLEVALUE('kbDPrTevKJSj_pnXZ3eVOZ#0',$,IFCTEXT('2|UNIFORM'),$);
#1156=IFCPROPERTYSINGLEVALUE('R$vr$3qXlV_9xl$Xy7CDyd#1',$,IFCTEXT('1|UNIFORM'),$);
#1157=IFCPROPERTYSET('O5qDPbkHlXUNDlxnkZyhMf',#6,'OPS_Assignments',$,(#1155,#1156));
#1158=IFCRELDEFINESBYPROPERTIES('VzC5QDwvsBhl9BEXCzOH75',#6,$,$,(#135),#1157);
#1159=IFCPROPERTYSINGLEVALUE('fTrVqxn7IBPJQnnVNDztWd#0',$,IFCTEXT('2|UNIFORM'),$);
#1160=IFCPROPERTYSINGLEVALUE('R$vr$3qXlV_9xl$Xy7CDyd#1',$,IFCTEXT('1|UNIFORM'),$);
#1161=IFCPROPERTYSET('yHJdfjh$ALVRDzBFRVbFnx',#6,'OPS_Assignments',$,(#1159,#1160));
#1162=IFCRELDEFINESBYPROPERTIES('BjJPhjUFUD6$CB6$O5MTBP',#6,$,$,(#137),#1161);
#1163=IFCPROPERTYSINGLEVALUE('kbDPrTevKJSj_pnXZ3eVOZ#0',$,IFCTEXT('2|UNIFORM'),$);
#1164=IFCPROPERTYSINGLEVALUE('R$vr$3qXlV_9xl$Xy7CDyd#1',$,IFCTEXT('1|UNIFORM'),$);
#1165=IFCPROPERTYSET('$HXh93bnEFtRDZnXBtQvLJ',#6,'OPS_Assignments',$,(#1163,#1164));
#1166=IFCRELDEFINESBYPROPERTIES('8pXLzvv91B5VgNO1SRH31f',#6,$,$,(#139),#1165);
#1167=IFCPROPERTYSINGLEVALUE('fTrVqxn7IBPJQnnVNDztWd#0',$,IFCTEXT('2|UNIFORM'),$);
#1168=IFCPROPERTYSINGLEVALUE('R$vr$3qXlV_9xl$Xy7CDyd#1',$,IFCTEXT('1|UNIFORM'),$);
#1169=IFCPROPERTYSET('AfsZqvP9FlG18t0V$15Xm1',#6,'OPS_Assignments',$,(#1167,#1168));
#1170=IFCRELDEFINESBYPROPERTIES('3D69IJh1gxljMLoF29oX4d',#6,$,$,(#141),#1169);
#1171=IFCPROPERTYSINGLEVALUE('kbDPrTevKJSj_pnXZ3eVOZ#0',$,IFCTEXT('2|UNIFORM'),$);
#1172=IFCPROPERTYSINGLEVALUE('R$vr$3qXlV_9xl$Xy7CDyd#1',$,IFCTEXT('1|UNIFORM'),$);
#1173=IFCPROPERTYSET('db09cD_NAhnLU3HXPlJ7xB',#6,'OPS_Assignments',$,(#1171,#1172));
#1174=IFCRELDEFINESBYPROPERTIES('WVZNuBOdLdibpTv$oDoRtJ',#6,$,$,(#143),#1173);
#1175=IFCPROPERTYSINGLEVALUE('fTrVqxn7IBPJQnnVNDztWd#0',$,IFCTEXT('2|UNIFORM'),$);
#1176=IFCPROPERTYSINGLEVALUE('R$vr$3qXlV_9xl$Xy7CDyd#1',$,IFCTEXT('1|UNIFORM'),$);
#1177=IFCPROPERTYSET('8B6tkpffU7G18Hd1xrKj2T',#6,'OPS_Assignments',$,(#1175,#1176));
#1178=IFCRELDEFINESBYPROPERTIES('1jMzEVklzTUxrDf$h7yhQr',#6,$,$,(#145),#1177);
#1179=IFCPROPERTYSINGLEVALUE('kbDPrTevKJSj_pnXZ3eVOZ#0',$,IFCTEXT('2|UNIFORM'),$);
#1180=IFCPROPERTYSINGLEVALUE('R$vr$3qXlV_9xl$Xy7CDyd#1',$,IFCTEXT('1|UNIFORM'),$);
#1181=IFCPROPERTYSET('Kvq5Y9T1Q$or0Tv$ML0v9J',#6,'OPS_Assignments',$,(#1179,#1180));
#1182=IFCRELDEFINESBYPROPERTIES('b5S3Ub_F0rFLEhglEpszRx',#6,$,$,(#147),#1181);
#1183=IFCPROPERTYSINGLEVALUE('fTrVqxn7IBPJQnnVNDztWd#0',$,IFCTEXT('2|UNIFORM'),$);
#1184=IFCPROPERTYSINGLEVALUE('R$vr$3qXlV_9xl$Xy7CDyd#1',$,IFCTEXT('1|UNIFORM'),$);
#1185=IFCPROPERTYSET('U3CxknqXtB933RWXRbwdvN',#6,'OPS_Assignments',$,(#1183,#1184));
#1186=IFCRELDEFINESBYPROPERTIES('bVZfebcXHVEvc3jl5HzNA7',#6,$,$,(#149),#1185);
#1187=IFCPROPERTYSINGLEVALUE('kbDPrTevKJSj_pnXZ3eVOZ#0',$,IFCTEXT('2|UNIFORM'),$);
#1188=IFCPROPERTYSINGLEVALUE('R$vr$3qXlV_9xl$Xy7CDyd#1',$,IFCTEXT('1|UNIFORM'),$);
#1189=IFCPROPERTYSET('8LwDH$P9N5tbPnXVqHDP1J',#6,'OPS_Assignments',$,(#1187,#1188));
#1190=IFCRELDEFINESBYPROPERTIES('1Dw96TW99hhlXl$XKpYLQr',#6,$,$,(#151),#1189);
#1191=IFCPROPERTYSINGLEVALUE('fTrVqxn7IBPJQnnVNDztWd#0',$,IFCTEXT('2|UNIFORM'),$);
#1192=IFCPROPERTYSINGLEVALUE('R$vr$3qXlV_9xl$Xy7CDyd#1',$,IFCTEXT('1|UNIFORM'),$);
#1193=IFCPROPERTYSET('4n9DX9yHN5VzV5mXiJI1A3',#6,'OPS_Assignments',$,(#1191,#1192));
#1194=IFCRELDEFINESBYPROPERTIES('Bpnxo3hlNnlj_pt1Vp2BeT',#6,$,$,(#153),#1193);
#1195=IFCPROPERTYSINGLEVALUE('kbDPrTevKJSj_pnXZ3eVOZ#0',$,IFCTEXT('2|UNIFORM'),$);
#1196=IFCPROPERTYSINGLEVALUE('R$vr$3qXlV_9xl$Xy7CDyd#1',$,IFCTEXT('1|UNIFORM'),$);
#1197=IFCPROPERTYSET('3HfJNnaljNjv2D$Xsb2lzd',#6,'OPS_Assignments',$,(#1195,#1196));
#1198=IFCRELDEFINESBYPROPERTIES('ADNjT5c7utfZDlDHBDRFlL',#6,$,$,(#155),#1197);
#1199=IFCPROPERTYSINGLEVALUE('fTrVqxn7IBPJQnnVNDztWd#0',$,IFCTEXT('2|UNIFORM'),$);
#1200=IFCPROPERTYSINGLEVALUE('R$vr$3qXlV_9xl$Xy7CDyd#1',$,IFCTEXT('1|UNIFORM'),$);
#1201=IFCPROPERTYSET('3jEbC7F7k$nLUzXV_R7bZf',#6,'OPS_Assignments',$,(#1199,#1200));
#1202=IFCRELDEFINESBYPROPERTIES('yHhlxr9NgxPrmBw14ht3pF',#6,$,$,(#157),#1201);
#1203=IFCPROPERTYSINGLEVALUE('kbDPrTevKJSj_pnXZ3eVOZ#0',$,IFCTEXT('2|UNIFORM'),$);
#1204=IFCPROPERTYSINGLEVALUE('R$vr$3qXlV_9xl$Xy7CDyd#1',$,IFCTEXT('1|UNIFORM'),$);
#1205=IFCPROPERTYSET('VT8VSHmNePtbl3v1zpwJQH',#6,'OPS_Assignments',$,(#1203,#1204));
#1206=IFCRELDEFINESBYPROPERTIES('QVh1gXpFc12RH3FXbXr1kP',#6,$,$,(#159),#1205);
#1207=IFCPROPERTYSINGLEVALUE('fTrVqxn7IBPJQnnVNDztWd#0',$,IFCTEXT('2|UNIFORM'),$);
#1208=IFCPROPERTYSINGLEVALUE('R$vr$3qXlV_9xl$Xy7CDyd#1',$,IFCTEXT('1|UNIFORM'),$);
#1209=IFCPROPERTYSET('4HjdZNHPp5FDSpVV4hVRTN',#6,'OPS_Assignments',$,(#1207,#1208));
#1210=IFCRELDEFINESBYPROPERTIES('BJJPVfOvKNcXkld$bbQ7fZ',#6,$,$,(#161),#1209);
#1211=IFCPROPERTYSINGLEVALUE('kbDPrTevKJSj_pnXZ3eVOZ#0',$,IFCTEXT('2|UNIFORM'),$);
#1212=IFCPROPERTYSINGLEVALUE('R$vr$3qXlV_9xl$Xy7CDyd#1',$,IFCTEXT('1|UNIFORM'),$);
#1213=IFCPROPERTYSET('7BgdVtKFsNLlvj7$rf_BqF',#6,'OPS_Assignments',$,(#1211,#1212));
#1214=IFCRELDEFINESBYPROPERTIES('0l$rBPol$hfTbhcHTT4TL9',#6,$,$,(#163),#1213);
#1215=IFCPROPERTYSINGLEVALUE('fTrVqxn7IBPJQnnVNDztWd#0',$,IFCTEXT('2|UNIFORM'),$);
#1216=IFCPROPERTYSINGLEVALUE('R$vr$3qXlV_9xl$Xy7CDyd#1',$,IFCTEXT('1|UNIFORM'),$);
#1217=IFCPROPERTYSET('6roFzrevmJgzVR4FHPyZ$J',#6,'OPS_Assignments',$,(#1215,#1216));
#1218=IFCRELDEFINESBYPROPERTIES('$nLH17_NUDUNXHnV$$zfcn',#6,$,$,(#165),#1217);
#1219=IFCPROPERTYSINGLEVALUE('kbDPrTevKJSj_pnXZ3eVOZ#0',$,IFCTEXT('2|UNIFORM'),$);
#1220=IFCPROPERTYSINGLEVALUE('R$vr$3qXlV_9xl$Xy7CDyd#1',$,IFCTEXT('1|UNIFORM'),$);
#1221=IFCPROPERTYSET('9jLljXQVHV61eXZlO5_BCn',#6,'OPS_Assignments',$,(#1219,#1220));
#1222=IFCRELDEFINESBYPROPERTIES('Gf8F3La$krdJoBQ$cTb1gD',#6,$,$,(#167),#1221);
#1223=IFCPROPERTYSINGLEVALUE('fTrVqxn7IBPJQnnVNDztWd#0',$,IFCTEXT('2|UNIFORM'),$);
#1224=IFCPROPERTYSINGLEVALUE('R$vr$3qXlV_9xl$Xy7CDyd#1',$,IFCTEXT('1|UNIFORM'),$);
#1225=IFCPROPERTYSET('Gt4TuBmf0hR189WXzH9Byh',#6,'OPS_Assignments',$,(#1223,#1224));
#1226=IFCRELDEFINESBYPROPERTIES('f7SLH$FvY7O9b1P1Gl7RF$',#6,$,$,(#169),#1225);
#1227=IFCPROPERTYSINGLEVALUE('fTrVqxn7IBPJQnnVNDztWd#0',$,IFCTEXT('2|UNIFORM'),$);
#1228=IFCPROPERTYSET('3llRK9hlhDsHJV1VOjXp8R',#6,'OPS_Assignments',$,(#1227));
#1229=IFCRELDEFINESBYPROPERTIES('AplbW1v9p7BF7V71BtYF3B',#6,$,$,(#171),#1228);
#1230=IFCPROPERTYSINGLEVALUE('fTrVqxn7IBPJQnnVNDztWd#0',$,IFCTEXT('2|UNIFORM'),$);
#1231=IFCPROPERTYSINGLEVALUE('R$vr$3qXlV_9xl$Xy7CDyd#1',$,IFCTEXT('1|UNIFORM'),$);
#1232=IFCPROPERTYSET('RxazkJbXbLDdSdUXDLnhEf',#6,'OPS_Assignments',$,(#1230,#1231));
#1233=IFCRELDEFINESBYPROPERTIES('Y$$ZyT87gddrSDXV4viJAT',#6,$,$,(#173),#1232);
#1234=IFCPROPERTYSINGLEVALUE('oBtpl1fNwH8N9hIFqT4hcF#0',$,IFCTEXT('40|FRONT_LOADED'),$);
#1235=IFCPROPERTYSET('mNWN0npXJNzfxxO$3nhVKj',#6,'OPS_Assignments',$,(#1234));
#1236=IFCRELDEFINESBYPROPERTIES('fPWNSjM1sfpdap$VEDoRv5',#6,$,$,(#179),#1235);
#1237=IFCPROPERTYSINGLEVALUE('kbDPrTevKJSj_pnXZ3eVOZ#0',$,IFCTEXT('2|UNIFORM'),$);
#1238=IFCPROPERTYSINGLEVALUE('R$vr$3qXlV_9xl$Xy7CDyd#1',$,IFCTEXT('1|UNIFORM'),$);
#1239=IFCPROPERTYSET('5h6pB3SlzlWlbhclLvyTRV',#6,'OPS_Assignments',$,(#1237,#1238));
#1240=IFCRELDEFINESBYPROPERTIES('2nZfeZV7e7ZPCHjlFfA39j',#6,$,$,(#181),#1239);
#1241=IFCPROPERTYSINGLEVALUE('fTrVqxn7IBPJQnnVNDztWd#0',$,IFCTEXT('2|UNIFORM'),$);
#1242=IFCPROPERTYSINGLEVALUE('R$vr$3qXlV_9xl$Xy7CDyd#1',$,IFCTEXT('1|UNIFORM'),$);
#1243=IFCPROPERTYSET('sf6p7ha1gvp9xHHXD7G9ub',#6,'OPS_Assignments',$,(#1241,#1242));
#1244=IFCRELDEFINESBYPROPERTIES('zDsvdfNN0rHrWjN1I$LH5L',#6,$,$,(#183),#1243);
#1245=IFCPROPERTYSINGLEVALUE('kbDPrTevKJSj_pnXZ3eVOZ#0',$,IFCTEXT('2|UNIFORM'),$);
#1246=IFCPROPERTYSINGLEVALUE('R$vr$3qXlV_9xl$Xy7CDyd#1',$,IFCTEXT('1|UNIFORM'),$);
#1247=IFCPROPERTYSET('H5Vzct41qPSrqr2VdHR$w$',#6,'OPS_Assignments',$,(#1245,#1246));
#1248=IFCRELDEFINESBYPROPERTIES('sNULLpAd5HbXUtmXoJQ7T9',#6,$,$,(#185),#1247);
#1249=IFCPROPERTYSINGLEVALUE('fTrVqxn7IBPJQnnVNDztWd#0',$,IFCTEXT('2|UNIFORM'),$);
#1250=IFCPROPERTYSINGLEVALUE('R$vr$3qXlV_9xl$Xy7CDyd#1',$,IFCTEXT('1|UNIFORM'),$);
#1251=IFCPROPERTYSET('wLg3_7F7krt3ttaFrDpdtl',#6,'OPS_Assignments',$,(#1249,#1250));
#1252=IFCRELDEFINESBYPROPERTIES('1HXhZf9fEbz7APc1wpbnrP',#6,$,$,(#187),#1251);
#1253=IFCPROPERTYSINGLEVALUE('kbDPrTevKJSj_pnXZ3eVOZ#0',$,IFCTEXT('2|UNIFORM'),$);
#1254=IFCPROPERTYSINGLEVALUE('R$vr$3qXlV_9xl$Xy7CDyd#1',$,IFCTEXT('1|UNIFORM'),$);
#1255=IFCPROPERTYSET('s9A7jzT$2NIPmxSHZVVbln',#6,'OPS_Assignments',$,(#1253,#1254));
#1256=IFCRELDEFINESBYPROPERTIES('3JQjdfPtVPtRXxu1$1jvvx',#6,$,$,(#189),#1255);
#1257=IFCPROPERTYSINGLEVALUE('fTrVqxn7IBPJQnnVNDztWd#0',$,IFCTEXT('2|UNIFORM'),$);
#1258=IFCPROPERTYSINGLEVALUE('R$vr$3qXlV_9xl$Xy7CDyd#1',$,IFCTEXT('1|UNIFORM'),$);
#1259=IFCPROPERTYSET('ohR$Ar$7I11x3PIXwJ7b1t',#6,'OPS_Assignments',$,(#1257,#1258));
#1260=IFCRELDEFINESBYPROPERTIES('hdmPl$79Pv8vo$9$RxwjId',#6,$,$,(#191),#1259);
#1261=IFCPROPERTYSINGLEVALUE('kbDPrTevKJSj_pnXZ3eVOZ#0',$,IFCTEXT('2|UNIFORM'),$);
#1262=IFCPROPERTYSINGLEVALUE('R$vr$3qXlV_9xl$Xy7CDyd#1',$,IFCTEXT('1|UNIFORM'),$);
#1263=IFCPROPERTYSET('KbxFFLJVrNMnV581TzGtiD',#6,'OPS_Assignments',$,(#1261,#1262));
#1264=IFCRELDEFINESBYPROPERTIES('D7kH7r8dHDO9$hUFXHVD8b',#6,$,$,(#193),#1263);
#1265=IFCPROPERTYSINGLEVALUE('fTrVqxn7IBPJQnnVNDztWd#0',$,IFCTEXT('2|UNIFORM'),$);
#1266=IFCPROPERTYSINGLEVALUE('R$vr$3qXlV_9xl$Xy7CDyd#1',$,IFCTEXT('1|UNIFORM'),$);
#1267=IFCPROPERTYSET('VVJvpjpnshvD4fu1gHhH7x',#6,'OPS_Assignments',$,(#1265,#1266));
#1268=IFCRELDEFINESBYPROPERTIES('ez7rXJkHJBLl9BM$rtk$Az',#6,$,$,(#195),#1267);
#1269=IFCPROPERTYSINGLEVALUE('kbDPrTevKJSj_pnXZ3eVOZ#0',$,IFCTEXT('2|UNIFORM'),$);
#1270=IFCPROPERTYSINGLEVALUE('R$vr$3qXlV_9xl$Xy7CDyd#1',$,IFCTEXT('1|UNIFORM'),$);
#1271=IFCPROPERTYSET('GPQjpJB$a1XR7$hlpP4Lgp',#6,'OPS_Assignments',$,(#1269,#1270));
#1272=IFCRELDEFINESBYPROPERTIES('9tQfK9JXnnCZ9honYBZ9GF',#6,$,$,(#197),#1271);
#1273=IFCPROPERTYSINGLEVALUE('fTrVqxn7IBPJQnnVNDztWd#0',$,IFCTEXT('2|UNIFORM'),$);
#1274=IFCPROPERTYSINGLEVALUE('R$vr$3qXlV_9xl$Xy7CDyd#1',$,IFCTEXT('1|UNIFORM'),$);
#1275=IFCPROPERTYSET('uJpv7v1d7fgnlTLlPlZ9G$',#6,'OPS_Assignments',$,(#1273,#1274));
#1276=IFCRELDEFINESBYPROPERTIES('nLD7jzBlthpda7cHTTCpOr',#6,$,$,(#199),#1275);
#1277=IFCPROPERTYSINGLEVALUE('kbDPrTevKJSj_pnXZ3eVOZ#0',$,IFCTEXT('2|UNIFORM'),$);
#1278=IFCPROPERTYSINGLEVALUE('R$vr$3qXlV_9xl$Xy7CDyd#1',$,IFCTEXT('1|UNIFORM'),$);
#1279=IFCPROPERTYSET('0npvhf8d792bzxKn29k$Ql',#6,'OPS_Assignments',$,(#1277,#1278));
#1280=IFCRELDEFINESBYPROPERTIES('vHDvlRr1utdJ6pDFh3vpmH',#6,$,$,(#201),#1279);
#1281=IFCPROPERTYSINGLEVALUE('fTrVqxn7IBPJQnnVNDztWd#0',$,IFCTEXT('2|UNIFORM'),$);
#1282=IFCPROPERTYSINGLEVALUE('R$vr$3qXlV_9xl$Xy7CDyd#1',$,IFCTEXT('1|UNIFORM'),$);
#1283=IFCPROPERTYSET('$jk5_hCnyFtbv15lqHj7PB',#6,'OPS_Assignments',$,(#1281,#1282));
#1284=IFCRELDEFINESBYPROPERTIES('6HrFRVbXJtFhMrw$ipYh65',#6,$,$,(#203),#1283);
#1285=IFCPROPERTYSINGLEVALUE('kbDPrTevKJSj_pnXZ3eVOZ#0',$,IFCTEXT('2|UNIFORM'),$);
#1286=IFCPROPERTYSINGLEVALUE('R$vr$3qXlV_9xl$Xy7CDyd#1',$,IFCTEXT('1|UNIFORM'),$);
#1287=IFCPROPERTYSET('IRTfC5nvANZtv$jFjxRnxF',#6,'OPS_Assignments',$,(#1285,#1286));
#1288=IFCRELDEFINESBYPROPERTIES('r96to1otJNzNNxClwDJ7$N',#6,$,$,(#205),#1287);
#1289=IFCPROPERTYSINGLEVALUE('fTrVqxn7IBPJQnnVNDztWd#0',$,IFCTEXT('2|UNIFORM'),$);
#1290=IFCPROPERTYSINGLEVALUE('R$vr$3qXlV_9xl$Xy7CDyd#1',$,IFCTEXT('1|UNIFORM'),$);
#1291=IFCPROPERTYSET('BfwDjX6VNF1Tpl5FQdGfMj',#6,'OPS_Assignments',$,(#1289,#1290));
#1292=IFCRELDEFINESBYPROPERTIES('4DA7BPkHPDIdyTJnR$XDmX',#6,$,$,(#207),#1291);
#1293=IFCPROPERTYSINGLEVALUE('kbDPrTevKJSj_pnXZ3eVOZ#0',$,IFCTEXT('2|UNIFORM'),$);
#1294=IFCPROPERTYSINGLEVALUE('R$vr$3qXlV_9xl$Xy7CDyd#1',$,IFCTEXT('1|UNIFORM'),$);
#1295=IFCPROPERTYSET('B969kna1296JYzFXrNszRR',#6,'OPS_Assignments',$,(#1293,#1294));
#1296=IFCRELDEFINESBYPROPERTIES('4j2rbVZlvt6jEXTlqHJ7vb',#6,$,$,(#209),#1295);
#1297=IFCPROPERTYSINGLEVALUE('fTrVqxn7IBPJQnnVNDztWd#0',$,IFCTEXT('2|UNIFORM'),$);
#1298=IFCPROPERTYSINGLEVALUE('R$vr$3qXlV_9xl$Xy7CDyd#1',$,IFCTEXT('1|UNIFORM'),$);
#1299=IFCPROPERTYSET('KbpdrTGNGTajUTRHUdKjwx',#6,'OPS_Assignments',$,(#1297,#1298));
#1300=IFCRELDEFINESBYPROPERTIES('D7s7j3bn_NkdK5mVeJfhwR',#6,$,$,(#211),#1299);
#1301=IFCPROPERTYSINGLEVALUE('kbDPrTevKJSj_pnXZ3eVOZ#0',$,IFCTEXT('2|UNIFORM'),$);
#1302=IFCPROPERTYSINGLEVALUE('R$vr$3qXlV_9xl$Xy7CDyd#1',$,IFCTEXT('1|UNIFORM'),$);
#1303=IFCPROPERTYSET('IxNRWVr1WRJfZfmXeRgf_V',#6,'OPS_Assignments',$,(#1301,#1302));
#1304=IFCRELDEFINESBYPROPERTIES('rfsZ8jTHvNcX6Vt1GFj7n1',#6,$,$,(#213),#1303);
#1305=IFCPROPERTYSINGLEVALUE('fTrVqxn7IBPJQnnVNDztWd#0',$,IFCTEXT('2|UNIFORM'),$);
#1306=IFCPROPERTYSINGLEVALUE('R$vr$3qXlV_9xl$Xy7CDyd#1',$,IFCTEXT('1|UNIFORM'),$);
#1307=IFCPROPERTYSET('xlZf4VUn6HmVELon6t2HXv',#6,'OPS_Assignments',$,(#1305,#1306));
#1308=IFCRELDEFINESBYPROPERTIES('qhTNW$fNgb3vEB_VbbgNUH',#6,$,$,(#215),#1307);
#1309=IFCPROPERTYSINGLEVALUE('kbDPrTevKJSj_pnXZ3eVOZ#0',$,IFCTEXT('2|UNIFORM'),$);
#1310=IFCPROPERTYSINGLEVALUE('R$vr$3qXlV_9xl$Xy7CDyd#1',$,IFCTEXT('1|UNIFORM'),$);
#1311=IFCPROPERTYSET('6nXLZf1v2tEBqlDH9P0v7R',#6,'OPS_Assignments',$,(#1309,#1310));
#1312=IFCRELDEFINESBYPROPERTIES('DrXLHXjFiJiRBP_VbR2HrZ',#6,$,$,(#217),#1311);
#1313=IFCPROPERTYSINGLEVALUE('fTrVqxn7IBPJQnnVNDztWd#0',$,IFCTEXT('2|UNIFORM'),$);
#1314=IFCPROPERTYSINGLEVALUE('R$vr$3qXlV_9xl$Xy7CDyd#1',$,IFCTEXT('1|UNIFORM'),$);
#1315=IFCPROPERTYSET('wrIlDn4$a$7D49SnNfQpmV',#6,'OPS_Assignments',$,(#1313,#1314));
#1316=IFCRELDEFINESBYPROPERTIES('$FrFXJg1obLlRLIna9s98b',#6,$,$,(#219),#1315);
#1317=IFCPROPERTYSINGLEVALUE('kbDPrTevKJSj_pnXZ3eVOZ#0',$,IFCTEXT('2|UNIFORM'),$);
#1318=IFCPROPERTYSINGLEVALUE('R$vr$3qXlV_9xl$Xy7CDyd#1',$,IFCTEXT('1|UNIFORM'),$);
#1319=IFCPROPERTYSET('P5SLLDE9p737I5u$HP4h_3',#6,'OPS_Assignments',$,(#1317,#1318));
#1320=IFCRELDEFINESBYPROPERTIES('W17rNlOPN5nDut0VzJgN65',#6,$,$,(#221),#1319);
#1321=IFCPROPERTYSINGLEVALUE('fTrVqxn7IBPJQnnVNDztWd#0',$,IFCTEXT('2|UNIFORM'),$);
#1322=IFCPROPERTYSINGLEVALUE('R$vr$3qXlV_9xl$Xy7CDyd#1',$,IFCTEXT('1|UNIFORM'),$);
#1323=IFCPROPERTYSET('wrU$w3a$QjqTn7wlXjQ7dh',#6,'OPS_Assignments',$,(#1321,#1322));
#1324=IFCRELDEFINESBYPROPERTIES('$F5VmdwXVRbXsdw1CHLl5r',#6,$,$,(#223),#1323);
#1325=IFCPROPERTYSINGLEVALUE('kbDPrTevKJSj_pnXZ3eVOZ#0',$,IFCTEXT('2|UNIFORM'),$);
#1326=IFCPROPERTYSINGLEVALUE('R$vr$3qXlV_9xl$Xy7CDyd#1',$,IFCTEXT('1|UNIFORM'),$);
#1327=IFCPROPERTYSET('l9a32redrNcXMfO1XJI1sd',#6,'OPS_Assignments',$,(#1325,#1326));
#1328=IFCRELDEFINESBYPROPERTIES('e5SzALrH1tdJUZrlDhXRj$',#6,$,$,(#225),#1327);
#1329=IFCPROPERTYSINGLEVALUE('fTrVqxn7IBPJQnnVNDztWd#0',$,IFCTEXT('2|UNIFORM'),$);
#1330=IFCPROPERTYSINGLEVALUE('R$vr$3qXlV_9xl$Xy7CDyd#1',$,IFCTEXT('1|UNIFORM'),$);
#1331=IFCPROPERTYSET('EPUhxr79HpePO1v1UBZ94d',#6,'OPS_Assignments',$,(#1329,#1330));
#1332=IFCRELDEFINESBYPROPERTIES('vBIlhp67ox9Rdn$Xk1j7z7',#6,$,$,(#227),#1331);
#1333=IFCPROPERTYSINGLEVALUE('fTrVqxn7IBPJQnnVNDztWd#0',$,IFCTEXT('2|UNIFORM'),$);
#1334=IFCPROPERTYSET('yDoFtXwX5R37Y3lX5hWPDJ',#6,'OPS_Assignments',$,(#1333));
#1335=IFCRELDEFINESBYPROPERTIES('znhlJV6V7tATdzJHVlHz19',#6,$,$,(#229),#1334);
#1336=IFCPROPERTYSINGLEVALUE('fTrVqxn7IBPJQnnVNDztWd#0',$,IFCTEXT('2|UNIFORM'),$);
#1337=IFCPROPERTYSINGLEVALUE('R$vr$3qXlV_9xl$Xy7CDyd#1',$,IFCTEXT('1|UNIFORM'),$);
#1338=IFCPROPERTYSET('$J6p$vQvCZEBSD71s1nZpp',#6,'OPS_Assignments',$,(#1336,#1337));
#1339=IFCRELDEFINESBYPROPERTIES('6lpvBvMdFzAl5xGXMFHBaN',#6,$,$,(#231),#1338);
#1340=IFCPROPERTYSINGLEVALUE('oBtpl1fNwH8N9hIFqT4hcF#0',$,IFCTEXT('40|FRONT_LOADED'),$);
#1341=IFCPROPERTYSET('eRGdzvv95RLH5byH7xoR19',#6,'OPS_Assignments',$,(#1340));
#1342=IFCRELDEFINESBYPROPERTIES('VTGPVtaH91HBmBkXI3WdJz',#6,$,$,(#237),#1341);
#1343=IFCPROPERTYSINGLEVALUE('kbDPrTevKJSj_pnXZ3eVOZ#0',$,IFCTEXT('2|UNIFORM'),$);
#1344=IFCPROPERTYSINGLEVALUE('R$vr$3qXlV_9xl$Xy7CDyd#1',$,IFCTEXT('1|UNIFORM'),$);
#1345=IFCPROPERTYSET('U3ah$P_niNkdGRu1tTjvTt',#6,'OPS_Assignments',$,(#1343,#1344));
#1346=IFCRELDEFINESBYPROPERTIES('bVJvzhylPDUN5RaFR52ruD',#6,$,$,(#239),#1345);
#1347=IFCPROPERTYSINGLEVALUE('fTrVqxn7IBPJQnnVNDztWd#0',$,IFCTEXT('2|UNIFORM'),$);
#1348=IFCPROPERTYSINGLEVALUE('R$vr$3qXlV_9xl$Xy7CDyd#1',$,IFCTEXT('1|UNIFORM'),$);
#1349=IFCPROPERTYSET('jRz9U5sPH$Y555GXSfIx3B',#6,'OPS_Assignments',$,(#1347,#1348));
#1350=IFCRELDEFINESBYPROPERTIES('qtcf8Bmf0BHrGhkFWtMN23',#6,$,$,(#241),#1349);
#1351=IFCPROPERTYSINGLEVALUE('kbDPrTevKJSj_pnXZ3eVOZ#0',$,IFCTEXT('2|UNIFORM'),$);
#1352=IFCPROPERTYSINGLEVALUE('R$vr$3qXlV_9xl$Xy7CDyd#1',$,IFCTEXT('1|UNIFORM'),$);
#1353=IFCPROPERTYSET('fPm7pDtfCzkdCnv$EHnZV3',#6,'OPS_Assignments',$,(#1351,#1352));
#1354=IFCRELDEFINESBYPROPERTIES('UZmvnLz1OFyLMfWXdlj7V7',#6,$,$,(#243),#1353);
#1355=IFCPROPERTYSINGLEVALUE('fTrVqxn7IBPJQnnVNDztWd#0',$,IFCTEXT('2|UNIFORM'),$);
#1356=IFCPROPERTYSINGLEVALUE('R$vr$3qXlV_9xl$Xy7CDyd#1',$,IFCTEXT('1|UNIFORM'),$);
#1357=IFCPROPERTYSET('3jIx2rOP3TcpyznVHvmt4v',#6,'OPS_Assignments',$,(#1355,#1356));
#1358=IFCRELDEFINESBYPROPERTIES('4lBFb$9fCZkLwX7$ZZSz3d',#6,$,$,(#245),#1357);
#1359=IFCPROPERTYSINGLEVALUE('kbDPrTevKJSj_pnXZ3eVOZ#0',$,IFCTEXT('2|UNIFORM'),$);
#1360=IFCPROPERTYSINGLEVALUE('R$vr$3qXlV_9xl$Xy7CDyd#1',$,IFCTEXT('1|UNIFORM'),$);
#1361=IFCPROPERTYSET('tfcJ77Nfg7LH7JHV$Ta3pH',#6,'OPS_Assignments',$,(#1359,#1360));
#1362=IFCRELDEFINESBYPROPERTIES('2pklLjwVd7m1CFVV8LmfUn',#6,$,$,(#247),#1361);
#1363=IFCPROPERTYSINGLEVALUE('fTrVqxn7IBPJQnnVNDztWd#0',$,IFCTEXT('2|UNIFORM'),$);
#1364=IFCPROPERTYSINGLEVALUE('R$vr$3qXlV_9xl$Xy7CDyd#1',$,IFCTEXT('1|UNIFORM'),$);
#1365=IFCPROPERTYSET('gzNbe5APJBpPWDJnb$lzVd',#6,'OPS_Assignments',$,(#1363,#1364));
#1366=IFCRELDEFINESBYPROPERTIES('nP6DV9SHLDkPqHDHJ9styB',#6,$,$,(#249),#1365);
#1367=IFCPROPERTYSINGLEVALUE('kbDPrTevKJSj_pnXZ3eVOZ#0',$,IFCTEXT('2|UNIFORM'),$);
#1368=IFCPROPERTYSINGLEVALUE('R$vr$3qXlV_9xl$Xy7CDyd#1',$,IFCTEXT('1|UNIFORM'),$);
#1369=IFCPROPERTYSET('sDVL7hCXTDm$GLQl3pwJ2Z',#6,'OPS_Assignments',$,(#1367,#1368));
#1370=IFCRELDEFINESBYPROPERTIES('l94BtX6Vj9nL_PoVC3mfw1',#6,$,$,(#251),#1369);
#1371=IFCPROPERTYSINGLEVALUE('fTrVqxn7IBPJQnnVNDztWd#0',$,IFCTEXT('2|UNIFORM'),$);
#1372=IFCPROPERTYSINGLEVALUE('R$vr$3qXlV_9xl$Xy7CDyd#1',$,IFCTEXT('1|UNIFORM'),$);
#1373=IFCPROPERTYSET('Rb0t_dJFqdCTBpv$s1dxDp',#6,'OPS_Assignments',$,(#1371,#1372));
#1374=IFCRELDEFINESBYPROPERTIES('YXTNGfGfcJKbbVJHLPGtKJ',#6,$,$,(#253),#1373);
#1375=IFCPROPERTYSINGLEVALUE('kbDPrTevKJSj_pnXZ3eVOZ#0',$,IFCTEXT('2|UNIFORM'),$);
#1376=IFCPROPERTYSINGLEVALUE('R$vr$3qXlV_9xl$Xy7CDyd#1',$,IFCTEXT('1|UNIFORM'),$);
#1377=IFCPROPERTYSET('Mz1TW1lvaBBn$LgHEDk51j',#6,'OPS_Assignments',$,(#1375,#1376));
#1378=IFCRELDEFINESBYPROPERTIES('FPkxIJxXl1_bjJP$zHHztD',#6,$,$,(#255),#1377);
#1379=IFCPROPERTYSINGLEVALUE('fTrVqxn7IBPJQnnVNDztWd#0',$,IFCTEXT('2|UNIFORM'),$);
#1380=IFCPROPERTYSINGLEVALUE('R$vr$3qXlV_9xl$Xy7CDyd#1',$,IFCTEXT('1|UNIFORM'),$);
#1381=IFCPROPERTYSET('vHBnZbolHJyDap9$rjl31N',#6,'OPS_Assignments',$,(#1379,#1380));
#1382=IFCRELDEFINESBYPROPERTIES('EhBFvPzlhv87_DlVVDERfT',#6,$,$,(#257),#1381);
#1383=IFCPROPERTYSINGLEVALUE('kbDPrTevKJSj_pnXZ3eVOZ#0',$,IFCTEXT('2|UNIFORM'),$);
#1384=IFCPROPERTYSINGLEVALUE('R$vr$3qXlV_9xl$Xy7CDyd#1',$,IFCTEXT('1|UNIFORM'),$);
#1385=IFCPROPERTYSET('ZTeH1vc7WRp9dnd1afAzfZ',#6,'OPS_Assignments',$,(#1383,#1384));
#1386=IFCRELDEFINESBYPROPERTIES('aV5FpjpFUpMnf7oFMBKjQB',#6,$,$,(#259),#1385);
#1387=IFCPROPERTYSINGLEVALUE('fTrVqxn7IBPJQnnVNDztWd#0',$,IFCTEXT('2|UNIFORM'),$);
#1388=IFCPROPERTYSINGLEVALUE('R$vr$3qXlV_9xl$Xy7CDyd#1',$,IFCTEXT('1|UNIFORM'),$);
#1389=IFCPROPERTYSET('TTuVGP2FqdqxvpLldljv1N',#6,'OPS_Assignments',$,(#1387,#1388));
#1390=IFCRELDEFINESBYPROPERTIES('SVL$_Pzll$AZZ9antPeHHn',#6,$,$,(#261),#1389);
#1391=IFCPROPERTYSINGLEVALUE('kbDPrTevKJSj_pnXZ3eVOZ#0',$,IFCTEXT('2|UNIFORM'),$);
#1392=IFCPROPERTYSINGLEVALUE('R$vr$3qXlV_9xl$Xy7CDyd#1',$,IFCTEXT('1|UNIFORM'),$);
#1393=IFCPROPERTYSET('_jER4VEH91lrKxGV8zFL2$',#6,'OPS_Assignments',$,(#1391,#1392));
#1394=IFCRELDEFINESBYPROPERTIES('xFtDDHev0rFhMNGX07eHBZ',#6,$,$,(#263),#1393);
#1395=IFCPROPERTYSINGLEVALUE('fTrVqxn7IBPJQnnVNDztWd#0',$,IFCTEXT('2|UNIFORM'),$);
#1396=IFCPROPERTYSINGLEVALUE('R$vr$3qXlV_9xl$Xy7CDyd#1',$,IFCTEXT('1|UNIFORM'),$);
#1397=IFCPROPERTYSET('spPzUxUNWx$Z$XrFLP07V7',#6,'OPS_Assignments',$,(#1395,#1396));
#1398=IFCRELDEFINESBYPROPERTIES('H94ZmfePthDde$917$FZvt',#6,$,$,(#265),#1397);
#1399=IFCPROPERTYSINGLEVALUE('kbDPrTevKJSj_pnXZ3eVOZ#0',$,IFCTEXT('2|UNIFORM'),$);
#1400=IFCPROPERTYSINGLEVALUE('R$vr$3qXlV_9xl$Xy7CDyd#1',$,IFCTEXT('1|UNIFORM'),$);
#1401=IFCPROPERTYSET('4DEFj3RFExdr4tilmFLVOL',#6,'OPS_Assignments',$,(#1399,#1400));
#1402=IFCRELDEFINESBYPROPERTIES('zFLHXNW9vzO97$ZnYPqbfZ',#6,$,$,(#267),#1401);
#1403=IFCPROPERTYSINGLEVALUE('fTrVqxn7IBPJQnnVNDztWd#0',$,IFCTEXT('2|UNIFORM'),$);
#1404=IFCPROPERTYSINGLEVALUE('R$vr$3qXlV_9xl$Xy7CDyd#1',$,IFCTEXT('1|UNIFORM'),$);
#1405=IFCPROPERTYSET('pBfjRVr1Czo76X7$1XlByr',#6,'OPS_Assignments',$,(#1403,#1404));
#1406=IFCRELDEFINESBYPROPERTIES('i7qDDHGNufj7sxKlKjwdPd',#6,$,$,(#269),#1405);
#1407=IFCPROPERTYSINGLEVALUE('kbDPrTevKJSj_pnXZ3eVOZ#0',$,IFCTEXT('2|UNIFORM'),$);
#1408=IFCPROPERTYSINGLEVALUE('R$vr$3qXlV_9xl$Xy7CDyd#1',$,IFCTEXT('1|UNIFORM'),$);
#1409=IFCPROPERTYSET('nPYL9Z$vExHJsxSFBDj7Rb',#6,'OPS_Assignments',$,(#1407,#1408));
#1410=IFCRELDEFINESBYPROPERTIES('uBIH9zpVlDOP8FRHgFFhwb',#6,$,$,(#271),#1409);
#1411=IFCPROPERTYSINGLEVALUE('fTrVqxn7IBPJQnnVNDztWd#0',$,IFCTEXT('2|UNIFORM'),$);
#1412=IFCPROPERTYSINGLEVALUE('R$vr$3qXlV_9xl$Xy7CDyd#1',$,IFCTEXT('1|UNIFORM'),$);
#1413=IFCPROPERTYSET('SZ0tozpXzHGV6j91e5Uhch',#6,'OPS_Assignments',$,(#1411,#1412));
#1414=IFCRELDEFINESBYPROPERTIES('Z1fbSnCFOnarGbmXMBSru5',#6,$,$,(#273),#1413);
#1415=IFCPROPERTYSINGLEVALUE('kbDPrTevKJSj_pnXZ3eVOZ#0',$,IFCTEXT('2|UNIFORM'),$);
#1416=IFCPROPERTYSINGLEVALUE('R$vr$3qXlV_9xl$Xy7CDyd#1',$,IFCTEXT('1|UNIFORM'),$);
#1417=IFCPROPERTYSET('vhULRbh1At7DO$t$5hmtyr',#6,'OPS_Assignments',$,(#1415,#1416));
#1418=IFCRELDEFINESBYPROPERTIES('0nLHH1tfmzGVwDpnBpbnZ5',#6,$,$,(#275),#1417);
#1419=IFCPROPERTYSINGLEVALUE('fTrVqxn7IBPJQnnVNDztWd#0',$,IFCTEXT('2|UNIFORM'),$);
#1420=IFCPROPERTYSINGLEVALUE('R$vr$3qXlV_9xl$Xy7CDyd#1',$,IFCTEXT('1|UNIFORM'),$);
#1421=IFCPROPERTYSET('prP3sHffWbzvEhAHm$j79D',#6,'OPS_Assignments',$,(#1419,#1420));
#1422=IFCRELDEFINESBYPROPERTIES('ivyZW179RhhH$1lXF5RF5n',#6,$,$,(#277),#1421);
#1423=IFCPROPERTYSINGLEVALUE('kbDPrTevKJSj_pnXZ3eVOZ#0',$,IFCTEXT('2|UNIFORM'),$);
#1424=IFCPROPERTYSINGLEVALUE('R$vr$3qXlV_9xl$Xy7CDyd#1',$,IFCTEXT('1|UNIFORM'),$);
#1425=IFCPROPERTYSET('a3yrl5nvQ1oBqFt$b5Ebn$',#6,'OPS_Assignments',$,(#1423,#1424));
#1426=IFCRELDEFINESBYPROPERTIES('TXpPbRr$mTaJYZpFtv4LcL',#6,$,$,(#279),#1425);
#1427=IFCPROPERTYSINGLEVALUE('fTrVqxn7IBPJQnnVNDztWd#0',$,IFCTEXT('2|UNIFORM'),$);
#1428=IFCPROPERTYSINGLEVALUE('R$vr$3qXlV_9xl$Xy7CDyd#1',$,IFCTEXT('1|UNIFORM'),$);
#1429=IFCPROPERTYSET('ovQNqxnvgPvLk581cZDdr7',#6,'OPS_Assignments',$,(#1427,#1428));
#1430=IFCRELDEFINESBYPROPERTIES('7hcJxnhlNlzv_jBnZ3unHh',#6,$,$,(#281),#1429);
#1431=IFCPROPERTYSINGLEVALUE('kbDPrTevKJSj_pnXZ3eVOZ#0',$,IFCTEXT('2|UNIFORM'),$);
#1432=IFCPROPERTYSINGLEVALUE('R$vr$3qXlV_9xl$Xy7CDyd#1',$,IFCTEXT('1|UNIFORM'),$);
#1433=IFCPROPERTYSET('uDvTuDF7o5np0Tf1B9oVCn',#6,'OPS_Assignments',$,(#1431,#1432));
#1434=IFCRELDEFINESBYPROPERTIES('nBXLXt4lTJK3Dz5FUrBFb1',#6,$,$,(#283),#1433);
#1435=IFCPROPERTYSINGLEVALUE('fTrVqxn7IBPJQnnVNDztWd#0',$,IFCTEXT('2|UNIFORM'),$);
#1436=IFCPROPERTYSINGLEVALUE('R$vr$3qXlV_9xl$Xy7CDyd#1',$,IFCTEXT('1|UNIFORM'),$);
#1437=IFCPROPERTYSET('vB2X0nJXRVJvo1FVdhunDD',#6,'OPS_Assignments',$,(#1435,#1436));
#1438=IFCRELDEFINESBYPROPERTIES('0HPz2PL$Q1Er8lFVZZSB09',#6,$,$,(#285),#1437);
#1439=IFCPROPERTYSINGLEVALUE('fTrVqxn7IBPJQnnVNDztWd#0',$,IFCTEXT('2|UNIFORM'),$);
#1440=IFCPROPERTYSET('HtCpFFLlfnf5xRKnkTqp09',#6,'OPS_Assignments',$,(#1439));
#1441=IFCRELDEFINESBYPROPERTIES('e5CDJ167Mx7LczBnntMN_z',#6,$,$,(#287),#1440);
#1442=IFCPROPERTYSINGLEVALUE('fTrVqxn7IBPJQnnVNDztWd#0',$,IFCTEXT('2|UNIFORM'),$);
#1443=IFCPROPERTYSINGLEVALUE('R$vr$3qXlV_9xl$Xy7CDyd#1',$,IFCTEXT('1|UNIFORM'),$);
#1444=IFCPROPERTYSET('eTbHTf791BrnxF3nOb6PLN',#6,'OPS_Assignments',$,(#1442,#1443));
#1445=IFCRELDEFINESBYPROPERTIES('H5np$PoHPvu76DzF8TZ9Kp',#6,$,$,(#289),#1444);
#1446=IFCPROPERTYSINGLEVALUE('mPg3oX2nKN_93bmXsRUnvN#0',$,IFCTEXT('2|UNIFORM'),$);
#1447=IFCPROPERTYSET('eZpdvhinEx7h_D1Vs$fL2z',#6,'OPS_Assignments',$,(#1446));
#1448=IFCRELDEFINESBYPROPERTIES('Hxdhbx7t3HuvEhglUhFh2Z',#6,$,$,(#303),#1447);
#1449=IFCPROPERTYSINGLEVALUE('mPg3oX2nKN_93bmXsRUnvN#0',$,IFCTEXT('2|UNIFORM'),$);
#1450=IFCPROPERTYSET('NvKbujbVB3O9zRO$Ob6Pvt',#6,'OPS_Assignments',$,(#1449));
#1451=IFCRELDEFINESBYPROPERTIES('Y3KRSD_NIBFhAbO$KDYhAP',#6,$,$,(#305),#1450);
#1452=IFCPROPERTYSINGLEVALUE('mPg3oX2nKN_93bmXsRUnvN#0',$,IFCTEXT('2|UNIFORM'),$);
#1453=IFCPROPERTYSET('FdUhzv$d3nCTXnLH9dGNw1',#6,'OPS_Assignments',$,(#1452));
#1454=IFCRELDEFINESBYPROPERTIES('urkHrZO7KDm1GB61WtwdlB',#6,$,$,(#323),#1453);
#1455=IFCPROPERTYSINGLEVALUE('mPg3oX2nKN_93bmXsRUnvN#0',$,IFCTEXT('2|UNIFORM'),$);
#1456=IFCPROPERTYSET('PXBXq5PtRVzfHtGVY70v1t',#6,'OPS_Assignments',$,(#1455));
#1457=IFCRELDEFINESBYPROPERTIES('I5PLT9pXbh5VYZ5l47a3ll',#6,$,$,(#325),#1456);
#1458=IFCPROPERTYSINGLEVALUE('mPg3oX2nKN_93bmXsRUnvN#0',$,IFCTEXT('2|UNIFORM'),$);
#1459=IFCPROPERTYSET('7hQjzr8vIrXRdHRFClR1ch',#6,'OPS_Assignments',$,(#1458));
#1460=IFCRELDEFINESBYPROPERTIES('0nz9cjElJt1xnv2FlBTti$',#6,$,$,(#343),#1459);
#1461=IFCPROPERTYSINGLEVALUE('mPg3oX2nKN_93bmXsRUnvN#0',$,IFCTEXT('2|UNIFORM'),$);
#1462=IFCPROPERTYSET('5FNJlx1PT$U5NRGVULfTZR',#6,'OPS_Assignments',$,(#1461));
#1463=IFCRELDEFINESBYPROPERTIES('qrNjbXxV$t1xL3XVonbFv9',#6,$,$,(#345),#1462);
#1464=IFCPROPERTYSINGLEVALUE('T11Tq5XPr9Mztfu1sxcpKJ#0',$,IFCTEXT('3|UNIFORM'),$);
#1465=IFCPROPERTYSET('3nZNyVQVH1AZ7DjFPr4hE5',#6,'OPS_Assignments',$,(#1464));
#1466=IFCRELDEFINESBYPROPERTIES('sJTNW1H7ijajE1N1rtMNAd',#6,$,$,(#375),#1465);
#1467=IFCPROPERTYSINGLEVALUE('T11Tq5XPr9Mztfu1sxcpKJ#0',$,IFCTEXT('3|UNIFORM'),$);
#1468=IFCPROPERTYSET('XzCDrZ09JtXb35CH25bnVZ',#6,'OPS_Assignments',$,(#1467));
#1469=IFCRELDEFINESBYPROPERTIES('c$ljFLLHhjATfRmVMrS3Zf',#6,$,$,(#377),#1468);
#1470=IFCPROPERTYSINGLEVALUE('5LI52vtNqvOPmxqnOjvbJ$#0',$,IFCTEXT('1|UNIFORM'),$);
#1471=IFCPROPERTYSET('DBPz_BmfC3slHt0XDL$xTb',#6,'OPS_Assignments',$,(#1470));
#1472=IFCRELDEFINESBYPROPERTIES('K7yTe5sPLdaJYN4l$$3fMj',#6,$,$,(#387),#1471);
#1473=IFCPROPERTYSINGLEVALUE('T11Tq5XPr9Mztfu1sxcpKJ#0',$,IFCTEXT('3|UNIFORM'),$);
#1474=IFCPROPERTYSET('Uz4ZO3rlBf_tjDbH2RHz$f',#6,'OPS_Assignments',$,(#1473));
#1475=IFCRELDEFINESBYPROPERTIES('RXL$EVwXXRptH3nXfjXpaf',#6,$,$,(#393),#1474);
#1476=IFCPROPERTYSINGLEVALUE('T11Tq5XPr9Mztfu1sxcpKJ#0',$,IFCTEXT('3|UNIFORM'),$);
#1477=IFCPROPERTYSET('6nNjH5F7oHLl1VxnwjvbTf',#6,'OPS_Assignments',$,(#1476));
#1478=IFCRELDEFINESBYPROPERTIES('pBfJZ5gdlJ4h2jzHwN2rSx',#6,$,$,(#395),#1477);
#1479=IFCPROPERTYSINGLEVALUE('5LI52vtNqvOPmxqnOjvbJ$#0',$,IFCTEXT('1|UNIFORM'),$);
#1480=IFCPROPERTYSET('exa3YxYNOvJf3Pc1c7qpa9',#6,'OPS_Assignments',$,(#1479));
#1481=IFCRELDEFINESBYPROPERTIES('Xz4rdNvtpdX3dn9$f9YFlB',#6,$,$,(#405),#1480);
#1482=IFCPROPERTYSINGLEVALUE('T11Tq5XPr9Mztfu1sxcpKJ#0',$,IFCTEXT('3|UNIFORM'),$);
#1483=IFCPROPERTYSET('A9U$kpNNsrJ7kRSn3Fr1w5',#6,'OPS_Assignments',$,(#1482));
#1484=IFCRELDEFINESBYPROPERTIES('3j2Bdt3$4FPBy3XVoFpPxn',#6,$,$,(#411),#1483);
#1485=IFCPROPERTYSINGLEVALUE('T11Tq5XPr9Mztfu1sxcpKJ#0',$,IFCTEXT('3|UNIFORM'),$);
#1486=IFCPROPERTYSET('7hUL$767QJi3pZ$Xs1vbT9',#6,'OPS_Assignments',$,(#1485));
#1487=IFCRELDEFINESBYPROPERTIES('0FhlLJEH5bzvQF71sXRnLf',#6,$,$,(#413),#1486);
#1488=IFCPROPERTYSINGLEVALUE('5LI52vtNqvOPmxqnOjvbJ$#0',$,IFCTEXT('1|UNIFORM'),$);
#1489=IFCPROPERTYSET('pr$B5Hldl$cpeXBFxHJvPB',#6,'OPS_Assignments',$,(#1488));
#1490=IFCRELDEFINESBYPROPERTIES('K7Shb5FvwF4p4fu1L7yLUj',#6,$,$,(#423),#1489);
#1491=IFCPROPERTYSINGLEVALUE('1nLll$Xdv3m$8FLlBJ9r0f#0',$,IFCTEXT('3|UNIFORM'),$);
#1492=IFCPROPERTYSET('R195kDtfeHWHPT9$XpwJ23',#6,'OPS_Assignments',$,(#1491));
#1493=IFCRELDEFINESBYPROPERTIES('iRh$MxNfoHbVMtiHyL7pGl',#6,$,$,(#431),#1492);
#1494=IFCPROPERTYSINGLEVALUE('SzCxEXYnkBXbv$zFeDj7Nz#0',$,IFCTEXT('3|FRONT_LOADED'),$);
#1495=IFCPROPERTYSET('xrcNajM1EH3vYz9$8Lunpp',#6,'OPS_Assignments',$,(#1494));
#1496=IFCRELDEFINESBYPROPERTIES('_lF5_LiXlpetHzFXlvOXWP',#6,$,$,(#433),#1495);
#1497=IFCPROPERTYSINGLEVALUE('rDd3IpXd73GXcl3lQdeVuD#0',$,IFCTEXT('2|BACK_LOADED'),$);
#1498=IFCPROPERTYSET('AJJdtZFPvNQX6XnVBtMN2z',#6,'OPS_Assignments',$,(#1497));
#1499=IFCRELDEFINESBYPROPERTIES('HN8FflGfwTwjQHzH2xxHxB',#6,$,$,(#435),#1498);
#1500=IFCPROPERTYSINGLEVALUE('T11Tq5XPr9Mztfu1sxcpKJ#0',$,IFCTEXT('3|BELL'),$);
#1501=IFCPROPERTYSET('8jrFfna1c$ErGLgHQTZtSb',#6,'OPS_Assignments',$,(#1500));
#1502=IFCRELDEFINESBYPROPERTIES('FhBnbVjnC3gFdlbFWf2rWd',#6,$,$,(#437),#1501);
#1503=IFCPROPERTYSINGLEVALUE('E7IlrZGN2twj2d_Vv$lz75#0',$,IFCTEXT('3|EARLY_PEAK'),$);
#1504=IFCPROPERTYSET('s969oX6XTXQXEVJHJRXDKD',#6,'OPS_Assignments',$,(#1503));
#1505=IFCRELDEFINESBYPROPERTIES('zjM3o3RFMRLH9BkXgrCbB3',#6,$,$,(#439),#1504);
#1506=IFCPROPERTYSINGLEVALUE('SzCxEXYnkBXbv$zFeDj7Nz#0',$,IFCTEXT('2|LATE_PEAK'),$);
#1507=IFCPROPERTYSET('i57BPtBll$U5ZN0XrtEXS9',#6,'OPS_Assignments',$,(#1506));
#1508=IFCRELDEFINESBYPROPERTIES('pdATCRRV9VrFr7MloHvRb5',#6,$,$,(#441),#1507);
#1509=IFCPROPERTYSINGLEVALUE('1nLll$Xdv3m$8FLlBJ9r0f#0',$,IFCTEXT('3|UNIFORM'),$);
#1510=IFCPROPERTYSET('QVRlb5dtr9U5XH7$Ph0vPL',#6,'OPS_Assignments',$,(#1509));
#1511=IFCRELDEFINESBYPROPERTIES('j5FD9z5nCZoBSvUFTZ4h2$',#6,$,$,(#449),#1510);
#1512=IFCPROPERTYSINGLEVALUE('SzCxEXYnkBXbv$zFeDj7Nz#0',$,IFCTEXT('3|FRONT_LOADED'),$);
#1513=IFCPROPERTYSET('pdkxcj6XtVJ7MNu1YhXRNT',#6,'OPS_Assignments',$,(#1512));
#1514=IFCRELDEFINESBYPROPERTIES('wBs7JzxFa$XRxHnXFNULIv',#6,$,$,(#451),#1513);
#1515=IFCPROPERTYSINGLEVALUE('rDd3IpXd73GXcl3lQdeVuD#0',$,IFCTEXT('2|BACK_LOADED'),$);
#1516=IFCPROPERTYSET('0HHbGtylfRRVEBUV3DEbpn',#6,'OPS_Assignments',$,(#1515));
#1517=IFCRELDEFINESBYPROPERTIES('vnvTy3yHDbhHj1jnNJXpGH',#6,$,$,(#453),#1516);
#1518=IFCPROPERTYSINGLEVALUE('T11Tq5XPr9Mztfu1sxcpKJ#0',$,IFCTEXT('3|BELL'),$);
#1519=IFCPROPERTYSET('lt4rR1ffMRjfDFlVRxsztD',#6,'OPS_Assignments',$,(#1518));
#1520=IFCRELDEFINESBYPROPERTIES('exyrPt310hT9vVN1IXnhMJ',#6,$,$,(#455),#1519);
#1521=IFCPROPERTYSINGLEVALUE('E7IlrZGN2twj2d_Vv$lz75#0',$,IFCTEXT('3|EARLY_PEAK'),$);
#1522=IFCPROPERTYSET('ynfjTbUnUdCTRBYXdhmfIr',#6,'OPS_Assignments',$,(#1521));
#1523=IFCRELDEFINESBYPROPERTIES('BDHR8JJFKJCZZ9qFiVjvHH',#6,$,$,(#457),#1522);
#1524=IFCPROPERTYSINGLEVALUE('SzCxEXYnkBXbv$zFeDj7Nz#0',$,IFCTEXT('2|LATE_PEAK'),$);
#1525=IFCPROPERTYSET('rfk52L4$0rtz5FbHI$Z94B',#6,'OPS_Assignments',$,(#1524));
#1526=IFCRELDEFINESBYPROPERTIES('yDklbxHvGDQX6DBHfpzt8D',#6,$,$,(#459),#1525);
#1527=IFCPROPERTYSINGLEVALUE('1nLll$Xdv3m$8FLlBJ9r0f#0',$,IFCTEXT('3|UNIFORM'),$);
#1528=IFCPROPERTYSET('MvS3_Ph$wHm$yN8$11R1_Z',#6,'OPS_Assignments',$,(#1527));
#1529=IFCRELDEFINESBYPROPERTIES('Z3SzoTV74xvh6VP$lLFhcF',#6,$,$,(#467),#1528);
#1530=IFCPROPERTYSINGLEVALUE('SzCxEXYnkBXbv$zFeDj7Nz#0',$,IFCTEXT('3|FRONT_LOADED'),$);
#1531=IFCPROPERTYSET('bV5nL9a$oRD91B_XzFr$kv',#6,'OPS_Assignments',$,(#1530));
#1532=IFCRELDEFINESBYPROPERTIES('ixlJnLjXfxFpuNalTV7pK1',#6,$,$,(#469),#1531);
#1533=IFCPROPERTYSINGLEVALUE('rDd3IpXd73GXcl3lQdeVuD#0',$,IFCTEXT('2|BACK_LOADED'),$);
#1534=IFCPROPERTYSET('tJLHzv79r3et1rM$FNIxV3',#6,'OPS_Assignments',$,(#1533));
#1535=IFCRELDEFINESBYPROPERTIES('mN8FJTPttrtzRXLnpv8nlh',#6,$,$,(#471),#1534);
#1536=IFCPROPERTYSINGLEVALUE('T11Tq5XPr9Mztfu1sxcpKJ#0',$,IFCTEXT('3|BELL'),$);
#1537=IFCPROPERTYSET('7BEnr72f2Z4DiX9$iDkxJ3',#6,'OPS_Assignments',$,(#1536));
#1538=IFCRELDEFINESBYPROPERTIES('0H9pXfedFnarK1hlPlhHLJ',#6,$,$,(#473),#1537);
#1539=IFCPROPERTYSINGLEVALUE('E7IlrZGN2twj2d_Vv$lz75#0',$,IFCTEXT('3|EARLY_PEAK'),$);
#1540=IFCPROPERTYSET('6HpvnLZ1k$nL61Zn_bVpmV',#6,'OPS_Assignments',$,(#1539));
#1541=IFCRELDEFINESBYPROPERTIES('DLrFJZ1vcXslFPs1h37paf',#6,$,$,(#475),#1540);
#1542=IFCPROPERTYSINGLEVALUE('SzCxEXYnkBXbv$zFeDj7Nz#0',$,IFCTEXT('2|LATE_PEAK'),$);
#1543=IFCPROPERTYSET('5lrnpJzlBNkde1HXT$JvHF',#6,'OPS_Assignments',$,(#1542));
#1544=IFCRELDEFINESBYPROPERTIES('qLrFflGNiJ4DK1zn0vOXyP',#6,$,$,(#477),#1543);
#1545=IFCRELASSIGNSTOCONTROL('rDVhNjbXHjyDCF$VkTSruD',#6,$,$,(#45,#47,#49,#51,#53,#55,#57,#59,#61,#63,#65,#67,#69,#71,#73,#75,#77,#79,#81,#83,#85,#87,#89,#91,#93,#95,#97,#99,#101,#103,#105,#107,#109,#111,#113,#115,#117,#119,#121,#123,#125,#127,#129,#131,#133,#135,#137,#139,#141,#143,#145,#147,#149,#151,#153,#155,#157,#159,#161,#163,#165,#167,#169,#171,#173,#175,#177,#179,#181,#183,#185,#187,#189,#191,#193,#195,#197,#199,#201,#203,#205,#207,#209,#211,#213,#215,#217,#219,#221,#223,#225,#227,#229,#231,#233,#235,#237,#239,#241,#243,#245,#247,#249,#251,#253,#255,#257,#259,#261,#263,#265,#267,#269,#271,#273,#275,#277,#279,#281,#283,#285,#287,#289,#291,#293,#295,#297,#299,#301,#303,#305,#307,#309,#311,#313,#315,#317,#319,#321,#323,#325,#327,#329,#331,#333,#335,#337,#339,#341,#343,#345,#347,#349,#351,#353,#355,#357,#359,#361,#363,#365,#367,#369,#371,#373,#375,#377,#379,#381,#383,#385,#387,#389,#391,#393,#395,#397,#399,#401,#403,#405,#407,#409,#411,#413,#415,#417,#419,#421,#423,#425,#427,#429,#431,#433,#435,#437,#439,#441,#443,#445,#447,#449,#451,#453,#455,#457,#459,#461,#463,#465,#467,#469,#471,#473,#475,#477,#479,#481,#483,#485,#487,#489,#491,#493,#495,#497,#499,#501,#503,#505,#507,#509,#511,#513,#515,#517,#519,#521,#523,#525,#527,#529,#531,#533,#535,#537,#539,#541,#543,#545,#547,#549,#551,#553,#555,#557,#559,#561,#563),$,#40);
#1546=IFCPROPERTYSINGLEVALUE('InternalProjectId',$,IFCTEXT('proj-mtx91btrl3aw342'),$);
#1547=IFCPROPERTYSINGLEVALUE('wbsAutoNumber',$,IFCBOOLEAN(.T.),$);
#1548=IFCPROPERTYSINGLEVALUE('DefaultTaskDurationUnit',$,IFCLABEL('days'),$);
#1549=IFCPROPERTYSINGLEVALUE('StatusDate',$,IFCDATE('2027-07-05'),$);
#1550=IFCPROPERTYSINGLEVALUE('ProjectStartDate',$,IFCDATE('2027-03-01'),$);
#1551=IFCPROPERTYSINGLEVALUE('ProjectEndDate',$,$,$);
#1552=IFCPROPERTYSINGLEVALUE('CreatedAt',$,IFCTEXT('2026-09-11T17:47:40.191Z'),$);
#1553=IFCPROPERTYSINGLEVALUE('ModifiedAt',$,IFCTEXT('2026-09-11T17:47:43.633Z'),$);
#1554=IFCPROPERTYSET('e5a3ArlP$tNZvpDF1ZK5n5',#6,'OPS_ProjectSettings',$,(#1546,#1547,#1548,#1549,#1550,#1551,#1552,#1553));
#1555=IFCRELDEFINESBYPROPERTIES('0Hdzo1sPJhdjQlBF$1BF9l',#6,$,$,(#13),#1554);
#1556=IFCPROPERTYSINGLEVALUE('structure',$,IFCTEXT('{"activityCodeTypes":[{"id":"act-mtx91btuxphn343","name":"Tower","values":[{"code":"A","description":"Tower A","id":"acv-mtx91btw4287344"},{"code":"B","description":"Tower B","id":"acv-mtx91btx1fe2345"},{"code":"C","description":"Tower C","id":"acv-mtx91bty0kic346"},{"code":"GEN","description":"General / shared","color":"#6b7280","id":"acv-mtx91btyg4mh347"}]},{"id":"act-mtx91btz1cwm348","name":"Discipline","values":[{"code":"CIV","description":"Civil works","color":"#78350f","id":"acv-mtx91bu0k1m4349"},{"code":"STR","description":"Structural works","color":"#b45309","id":"acv-mtx91bu150o2350"},{"code":"MEP","description":"Building services","color":"#0891b2","id":"acv-mtx91bu2ybyp351"},{"code":"FIT","description":"Fit-out","color":"#7c3aed","id":"acv-mtx91bu2eypp352"}]}],"customFieldDefs":[{"id":"cfd-mtx91bu3mc0x353","name":"Cost estimate","type":"cost"},{"id":"cfd-mtx91bu47xv9354","name":"Permit number","type":"text"},{"id":"cfd-mtx91bu58cml355","name":"Critical delivery","type":"boolean"}]}'),$);
#1557=IFCPROPERTYSET('d1lJfFqnq7WHJVnX3jMfA7',#6,'OPS_StructureMeta',$,(#1556));
#1558=IFCRELDEFINESBYPROPERTIES('$p_Xq51dhpYNtr61aNobxL',#6,$,$,(#13),#1557);
#1559=IFCSIMPLEPROPERTYTEMPLATE('2l9pFFjVdp_t9fe1GVfZf1',#6,'Cost estimate',$,.P_SINGLEVALUE.,'IfcMonetaryMeasure',$,$,$,$,$,$);
#1560=IFCSIMPLEPROPERTYTEMPLATE('aZ8n13a$ANTtZhwlBjHzTt',#6,'Permit number',$,.P_SINGLEVALUE.,'IfcText',$,$,$,$,$,$);
#1561=IFCSIMPLEPROPERTYTEMPLATE('MvSLXtCVXPN5pHhF5ByhMJ',#6,'Critical delivery',$,.P_SINGLEVALUE.,'IfcBoolean',$,$,$,$,$,$);
#1562=IFCPROPERTYSETTEMPLATE('gv4T8LKngvJN55WVXp_rmX',#6,'OPS_CustomFields',$,.PSET_OCCURRENCEDRIVEN.,'IfcTask',(#1559,#1560,#1561));
#1563=IFCPROPERTYENUMERATION('Tower',(IFCLABEL('A'),IFCLABEL('B'),IFCLABEL('C'),IFCLABEL('GEN')),$);
#1564=IFCSIMPLEPROPERTYTEMPLATE('U1nDfjDnQJCxfxqH29s9yr',#6,'Tower',$,.P_ENUMERATEDVALUE.,$,$,#1563,$,$,$,$);
#1565=IFCPROPERTYENUMERATION('Discipline',(IFCLABEL('CIV'),IFCLABEL('STR'),IFCLABEL('MEP'),IFCLABEL('FIT')),$);
#1566=IFCSIMPLEPROPERTYTEMPLATE('Ob09YbkH7z0nnJJHXH$jch',#6,'Discipline',$,.P_ENUMERATEDVALUE.,$,$,#1565,$,$,$,$);
#1567=IFCPROPERTYSETTEMPLATE('tJJd1dA$aLdjIl71vxYhUl',#6,'OPS_ActivityCodes',$,.PSET_OCCURRENCEDRIVEN.,'IfcTask',(#1564,#1566));
#1568=IFCRELDECLARES('SXbHJ$I9R1lB4ZTn_bVpab',#6,$,$,#13,(#1562,#1567));
#1569=IFCPROPERTYENUMERATEDVALUE('Tower',$,(IFCLABEL('GEN')),$);
#1570=IFCPROPERTYENUMERATEDVALUE('Discipline',$,(IFCLABEL('CIV')),$);
#1571=IFCPROPERTYSET('AJR$M1FvAtXRPFnXXH1Jsv',#6,'OPS_ActivityCodes',$,(#1569,#1570));
#1572=IFCRELDEFINESBYPROPERTIES('E7s7ZxYfOlOdChkneJ1JMf',#6,$,$,(#47),#1571);
#1573=IFCPROPERTYENUMERATEDVALUE('Tower',$,(IFCLABEL('GEN')),$);
#1574=IFCPROPERTYENUMERATEDVALUE('Discipline',$,(IFCLABEL('CIV')),$);
#1575=IFCPROPERTYSET('7nvZy34$GJsZFPoV0P4ZXz',#6,'OPS_ActivityCodes',$,(#1573,#1574));
#1576=IFCRELDEFINESBYPROPERTIES('HxXz27tfufZtV5mV_tk$Et',#6,$,$,(#49),#1575);
#1577=IFCPROPERTYSINGLEVALUE('Permit number',$,IFCTEXT('OV-2026-00417'),$);
#1578=IFCPROPERTYSET('qLBnhtqVVvzv2v_nBj7bXv',#6,'OPS_CustomFields',$,(#1577));
#1579=IFCRELDEFINESBYPROPERTIES('qtEnzBmfOF4puFbl29A9yr',#6,$,$,(#51),#1578);
#1580=IFCPROPERTYENUMERATEDVALUE('Tower',$,(IFCLABEL('GEN')),$);
#1581=IFCPROPERTYENUMERATEDVALUE('Discipline',$,(IFCLABEL('CIV')),$);
#1582=IFCPROPERTYSET('phzto3rHTpOtpzrFTZCpu5',#6,'OPS_ActivityCodes',$,(#1580,#1581));
#1583=IFCRELDEFINESBYPROPERTIES('rNsZG9a1cjqxrDt$dH5XqH',#6,$,$,(#51),#1582);
#1584=IFCPROPERTYENUMERATEDVALUE('Tower',$,(IFCLABEL('GEN')),$);
#1585=IFCPROPERTYENUMERATEDVALUE('Discipline',$,(IFCLABEL('CIV')),$);
#1586=IFCPROPERTYSET('nvs7ZbIltL3NXHnXjx5lbb',#6,'OPS_ActivityCodes',$,(#1584,#1585));
#1587=IFCRELDEFINESBYPROPERTIES('PReHbbDnIrlB8npFrjfh_X',#6,$,$,(#53),#1586);
#1588=IFCPROPERTYENUMERATEDVALUE('Tower',$,(IFCLABEL('GEN')),$);
#1589=IFCPROPERTYENUMERATEDVALUE('Discipline',$,(IFCLABEL('CIV')),$);
#1590=IFCPROPERTYSET('$DY1M1tfiJK3zR0X9ZpdDp',#6,'OPS_ActivityCodes',$,(#1588,#1589));
#1591=IFCRELDEFINESBYPROPERTIES('d$V3QfuvAL155bSlv$1jMN',#6,$,$,(#55),#1590);
#1592=IFCPROPERTYENUMERATEDVALUE('Tower',$,(IFCLABEL('GEN')),$);
#1593=IFCPROPERTYENUMERATEDVALUE('Discipline',$,(IFCLABEL('CIV')),$);
#1594=IFCPROPERTYSET('1FZf0nZ$g7rFTrw1ur4h_3',#6,'OPS_ActivityCodes',$,(#1592,#1593));
#1595=IFCRELDEFINESBYPROPERTIES('fZztc9al1hdJ6J91yd0vJ1',#6,$,$,(#57),#1594);
#1596=IFCPROPERTYENUMERATEDVALUE('Tower',$,(IFCLABEL('GEN')),$);
#1597=IFCPROPERTYENUMERATEDVALUE('Discipline',$,(IFCLABEL('CIV')),$);
#1598=IFCPROPERTYSET('O395QNWtxlJNnv6l3ltrax',#6,'OPS_ActivityCodes',$,(#1596,#1597));
#1599=IFCRELDEFINESBYPROPERTIES('m9CxYbg$gxtblTZFoFLXi$',#6,$,$,(#59),#1598);
#1600=IFCPROPERTYENUMERATEDVALUE('Tower',$,(IFCLABEL('GEN')),$);
#1601=IFCPROPERTYENUMERATEDVALUE('Discipline',$,(IFCLABEL('CIV')),$);
#1602=IFCPROPERTYSET('aTuFVp_fgdtb5lP13npPb1',#6,'OPS_ActivityCodes',$,(#1600,#1601));
#1603=IFCRELDEFINESBYPROPERTIES('4lBntVM$k1VbJjXVsXz9e3',#6,$,$,(#61),#1602);
#1604=IFCPROPERTYENUMERATEDVALUE('Tower',$,(IFCLABEL('GEN')),$);
#1605=IFCPROPERTYENUMERATEDVALUE('Discipline',$,(IFCLABEL('CIV')),$);
#1606=IFCPROPERTYSET('Q1fbithHHJKRz5aH7V5lJV',#6,'OPS_ActivityCodes',$,(#1604,#1605));
#1607=IFCRELDEFINESBYPROPERTIES('oBFxg59fOdHJ_JpHrJ9B0f',#6,$,$,(#63),#1606);
#1608=IFCPROPERTYENUMERATEDVALUE('Tower',$,(IFCLABEL('GEN')),$);
#1609=IFCPROPERTYENUMERATEDVALUE('Discipline',$,(IFCLABEL('CIV')),$);
#1610=IFCPROPERTYSET('sDF5g$XdjBj727YFB9I$kL',#6,'OPS_ActivityCodes',$,(#1608,#1609));
#1611=IFCRELDEFINESBYPROPERTIES('oP6pP5MPHJibLNylprzNIh',#6,$,$,(#65),#1610);
#1612=IFCPROPERTYENUMERATEDVALUE('Tower',$,(IFCLABEL('GEN')),$);
#1613=IFCPROPERTYENUMERATEDVALUE('Discipline',$,(IFCLABEL('CIV')),$);
#1614=IFCPROPERTYSET('mdMzE1sPTjqT11913H9rG$',#6,'OPS_ActivityCodes',$,(#1612,#1613));
#1615=IFCRELDEFINESBYPROPERTIES('ebmPFnhlPPq5Lzt1S9Un$J',#6,$,$,(#67),#1614);
#1616=IFCPROPERTYENUMERATEDVALUE('Tower',$,(IFCLABEL('GEN')),$);
#1617=IFCPROPERTYENUMERATEDVALUE('Discipline',$,(IFCLABEL('CIV')),$);
#1618=IFCPROPERTYSET('rJjdH1lvaVR1mxynHPSzLj',#6,'OPS_ActivityCodes',$,(#1616,#1617));
#1619=IFCRELDEFINESBYPROPERTIES('pPATORs1SLdJwDxHSfk5bV',#6,$,$,(#69),#1618);
#1620=IFCPROPERTYENUMERATEDVALUE('Tower',$,(IFCLABEL('GEN')),$);
#1621=IFCPROPERTYENUMERATEDVALUE('Discipline',$,(IFCLABEL('CIV')),$);
#1622=IFCPROPERTYSET('PXDdTtDXlDOPadc$UveHF$',#6,'OPS_ActivityCodes',$,(#1620,#1621));
#1623=IFCRELDEFINESBYPROPERTIES('FBNJjzRFoRLH9h2FDvWd9n',#6,$,$,(#71),#1622);
#1624=IFCPROPERTYSINGLEVALUE('Cost estimate',$,IFCMONETARYMEASURE(340000),$);
#1625=IFCPROPERTYSET('a1$T4X6VlJyL2vsluztz7b',#6,'OPS_CustomFields',$,(#1624));
#1626=IFCRELDEFINESBYPROPERTIES('qBd3MRpFANhHpnXXqz0v$9',#6,$,$,(#73),#1625);
#1627=IFCPROPERTYENUMERATEDVALUE('Tower',$,(IFCLABEL('GEN')),$);
#1628=IFCPROPERTYENUMERATEDVALUE('Discipline',$,(IFCLABEL('CIV')),$);
#1629=IFCPROPERTYSET('bXJvhfO7ybRVkR4n1XvpeB',#6,'OPS_ActivityCodes',$,(#1627,#1628));
#1630=IFCRELDEFINESBYPROPERTIES('pBXLP5Mdt17p8fqn4rBnHr',#6,$,$,(#73),#1629);
#1631=IFCPROPERTYENUMERATEDVALUE('Tower',$,(IFCLABEL('A')),$);
#1632=IFCPROPERTYENUMERATEDVALUE('Discipline',$,(IFCLABEL('CIV')),$);
#1633=IFCPROPERTYSET('0HdzAL31Wb51yN0XRVjvXd',#6,'OPS_ActivityCodes',$,(#1631,#1632));
#1634=IFCRELDEFINESBYPROPERTIES('OZpd5rNfCzgnjj7$n92lrT',#6,$,$,(#75),#1633);
#1635=IFCPROPERTYENUMERATEDVALUE('Tower',$,(IFCLABEL('A')),$);
#1636=IFCPROPERTYENUMERATEDVALUE('Discipline',$,(IFCLABEL('CIV')),$);
#1637=IFCPROPERTYSET('FvgdBTmNElrFTB_VPljvtj',#6,'OPS_ActivityCodes',$,(#1635,#1636));
#1638=IFCRELDEFINESBYPROPERTIES('PR8n$ZGfqdC5dTN$1$LlVP',#6,$,$,(#77),#1637);
#1639=IFCPROPERTYENUMERATEDVALUE('Tower',$,(IFCLABEL('A')),$);
#1640=IFCPROPERTYENUMERATEDVALUE('Discipline',$,(IFCLABEL('CIV')),$);
#1641=IFCPROPERTYSET('$DkHhjUngdf53PA$VJQvTt',#6,'OPS_ActivityCodes',$,(#1639,#1640));
#1642=IFCRELDEFINESBYPROPERTIES('P1nDlXh$Q1oByN8$9zFhwX',#6,$,$,(#79),#1641);
#1643=IFCPROPERTYENUMERATEDVALUE('Tower',$,(IFCLABEL('A')),$);
#1644=IFCPROPERTYENUMERATEDVALUE('Discipline',$,(IFCLABEL('CIV')),$);
#1645=IFCPROPERTYSET('W$dLpHed$NBn$h2ndnPJsP',#6,'OPS_ActivityCodes',$,(#1643,#1644));
#1646=IFCRELDEFINESBYPROPERTIES('uD$BDj3lh7OP0zLFt7yTzh',#6,$,$,(#81),#1645);
#1647=IFCPROPERTYENUMERATEDVALUE('Tower',$,(IFCLABEL('A')),$);
#1648=IFCPROPERTYENUMERATEDVALUE('Discipline',$,(IFCLABEL('CIV')),$);
#1649=IFCPROPERTYSET('GN0t6dUn2ZSjIl$V8Z3Ngt',#6,'OPS_ActivityCodes',$,(#1647,#1648));
#1650=IFCRELDEFINESBYPROPERTIES('8rcN0F3$CTAT5RyHvx6JIB',#6,$,$,(#83),#1649);
#1651=IFCPROPERTYENUMERATEDVALUE('Tower',$,(IFCLABEL('B')),$);
#1652=IFCPROPERTYENUMERATEDVALUE('Discipline',$,(IFCLABEL('CIV')),$);
#1653=IFCPROPERTYSET('YXj7BPEl7fkPuFrHldarS9',#6,'OPS_ActivityCodes',$,(#1651,#1652));
#1654=IFCRELDEFINESBYPROPERTIES('sJjPtzz$8t$xXnTF6j1JUF',#6,$,$,(#85),#1653);
#1655=IFCPROPERTYENUMERATEDVALUE('Tower',$,(IFCLABEL('B')),$);
#1656=IFCPROPERTYENUMERATEDVALUE('Discipline',$,(IFCLABEL('CIV')),$);
#1657=IFCPROPERTYSET('6BgdtTFPdv0FFp9$Hr5X0N',#6,'OPS_ActivityCodes',$,(#1655,#1656));
#1658=IFCRELDEFINESBYPROPERTIES('U1dhRbbVP7Wll9u$RXB1Et',#6,$,$,(#87),#1657);
#1659=IFCPROPERTYENUMERATEDVALUE('Tower',$,(IFCLABEL('B')),$);
#1660=IFCPROPERTYENUMERATEDVALUE('Discipline',$,(IFCLABEL('CIV')),$);
#1661=IFCPROPERTYSET('CBvZKhpXP7m$WjP1NNI5R1',#6,'OPS_ActivityCodes',$,(#1659,#1660));
#1662=IFCRELDEFINESBYPROPERTIES('CfcJJ3Z1En9RVR4HPryh_1',#6,$,$,(#89),#1661);
#1663=IFCPROPERTYENUMERATEDVALUE('Tower',$,(IFCLABEL('B')),$);
#1664=IFCPROPERTYENUMERATEDVALUE('Discipline',$,(IFCLABEL('CIV')),$);
#1665=IFCPROPERTYSET('YzSzsL5nGz8fLzXV2fMT9H',#6,'OPS_ActivityCodes',$,(#1663,#1664));
#1666=IFCRELDEFINESBYPROPERTIES('wndzIl0tFZMzdF9$R5EbrZ',#6,$,$,(#91),#1665);
#1667=IFCPROPERTYENUMERATEDVALUE('Tower',$,(IFCLABEL('B')),$);
#1668=IFCPROPERTYENUMERATEDVALUE('Discipline',$,(IFCLABEL('CIV')),$);
#1669=IFCPROPERTYSET('4jAZuBGf2TyL6p5lC3untn',#6,'OPS_ActivityCodes',$,(#1667,#1668));
#1670=IFCRELDEFINESBYPROPERTIES('aVTNSludNFN5ZNu16j1jsv',#6,$,$,(#93),#1669);
#1671=IFCPROPERTYENUMERATEDVALUE('Tower',$,(IFCLABEL('C')),$);
#1672=IFCPROPERTYENUMERATEDVALUE('Discipline',$,(IFCLABEL('CIV')),$);
#1673=IFCPROPERTYSET('Bj3t672f2TaB4TBHj5RnX3',#6,'OPS_ActivityCodes',$,(#1671,#1672));
#1674=IFCRELDEFINESBYPROPERTIES('pP6p9ZNf0LzNx5e$KJMfo5',#6,$,$,(#95),#1673);
#1675=IFCPROPERTYENUMERATEDVALUE('Tower',$,(IFCLABEL('C')),$);
#1676=IFCPROPERTYENUMERATEDVALUE('Discipline',$,(IFCLABEL('CIV')),$);
#1677=IFCPROPERTYSET('D7AvRXbVZ1or8fSnhZpP3L',#6,'OPS_ActivityCodes',$,(#1675,#1676));
#1678=IFCRELDEFINESBYPROPERTIES('bRmdhpMPr3WHvjFVH7mtyB',#6,$,$,(#97),#1677);
#1679=IFCPROPERTYENUMERATEDVALUE('Tower',$,(IFCLABEL('C')),$);
#1680=IFCPROPERTYENUMERATEDVALUE('Discipline',$,(IFCLABEL('CIV')),$);
#1681=IFCPROPERTYSET('nh5XG7gPJ9lBevslejl3$f',#6,'OPS_ActivityCodes',$,(#1679,#1680));
#1682=IFCRELDEFINESBYPROPERTIES('9fYLlV5XvZiRzxiFITCDyv',#6,$,$,(#99),#1681);
#1683=IFCPROPERTYENUMERATEDVALUE('Tower',$,(IFCLABEL('C')),$);
#1684=IFCPROPERTYENUMERATEDVALUE('Discipline',$,(IFCLABEL('CIV')),$);
#1685=IFCPROPERTYSET('CrPzkJL1khZtB7Ml_btrCn',#6,'OPS_ActivityCodes',$,(#1683,#1684));
#1686=IFCRELDEFINESBYPROPERTIES('qfwD$PYnondrCLIFK11jMj',#6,$,$,(#101),#1685);
#1687=IFCPROPERTYENUMERATEDVALUE('Tower',$,(IFCLABEL('C')),$);
#1688=IFCPROPERTYENUMERATEDVALUE('Discipline',$,(IFCLABEL('CIV')),$);
#1689=IFCPROPERTYSET('A9MPZfvtT$2R1BUXxHpPDp',#6,'OPS_ActivityCodes',$,(#1687,#1688));
#1690=IFCRELDEFINESBYPROPERTIES('Uz4r77dt1tFLgL2FBJ9BSt',#6,$,$,(#103),#1689);
#1691=IFCPROPERTYENUMERATEDVALUE('Tower',$,(IFCLABEL('GEN')),$);
#1692=IFCPROPERTYENUMERATEDVALUE('Discipline',$,(IFCLABEL('CIV')),$);
#1693=IFCPROPERTYSET('n7Y$wvUfenSjQlxnoj2Hn$',#6,'OPS_ActivityCodes',$,(#1691,#1692));
#1694=IFCRELDEFINESBYPROPERTIES('dbGdxhz1GDsltBw$SxJ7Xd',#6,$,$,(#105),#1693);
#1695=IFCPROPERTYENUMERATEDVALUE('Tower',$,(IFCLABEL('GEN')),$);
#1696=IFCPROPERTYENUMERATEDVALUE('Discipline',$,(IFCLABEL('CIV')),$);
#1697=IFCPROPERTYSET('mvoF5lNNK9Y5Bpd$ipwJQl',#6,'OPS_ActivityCodes',$,(#1695,#1696));
#1698=IFCRELDEFINESBYPROPERTIES('O5CD3v9f4nHjIxu$fJl337',#6,$,$,(#107),#1697);
#1699=IFCPROPERTYENUMERATEDVALUE('Tower',$,(IFCLABEL('GEN')),$);
#1700=IFCPROPERTYENUMERATEDVALUE('Discipline',$,(IFCLABEL('CIV')),$);
#1701=IFCPROPERTYSET('OZblbbB$8XUNpHpllBDdh9',#6,'OPS_ActivityCodes',$,(#1699,#1700));
#1702=IFCRELDEFINESBYPROPERTIES('GfOH1d2FCvePav6llrTtip',#6,$,$,(#109),#1701);
#1703=IFCPROPERTYENUMERATEDVALUE('Tower',$,(IFCLABEL('GEN')),$);
#1704=IFCPROPERTYENUMERATEDVALUE('Discipline',$,(IFCLABEL('CIV')),$);
#1705=IFCPROPERTYSET('mf09knS123etN7AHi$7b1t',#6,'OPS_ActivityCodes',$,(#1703,#1704));
#1706=IFCRELDEFINESBYPROPERTIES('uBcNiLLH$LnhMLMl_5xH9J',#6,$,$,(#111),#1705);
#1707=IFCPROPERTYENUMERATEDVALUE('Tower',$,(IFCLABEL('GEN')),$);
#1708=IFCPROPERTYENUMERATEDVALUE('Discipline',$,(IFCLABEL('CIV')),$);
#1709=IFCPROPERTYSET('I9iJhtCVNR3v6X$XSxRnfV',#6,'OPS_ActivityCodes',$,(#1707,#1708));
#1710=IFCRELDEFINESBYPROPERTIES('wh2BXjUnEnf5rJBnlvWdR$',#6,$,$,(#113),#1709);
#1711=IFCPROPERTYENUMERATEDVALUE('Tower',$,(IFCLABEL('GEN')),$);
#1712=IFCPROPERTYENUMERATEDVALUE('Discipline',$,(IFCLABEL('STR')),$);
#1713=IFCPROPERTYSET('qtMPb5NNsfDP03pHPlxXCz',#6,'OPS_ActivityCodes',$,(#1711,#1712));
#1714=IFCRELDEFINESBYPROPERTIES('azyrXjwV557hg9yldLunHr',#6,$,$,(#117),#1713);
#1715=IFCPROPERTYENUMERATEDVALUE('Tower',$,(IFCLABEL('A')),$);
#1716=IFCPROPERTYENUMERATEDVALUE('Discipline',$,(IFCLABEL('STR')),$);
#1717=IFCPROPERTYSET('kxX3AhT1QpG1mrYV$VnhUp',#6,'OPS_ActivityCodes',$,(#1715,#1716));
#1718=IFCRELDEFINESBYPROPERTIES('gva3kHOvWxHjA7EFQ7Cp8J',#6,$,$,(#119),#1717);
#1719=IFCPROPERTYENUMERATEDVALUE('Tower',$,(IFCLABEL('A')),$);
#1720=IFCPROPERTYENUMERATEDVALUE('Discipline',$,(IFCLABEL('STR')),$);
#1721=IFCPROPERTYSET('xlb1g5tNedXzNP_XNfA3Tf',#6,'OPS_ActivityCodes',$,(#1719,#1720));
#1722=IFCRELDEFINESBYPROPERTIES('jbrVmfOdFFK3hNaH1Z4TtF',#6,$,$,(#121),#1721);
#1723=IFCPROPERTYENUMERATEDVALUE('Tower',$,(IFCLABEL('A')),$);
#1724=IFCPROPERTYENUMERATEDVALUE('Discipline',$,(IFCLABEL('STR')),$);
#1725=IFCPROPERTYSET('LTRHDna1ABZtvVv175cp4v',#6,'OPS_ActivityCodes',$,(#1723,#1724));
#1726=IFCRELDEFINESBYPROPERTIES('J9C5wP6Vx5$TdZt1FRVp0N',#6,$,$,(#123),#1725);
#1727=IFCPROPERTYENUMERATEDVALUE('Tower',$,(IFCLABEL('A')),$);
#1728=IFCPROPERTYENUMERATEDVALUE('Discipline',$,(IFCLABEL('STR')),$);
#1729=IFCPROPERTYSET('mNmvFrfNaLXbpZf1B9Q7rT',#6,'OPS_ActivityCodes',$,(#1727,#1728));
#1730=IFCRELDEFINESBYPROPERTIES('8rgPX9qVVvx$89mX_tMNg9',#6,$,$,(#125),#1729);
#1731=IFCPROPERTYENUMERATEDVALUE('Tower',$,(IFCLABEL('A')),$);
#1732=IFCPROPERTYENUMERATEDVALUE('Discipline',$,(IFCLABEL('STR')),$);
#1733=IFCPROPERTYSET('_pA73LSlxxHjAvgHcPmtKV',#6,'OPS_ActivityCodes',$,(#1731,#1732));
#1734=IFCRELDEFINESBYPROPERTIES('c17rB7_fQpmVUNylF9A9CF',#6,$,$,(#127),#1733);
#1735=IFCPROPERTYENUMERATEDVALUE('Tower',$,(IFCLABEL('A')),$);
#1736=IFCPROPERTYENUMERATEDVALUE('Discipline',$,(IFCLABEL('STR')),$);
#1737=IFCPROPERTYSET('ivqxIl09ljiRVRynfpRn1j',#6,'OPS_ActivityCodes',$,(#1735,#1736));
#1738=IFCRELDEFINESBYPROPERTIES('4JULvBmfkLLlF7MHEHdxbV',#6,$,$,(#129),#1737);
#1739=IFCPROPERTYENUMERATEDVALUE('Tower',$,(IFCLABEL('A')),$);
#1740=IFCPROPERTYENUMERATEDVALUE('Discipline',$,(IFCLABEL('STR')),$);
#1741=IFCPROPERTYSET('Rb8VKf17ILBF5nBldLu1_V',#6,'OPS_ActivityCodes',$,(#1739,#1740));
#1742=IFCRELDEFINESBYPROPERTIES('zF5Vez31WbhlbLslGXVRFV',#6,$,$,(#131),#1741);
#1743=IFCPROPERTYENUMERATEDVALUE('Tower',$,(IFCLABEL('A')),$);
#1744=IFCPROPERTYENUMERATEDVALUE('Discipline',$,(IFCLABEL('STR')),$);
#1745=IFCPROPERTYSET('TX5FfFCVVvLlpljl5lZ909',#6,'OPS_ActivityCodes',$,(#1743,#1744));
#1746=IFCRELDEFINESBYPROPERTIES('BDn5wvgdRrPJYtGXClJvdB',#6,$,$,(#133),#1745);
#1747=IFCPROPERTYENUMERATEDVALUE('Tower',$,(IFCLABEL('A')),$);
#1748=IFCPROPERTYENUMERATEDVALUE('Discipline',$,(IFCLABEL('STR')),$);
#1749=IFCPROPERTYSET('Fr1rFLZ1M5FDGh2n$3eXi$',#6,'OPS_ActivityCodes',$,(#1747,#1748));
#1750=IFCRELDEFINESBYPROPERTIES('tts7vdRVzFypGhEFcvij2$',#6,$,$,(#135),#1749);
#1751=IFCPROPERTYENUMERATEDVALUE('Tower',$,(IFCLABEL('A')),$);
#1752=IFCPROPERTYENUMERATEDVALUE('Discipline',$,(IFCLABEL('STR')),$);
#1753=IFCPROPERTYSET('5LwDfDXP7TK3PFXXGHXpGl',#6,'OPS_ActivityCodes',$,(#1751,#1752));
#1754=IFCRELDEFINESBYPROPERTIES('ZVz9URklzz61GLgH_9sty7',#6,$,$,(#137),#1753);
#1755=IFCPROPERTYENUMERATEDVALUE('Tower',$,(IFCLABEL('A')),$);
#1756=IFCPROPERTYENUMERATEDVALUE('Discipline',$,(IFCLABEL('STR')),$);
#1757=IFCPROPERTYSET('uhobGtCnKji3Jjd$ZVdJsz',#6,'OPS_ActivityCodes',$,(#1755,#1756));
#1758=IFCRELDEFINESBYPROPERTIES('WXL$2r09JttzdlzH_R7btp',#6,$,$,(#139),#1757);
#1759=IFCPROPERTYENUMERATEDVALUE('Tower',$,(IFCLABEL('A')),$);
#1760=IFCPROPERTYENUMERATEDVALUE('Discipline',$,(IFCLABEL('STR')),$);
#1761=IFCPROPERTYSET('J5vBZbg1YpUNXnTFkZazZf',#6,'OPS_ActivityCodes',$,(#1759,#1760));
#1762=IFCRELDEFINESBYPROPERTIES('hd8nxFDXpdvLQnHXVjc7hj',#6,$,$,(#141),#1761);
#1763=IFCPROPERTYENUMERATEDVALUE('Tower',$,(IFCLABEL('A')),$);
#1764=IFCPROPERTYENUMERATEDVALUE('Discipline',$,(IFCLABEL('STR')),$);
#1765=IFCPROPERTYSET('GfmP9z31OFq5RLQHL7CRPB',#6,'OPS_ActivityCodes',$,(#1763,#1764));
#1766=IFCRELDEFINESBYPROPERTIES('uBA7LfGNA9933be$71Xpez',#6,$,$,(#143),#1765);
#1767=IFCPROPERTYENUMERATEDVALUE('Tower',$,(IFCLABEL('A')),$);
#1768=IFCPROPERTYENUMERATEDVALUE('Discipline',$,(IFCLABEL('STR')),$);
#1769=IFCPROPERTYSET('HbjvHxVPhdajEBQ1UL9zV7',#6,'OPS_ActivityCodes',$,(#1767,#1768));
#1770=IFCRELDEFINESBYPROPERTIES('NviJ7PDF2ZCT1VLF1zeH7R',#6,$,$,(#145),#1769);
#1771=IFCPROPERTYENUMERATEDVALUE('Tower',$,(IFCLABEL('A')),$);
#1772=IFCPROPERTYENUMERATEDVALUE('Discipline',$,(IFCLABEL('STR')),$);
#1773=IFCPROPERTYSET('BDNjTbUFQpmV2Pw$0PS3j$',#6,'OPS_ActivityCodes',$,(#1771,#1772));
#1774=IFCRELDEFINESBYPROPERTIES('D7EnJZvt$LlBGRu1VnbnXZ',#6,$,$,(#147),#1773);
#1775=IFCPROPERTYENUMERATEDVALUE('Tower',$,(IFCLABEL('A')),$);
#1776=IFCPROPERTYENUMERATEDVALUE('Discipline',$,(IFCLABEL('STR')),$);
#1777=IFCPROPERTYSET('LvSLFn318fxX2D$VUr5VGV',#6,'OPS_ActivityCodes',$,(#1775,#1776));
#1778=IFCRELDEFINESBYPROPERTIES('zDAvDjTlbLR10T1VwNEblF',#6,$,$,(#149),#1777);
#1779=IFCPROPERTYENUMERATEDVALUE('Tower',$,(IFCLABEL('A')),$);
#1780=IFCPROPERTYENUMERATEDVALUE('Discipline',$,(IFCLABEL('STR')),$);
#1781=IFCPROPERTYSET('H57BfF4H9BlrSJ3lw9QvRb',#6,'OPS_ActivityCodes',$,(#1779,#1780));
#1782=IFCRELDEFINESBYPROPERTIES('fdm7FLpXzlOt1rUVtTDdLt',#6,$,$,(#151),#1781);
#1783=IFCPROPERTYENUMERATEDVALUE('Tower',$,(IFCLABEL('A')),$);
#1784=IFCPROPERTYENUMERATEDVALUE('Discipline',$,(IFCLABEL('STR')),$);
#1785=IFCPROPERTYSET('xBs7xHtfUpUNLZZFUveXql',#6,'OPS_ActivityCodes',$,(#1783,#1784));
#1786=IFCRELDEFINESBYPROPERTIES('T$7rhfe7ipGV6p3FKJs9OT',#6,$,$,(#153),#1785);
#1787=IFCPROPERTYENUMERATEDVALUE('Tower',$,(IFCLABEL('A')),$);
#1788=IFCPROPERTYENUMERATEDVALUE('Discipline',$,(IFCLABEL('STR')),$);
#1789=IFCPROPERTYSET('whkxALbFIXpdOXTHS5z9KV',#6,'OPS_ActivityCodes',$,(#1787,#1788));
#1790=IFCRELDEFINESBYPROPERTIES('YVrVajYFYPKbXxmXwNQDSt',#6,$,$,(#155),#1789);
#1791=IFCPROPERTYENUMERATEDVALUE('Tower',$,(IFCLABEL('A')),$);
#1792=IFCPROPERTYENUMERATEDVALUE('Discipline',$,(IFCLABEL('STR')),$);
#1793=IFCPROPERTYSET('C9U1ETfNOHuvE$1XElP5T5',#6,'OPS_ActivityCodes',$,(#1791,#1792));
#1794=IFCRELDEFINESBYPROPERTIES('a34TmP6XJfLlHfyn11b1Az',#6,$,$,(#157),#1793);
#1795=IFCPROPERTYENUMERATEDVALUE('Tower',$,(IFCLABEL('A')),$);
#1796=IFCPROPERTYENUMERATEDVALUE('Discipline',$,(IFCLABEL('STR')),$);
#1797=IFCPROPERTYSET('MdunZ52Nk1vDWj9$Stk1sv',#6,'OPS_ActivityCodes',$,(#1795,#1796));
#1798=IFCRELDEFINESBYPROPERTIES('2D69Ytz$Wb51i$RHIZ4hUp',#6,$,$,(#159),#1797);
#1799=IFCPROPERTYENUMERATEDVALUE('Tower',$,(IFCLABEL('A')),$);
#1800=IFCPROPERTYENUMERATEDVALUE('Discipline',$,(IFCLABEL('STR')),$);
#1801=IFCPROPERTYSET('xL6DhDc7mTqTbhsHODz9ux',#6,'OPS_ActivityCodes',$,(#1799,#1800));
#1802=IFCRELDEFINESBYPROPERTIES('TVz9kHudt$lBytyF$XNZVT',#6,$,$,(#161),#1801);
#1803=IFCPROPERTYENUMERATEDVALUE('Tower',$,(IFCLABEL('A')),$);
#1804=IFCPROPERTYENUMERATEDVALUE('Discipline',$,(IFCLABEL('STR')),$);
#1805=IFCPROPERTYSET('GPEbe5_fw3MnZBEVyvyLAv',#6,'OPS_ActivityCodes',$,(#1803,#1804));
#1806=IFCRELDEFINESBYPROPERTIES('ebO1oXs1qTUx$191$zOXmV',#6,$,$,(#163),#1805);
#1807=IFCPROPERTYENUMERATEDVALUE('Tower',$,(IFCLABEL('A')),$);
#1808=IFCPROPERTYENUMERATEDVALUE('Discipline',$,(IFCLABEL('STR')),$);
#1809=IFCPROPERTYSET('FdI5ABlPJr3fl9e$hTTt47',#6,'OPS_ActivityCodes',$,(#1807,#1808));
#1810=IFCRELDEFINESBYPROPERTIES('P5yZKfHdTD87wDTFUL$xN1',#6,$,$,(#165),#1809);
#1811=IFCPROPERTYENUMERATEDVALUE('Tower',$,(IFCLABEL('A')),$);
#1812=IFCPROPERTYENUMERATEDVALUE('Discipline',$,(IFCLABEL('STR')),$);
#1813=IFCPROPERTYSET('0n5VaHu7IhJ7wjN1Q7KjoR',#6,'OPS_ActivityCodes',$,(#1811,#1812));
#1814=IFCRELDEFINESBYPROPERTIES('OzXzknSHlDO9BPw$afMTX3',#6,$,$,(#167),#1813);
#1815=IFCPROPERTYENUMERATEDVALUE('Tower',$,(IFCLABEL('A')),$);
#1816=IFCPROPERTYENUMERATEDVALUE('Discipline',$,(IFCLABEL('STR')),$);
#1817=IFCPROPERTYSET('vnFxUxMdzF4hcZf$bXB1Eb',#6,'OPS_ActivityCodes',$,(#1815,#1816));
#1818=IFCRELDEFINESBYPROPERTIES('H5NRSH8PbhBFb1v$grSzln',#6,$,$,(#169),#1817);
#1819=IFCPROPERTYENUMERATEDVALUE('Tower',$,(IFCLABEL('A')),$);
#1820=IFCPROPERTYENUMERATEDVALUE('Discipline',$,(IFCLABEL('STR')),$);
#1821=IFCPROPERTYSET('whAZq5H7CvWHXHv1HPKx$D',#6,'OPS_ActivityCodes',$,(#1819,#1820));
#1822=IFCRELDEFINESBYPROPERTIES('UVDdLpUNevLlrpHXjN2rCF',#6,$,$,(#171),#1821);
#1823=IFCPROPERTYENUMERATEDVALUE('Tower',$,(IFCLABEL('A')),$);
#1824=IFCPROPERTYENUMERATEDVALUE('Discipline',$,(IFCLABEL('STR')),$);
#1825=IFCPROPERTYSET('I9qp5hT$MbbXEBYXtztzxB',#6,'OPS_ActivityCodes',$,(#1823,#1824));
#1826=IFCRELDEFINESBYPROPERTIES('6hULPbg$khT9dFt$BJVpCZ',#6,$,$,(#173),#1825);
#1827=IFCPROPERTYENUMERATEDVALUE('Tower',$,(IFCLABEL('A')),$);
#1828=IFCPROPERTYENUMERATEDVALUE('Discipline',$,(IFCLABEL('STR')),$);
#1829=IFCPROPERTYSET('wnNJjzpXt1vDqnf1bXZNUH',#6,'OPS_ActivityCodes',$,(#1827,#1828));
#1830=IFCRELDEFINESBYPROPERTIES('IRRl1vAPfRbXIbalnbtBax',#6,$,$,(#175),#1829);
#1831=IFCPROPERTYENUMERATEDVALUE('Tower',$,(IFCLABEL('B')),$);
#1832=IFCPROPERTYENUMERATEDVALUE('Discipline',$,(IFCLABEL('STR')),$);
#1833=IFCPROPERTYSET('c5Kjlx$PhpUNHtmX8LWd9F',#6,'OPS_ActivityCodes',$,(#1831,#1832));
#1834=IFCRELDEFINESBYPROPERTIES('2lNj91cv0rfZnd_V7Xr1MD',#6,$,$,(#177),#1833);
#1835=IFCPROPERTYENUMERATEDVALUE('Tower',$,(IFCLABEL('B')),$);
#1836=IFCPROPERTYENUMERATEDVALUE('Discipline',$,(IFCLABEL('STR')),$);
#1837=IFCPROPERTYSET('vlJdhDItxlLlVlN$gBKjUD',#6,'OPS_ActivityCodes',$,(#1835,#1836));
#1838=IFCRELDEFINESBYPROPERTIES('lbJvbVJn0hb1GR0VJbFT9l',#6,$,$,(#179),#1837);
#1839=IFCPROPERTYENUMERATEDVALUE('Tower',$,(IFCLABEL('B')),$);
#1840=IFCPROPERTYENUMERATEDVALUE('Discipline',$,(IFCLABEL('STR')),$);
#1841=IFCPROPERTYSET('EvkHH1PtFnypul$XGFRFnR',#6,'OPS_ActivityCodes',$,(#1839,#1840));
#1842=IFCRELDEFINESBYPROPERTIES('QxKjTRUn23ePuHN$6J1JIv',#6,$,$,(#181),#1841);
#1843=IFCPROPERTYENUMERATEDVALUE('Tower',$,(IFCLABEL('B')),$);
#1844=IFCPROPERTYENUMERATEDVALUE('Discipline',$,(IFCLABEL('STR')),$);
#1845=IFCPROPERTYSET('jxNbuBW973ufrjxnUr5VCH',#6,'OPS_ActivityCodes',$,(#1843,#1844));
#1846=IFCRELDEFINESBYPROPERTIES('hPuV41k97ZKz7X$X078nxn',#6,$,$,(#183),#1845);
#1847=IFCPROPERTYENUMERATEDVALUE('Tower',$,(IFCLABEL('B')),$);
#1848=IFCPROPERTYENUMERATEDVALUE('Discipline',$,(IFCLABEL('STR')),$);
#1849=IFCPROPERTYSET('QXbl93RFILxVgBg1hd07xr',#6,'OPS_ActivityCodes',$,(#1847,#1848));
#1850=IFCRELDEFINESBYPROPERTIES('ELrn9$I919vpK$rH7bwd79',#6,$,$,(#185),#1849);
#1851=IFCPROPERTYENUMERATEDVALUE('Tower',$,(IFCLABEL('B')),$);
#1852=IFCPROPERTYENUMERATEDVALUE('Discipline',$,(IFCLABEL('STR')),$);
#1853=IFCPROPERTYSET('n76twvAd9LhlJ$xHydeHjV',#6,'OPS_ActivityCodes',$,(#1851,#1852));
#1854=IFCRELDEFINESBYPROPERTIES('PR8VWVpnkBt3TBYVbXxlr3',#6,$,$,(#187),#1853);
#1855=IFCPROPERTYENUMERATEDVALUE('Tower',$,(IFCLABEL('B')),$);
#1856=IFCPROPERTYENUMERATEDVALUE('Discipline',$,(IFCLABEL('STR')),$);
#1857=IFCPROPERTYSET('jRTf8Dl7GZ4LwpLHjf2BW7',#6,'OPS_ActivityCodes',$,(#1855,#1856));
#1858=IFCRELDEFINESBYPROPERTIES('hvibSnqVb17DufKHWN6j6x',#6,$,$,(#189),#1857);
#1859=IFCPROPERTYENUMERATEDVALUE('Tower',$,(IFCLABEL('B')),$);
#1860=IFCPROPERTYENUMERATEDVALUE('Discipline',$,(IFCLABEL('STR')),$);
#1861=IFCPROPERTYSET('xl39Ij5VvZCZJ1BH3Dk5DJ',#6,'OPS_ActivityCodes',$,(#1859,#1860));
#1862=IFCRELDEFINESBYPROPERTIES('jRZfKN$vwHGXcZlXn5B16b',#6,$,$,(#191),#1861);
#1863=IFCPROPERTYENUMERATEDVALUE('Tower',$,(IFCLABEL('B')),$);
#1864=IFCPROPERTYENUMERATEDVALUE('Discipline',$,(IFCLABEL('STR')),$);
#1865=IFCPROPERTYSET('T1VzoZNNKf29RVBn7xwJYF',#6,'OPS_ActivityCodes',$,(#1863,#1864));
#1866=IFCRELDEFINESBYPROPERTIES('Bj5X4$o9n3QXAxqloH$jUF',#6,$,$,(#193),#1865);
#1867=IFCPROPERTYENUMERATEDVALUE('Tower',$,(IFCLABEL('B')),$);
#1868=IFCPROPERTYENUMERATEDVALUE('Discipline',$,(IFCLABEL('STR')),$);
#1869=IFCPROPERTYSET('e5KbyVs1aL1x9hEFwtMNA7',#6,'OPS_ActivityCodes',$,(#1867,#1868));
#1870=IFCRELDEFINESBYPROPERTIES('0lHb8BmNS1XbXxGXqlDdbV',#6,$,$,(#195),#1869);
#1871=IFCPROPERTYENUMERATEDVALUE('Tower',$,(IFCLABEL('B')),$);
#1872=IFCPROPERTYENUMERATEDVALUE('Discipline',$,(IFCLABEL('STR')),$);
#1873=IFCPROPERTYSET('P$PL37$dJfBFnD$VkXfZzh',#6,'OPS_ActivityCodes',$,(#1871,#1872));
#1874=IFCRELDEFINESBYPROPERTIES('FhD7xl7tTVovMBc1_53tS5',#6,$,$,(#197),#1873);
#1875=IFCPROPERTYENUMERATEDVALUE('Tower',$,(IFCLABEL('B')),$);
#1876=IFCPROPERTYENUMERATEDVALUE('Discipline',$,(IFCLABEL('STR')),$);
#1877=IFCPROPERTYSET('1jATWXr$ahPjA7wlDvGfAZ',#6,'OPS_ActivityCodes',$,(#1875,#1876));
#1878=IFCRELDEFINESBYPROPERTIES('dXZNSpgdv9cpCBc$MHrnvt',#6,$,$,(#199),#1877);
#1879=IFCPROPERTYENUMERATEDVALUE('Tower',$,(IFCLABEL('B')),$);
#1880=IFCPROPERTYENUMERATEDVALUE('Discipline',$,(IFCLABEL('STR')),$);
#1881=IFCPROPERTYSET('tNg3slldvz0np3rndrSzR5',#6,'OPS_ActivityCodes',$,(#1879,#1880));
#1882=IFCRELDEFINESBYPROPERTIES('X3azUxIt19HruFDnBD5Hbx',#6,$,$,(#201),#1881);
#1883=IFCPROPERTYENUMERATEDVALUE('Tower',$,(IFCLABEL('B')),$);
#1884=IFCPROPERTYENUMERATEDVALUE('Discipline',$,(IFCLABEL('STR')),$);
#1885=IFCPROPERTYSET('s9gPTtRnUv0n9tynT3OHrz',#6,'OPS_ActivityCodes',$,(#1883,#1884));
#1886=IFCRELDEFINESBYPROPERTIES('YzyBvPh1UJwJo1v$2twdLf',#6,$,$,(#203),#1885);
#1887=IFCPROPERTYENUMERATEDVALUE('Tower',$,(IFCLABEL('B')),$);
#1888=IFCPROPERTYENUMERATEDVALUE('Discipline',$,(IFCLABEL('STR')),$);
#1889=IFCPROPERTYSET('b$vrVJcXNx1T550VRXhVGF',#6,'OPS_ActivityCodes',$,(#1887,#1888));
#1890=IFCRELDEFINESBYPROPERTIES('DhLlBTO781ILMBc$sbwdZb',#6,$,$,(#205),#1889);
#1891=IFCPROPERTYENUMERATEDVALUE('Tower',$,(IFCLABEL('B')),$);
#1892=IFCPROPERTYENUMERATEDVALUE('Discipline',$,(IFCLABEL('STR')),$);
#1893=IFCPROPERTYSET('KxNbqxnvI1nL_pnXJbnZZ5',#6,'OPS_ActivityCodes',$,(#1891,#1892));
#1894=IFCRELDEFINESBYPROPERTIES('i7KRW$Nf2zOtnjpl5BKjkd',#6,$,$,(#207),#1893);
#1895=IFCPROPERTYENUMERATEDVALUE('Tower',$,(IFCLABEL('B')),$);
#1896=IFCPROPERTYENUMERATEDVALUE('Discipline',$,(IFCLABEL('STR')),$);
#1897=IFCPROPERTYSET('Kb5FDJRXD751qhcH7xQDWv',#6,'OPS_ActivityCodes',$,(#1895,#1896));
#1898=IFCRELDEFINESBYPROPERTIES('iduFhtiXHJaBCLslOj9BGV',#6,$,$,(#209),#1897);
#1899=IFCPROPERTYENUMERATEDVALUE('Tower',$,(IFCLABEL('B')),$);
#1900=IFCPROPERTYENUMERATEDVALUE('Discipline',$,(IFCLABEL('STR')),$);
#1901=IFCPROPERTYSET('T$NRKtxFWxPB8tu$UhNTPv',#6,'OPS_ActivityCodes',$,(#1899,#1900));
#1902=IFCRELDEFINESBYPROPERTIES('BJ39Ut3$CvePWDTFcd07Nz',#6,$,$,(#211),#1901);
#1903=IFCPROPERTYENUMERATEDVALUE('Tower',$,(IFCLABEL('B')),$);
#1904=IFCPROPERTYENUMERATEDVALUE('Discipline',$,(IFCLABEL('STR')),$);
#1905=IFCPROPERTYSET('bXj73L4$mTqxNx4HlPiJEN',#6,'OPS_ActivityCodes',$,(#1903,#1904));
#1906=IFCRELDEFINESBYPROPERTIES('DBVLFHvtlpu7QFnXhv4Lgt',#6,$,$,(#213),#1905);
#1907=IFCPROPERTYENUMERATEDVALUE('Tower',$,(IFCLABEL('B')),$);
#1908=IFCPROPERTYENUMERATEDVALUE('Discipline',$,(IFCLABEL('STR')),$);
#1909=IFCPROPERTYSET('4DMdfDdtTDm$SJDHjfUhcH',#6,'OPS_ActivityCodes',$,(#1907,#1908));
#1910=IFCRELDEFINESBYPROPERTIES('a1PLrza1Ebx1un5lu3$x7N',#6,$,$,(#215),#1909);
#1911=IFCPROPERTYENUMERATEDVALUE('Tower',$,(IFCLABEL('B')),$);
#1912=IFCPROPERTYENUMERATEDVALUE('Discipline',$,(IFCLABEL('STR')),$);
#1913=IFCPROPERTYSET('zpwtMR5XhdKRnjhFN9A9G1',#6,'OPS_ActivityCodes',$,(#1911,#1912));
#1914=IFCRELDEFINESBYPROPERTIES('R1t5IlevC7Wlfxqn8hGNcH',#6,$,$,(#217),#1913);
#1915=IFCPROPERTYENUMERATEDVALUE('Tower',$,(IFCLABEL('B')),$);
#1916=IFCPROPERTYENUMERATEDVALUE('Discipline',$,(IFCLABEL('STR')),$);
#1917=IFCPROPERTYSET('ndERSp6vMdlJ615HyBLl5r',#6,'OPS_ActivityCodes',$,(#1915,#1916));
#1918=IFCRELDEFINESBYPROPERTIES('d5S36PQXnF4h27clHPqpGV',#6,$,$,(#219),#1917);
#1919=IFCPROPERTYENUMERATEDVALUE('Tower',$,(IFCLABEL('B')),$);
#1920=IFCPROPERTYENUMERATEDVALUE('Discipline',$,(IFCLABEL('STR')),$);
#1921=IFCPROPERTYSET('G9KRKBHPLdaBSPUVJbP5dv',#6,'OPS_ActivityCodes',$,(#1919,#1920));
#1922=IFCRELDEFINESBYPROPERTIES('8LERW1Ptl$orap$VUhvDqz',#6,$,$,(#221),#1921);
#1923=IFCPROPERTYENUMERATEDVALUE('Tower',$,(IFCLABEL('B')),$);
#1924=IFCPROPERTYENUMERATEDVALUE('Discipline',$,(IFCLABEL('STR')),$);
#1925=IFCPROPERTYSET('ndUhDH8Pbhjvo$v1_5TNcF',#6,'OPS_ActivityCodes',$,(#1923,#1924));
#1926=IFCRELDEFINESBYPROPERTIES('d5KJJzJVnl0FhNylPLWdX3',#6,$,$,(#223),#1925);
#1927=IFCPROPERTYENUMERATEDVALUE('Tower',$,(IFCLABEL('B')),$);
#1928=IFCPROPERTYENUMERATEDVALUE('Discipline',$,(IFCLABEL('STR')),$);
#1929=IFCPROPERTYSET('upfJ7PL$Q$gzjDTnglrF3r',#6,'OPS_ActivityCodes',$,(#1927,#1928));
#1930=IFCRELDEFINESBYPROPERTIES('mPcj$Zu7U7m$mhYFZZijAz',#6,$,$,(#225),#1929);
#1931=IFCPROPERTYENUMERATEDVALUE('Tower',$,(IFCLABEL('B')),$);
#1932=IFCPROPERTYENUMERATEDVALUE('Discipline',$,(IFCLABEL('STR')),$);
#1933=IFCPROPERTYSET('f3X3E1gd5bbXw1ZFEl1jUj',#6,'OPS_ActivityCodes',$,(#1931,#1932));
#1934=IFCRELDEFINESBYPROPERTIES('Hfmv1ZGNarZ91BM$9Zb1UH',#6,$,$,(#227),#1933);
#1935=IFCPROPERTYENUMERATEDVALUE('Tower',$,(IFCLABEL('B')),$);
#1936=IFCPROPERTYENUMERATEDVALUE('Discipline',$,(IFCLABEL('STR')),$);
#1937=IFCPROPERTYSET('DdI5ct41CPKb1rg$FtAtOT',#6,'OPS_ActivityCodes',$,(#1935,#1936));
#1938=IFCRELDEFINESBYPROPERTIES('bxShxhT$6TQDqrEXWtUFBd',#6,$,$,(#229),#1937);
#1939=IFCPROPERTYENUMERATEDVALUE('Tower',$,(IFCLABEL('B')),$);
#1940=IFCPROPERTYENUMERATEDVALUE('Discipline',$,(IFCLABEL('STR')),$);
#1941=IFCPROPERTYSET('s92X8pPtPDcVgr2Vh3VbZN',#6,'OPS_ActivityCodes',$,(#1939,#1940));
#1942=IFCRELDEFINESBYPROPERTIES('Y3azYNX7yRbVIxGVyht3Tf',#6,$,$,(#231),#1941);
#1943=IFCPROPERTYENUMERATEDVALUE('Tower',$,(IFCLABEL('B')),$);
#1944=IFCPROPERTYENUMERATEDVALUE('Discipline',$,(IFCLABEL('STR')),$);
#1945=IFCPROPERTYSET('QRuFNFSlPP4pK1hH9vyLkL',#6,'OPS_ActivityCodes',$,(#1943,#1944));
#1946=IFCRELDEFINESBYPROPERTIES('2nrn13qnyHLl1$HXxBixrv',#6,$,$,(#233),#1945);
#1947=IFCPROPERTYENUMERATEDVALUE('Tower',$,(IFCLABEL('C')),$);
#1948=IFCPROPERTYENUMERATEDVALUE('Discipline',$,(IFCLABEL('STR')),$);
#1949=IFCPROPERTYSET('OZxFxHPtdjcpWDxlK$NLw5',#6,'OPS_ActivityCodes',$,(#1947,#1948));
#1950=IFCRELDEFINESBYPROPERTIES('mNunpJZlLJAT$XrF3j_lRb',#6,$,$,(#235),#1949);
#1951=IFCPROPERTYENUMERATEDVALUE('Tower',$,(IFCLABEL('C')),$);
#1952=IFCPROPERTYENUMERATEDVALUE('Discipline',$,(IFCLABEL('STR')),$);
#1953=IFCPROPERTYSET('nhztkD1PHjq5L3nX7bEXab',#6,'OPS_ActivityCodes',$,(#1951,#1952));
#1954=IFCRELDEFINESBYPROPERTIES('tNATWVRX7N6$O7InODr1oR',#6,$,$,(#237),#1953);
#1955=IFCPROPERTYENUMERATEDVALUE('Tower',$,(IFCLABEL('C')),$);
#1956=IFCPROPERTYENUMERATEDVALUE('Discipline',$,(IFCLABEL('STR')),$);
#1957=IFCPROPERTYSET('L7KRWXbXBZarqL2FPlhHN3',#6,'OPS_ActivityCodes',$,(#1955,#1956));
#1958=IFCRELDEFINESBYPROPERTIES('zD6tALDXhjQDi$Rls1$j61',#6,$,$,(#239),#1957);
#1959=IFCPROPERTYENUMERATEDVALUE('Tower',$,(IFCLABEL('C')),$);
#1960=IFCPROPERTYENUMERATEDVALUE('Discipline',$,(IFCLABEL('STR')),$);
#1961=IFCPROPERTYSET('a$PhHXr10rVRZBYVR17bf3',#6,'OPS_ActivityCodes',$,(#1959,#1960));
#1962=IFCRELDEFINESBYPROPERTIES('Cr1BXD2fwFKRxlN1c3FLox',#6,$,$,(#241),#1961);
#1963=IFCPROPERTYENUMERATEDVALUE('Tower',$,(IFCLABEL('C')),$);
#1964=IFCPROPERTYENUMERATEDVALUE('Discipline',$,(IFCLABEL('STR')),$);
#1965=IFCPROPERTYSET('ohZf0lFP9XJ7Yz7$vRMNQh',#6,'OPS_ActivityCodes',$,(#1963,#1964));
#1966=IFCRELDEFINESBYPROPERTIES('s9_Xy3iX$h93bXTl0P4Zvf',#6,$,$,(#243),#1965);
#1967=IFCPROPERTYENUMERATEDVALUE('Tower',$,(IFCLABEL('C')),$);
#1968=IFCPROPERTYENUMERATEDVALUE('Discipline',$,(IFCLABEL('STR')),$);
#1969=IFCPROPERTYSET('Ct2XOZnPxbD9ZBIXc7CpK1',#6,'OPS_ActivityCodes',$,(#1967,#1968));
#1970=IFCRELDEFINESBYPROPERTIES('SzSzEXM$kXb1y391qnNTVZ',#6,$,$,(#245),#1969);
#1971=IFCPROPERTYENUMERATEDVALUE('Tower',$,(IFCLABEL('C')),$);
#1972=IFCPROPERTYENUMERATEDVALUE('Discipline',$,(IFCLABEL('STR')),$);
#1973=IFCPROPERTYSET('I5XzMRpnI1djMBYXNj7btp',#6,'OPS_ActivityCodes',$,(#1971,#1972));
#1974=IFCRELDEFINESBYPROPERTIES('gvazE$k9$t9zDZN1H7eXe3',#6,$,$,(#247),#1973);
#1975=IFCPROPERTYENUMERATEDVALUE('Tower',$,(IFCLABEL('C')),$);
#1976=IFCPROPERTYENUMERATEDVALUE('Discipline',$,(IFCLABEL('STR')),$);
#1977=IFCPROPERTYSET('XXJ75nrHBNo7_7_F5LWP5H',#6,'OPS_ActivityCodes',$,(#1975,#1976));
#1978=IFCRELDEFINESBYPROPERTIES('9pVhfjjFCzgn7X1Vm1pdbX',#6,$,$,(#249),#1977);
#1979=IFCPROPERTYENUMERATEDVALUE('Tower',$,(IFCLABEL('C')),$);
#1980=IFCPROPERTYENUMERATEDVALUE('Discipline',$,(IFCLABEL('STR')),$);
#1981=IFCPROPERTYSET('$lHbO5Adb$Hrmr_Vtd0vlH',#6,'OPS_ActivityCodes',$,(#1979,#1980));
#1982=IFCRELDEFINESBYPROPERTIES('Nz95oT$voHJf1VBF93NTN1',#6,$,$,(#251),#1981);
#1983=IFCPROPERTYENUMERATEDVALUE('Tower',$,(IFCLABEL('C')),$);
#1984=IFCPROPERTYENUMERATEDVALUE('Discipline',$,(IFCLABEL('STR')),$);
#1985=IFCPROPERTYSET('INGPFnRFsh7pul7$jbnTr7',#6,'OPS_ActivityCodes',$,(#1983,#1984));
#1986=IFCRELDEFINESBYPROPERTIES('wBEFZxsdp5VzdFv1kZCpuR',#6,$,$,(#253),#1985);
#1987=IFCPROPERTYENUMERATEDVALUE('Tower',$,(IFCLABEL('C')),$);
#1988=IFCPROPERTYENUMERATEDVALUE('Discipline',$,(IFCLABEL('STR')),$);
#1989=IFCPROPERTYSET('VX5FBPs10BHrO7wllBBnrv',#6,'OPS_ActivityCodes',$,(#1987,#1988));
#1990=IFCRELDEFINESBYPROPERTIES('9D9Dnl$vwFCTHtGVwNkxjZ',#6,$,$,(#255),#1989);
#1991=IFCPROPERTYENUMERATEDVALUE('Tower',$,(IFCLABEL('C')),$);
#1992=IFCPROPERTYENUMERATEDVALUE('Discipline',$,(IFCLABEL('STR')),$);
#1993=IFCPROPERTYSET('_pgdNjL1cjypa7MlwNszNz',#6,'OPS_ActivityCodes',$,(#1991,#1992));
#1994=IFCRELDEFINESBYPROPERTIES('c1dLxrld$tnhclbFatAtab',#6,$,$,(#257),#1993);
#1995=IFCPROPERTYENUMERATEDVALUE('Tower',$,(IFCLABEL('C')),$);
#1996=IFCPROPERTYENUMERATEDVALUE('Discipline',$,(IFCLABEL('STR')),$);
#1997=IFCPROPERTYSET('KduXGv_NIXDPKbaF3lNLUH',#6,'OPS_ActivityCodes',$,(#1995,#1996));
#1998=IFCRELDEFINESBYPROPERTIES('yDY$6T09dvWHNRu1sxoRJX',#6,$,$,(#259),#1997);
#1999=IFCPROPERTYENUMERATEDVALUE('Tower',$,(IFCLABEL('C')),$);
#2000=IFCPROPERTYENUMERATEDVALUE('Discipline',$,(IFCLABEL('STR')),$);
#2001=IFCPROPERTYSET('iP8n$3KVBzG$CHZl0vu1Ql',#6,'OPS_ActivityCodes',$,(#1999,#2000));
#2002=IFCRELDEFINESBYPROPERTIES('4pklnlldtLDP0Tf$HdCpCF',#6,$,$,(#261),#2001);
#2003=IFCPROPERTYENUMERATEDVALUE('Tower',$,(IFCLABEL('C')),$);
#2004=IFCPROPERTYENUMERATEDVALUE('Discipline',$,(IFCLABEL('STR')),$);
#2005=IFCPROPERTYSET('rtU1M1nvcDOPyNWV71nZ9n',#6,'OPS_ActivityCodes',$,(#2003,#2004));
#2006=IFCRELDEFINESBYPROPERTIES('ZTGPrzqX9rdjsxanh3fTHr',#6,$,$,(#263),#2005);
#2007=IFCPROPERTYENUMERATEDVALUE('Tower',$,(IFCLABEL('C')),$);
#2008=IFCPROPERTYENUMERATEDVALUE('Discipline',$,(IFCLABEL('STR')),$);
#2009=IFCPROPERTYSET('$Htp7BmfMb514fGXkVXbf3',#6,'OPS_ActivityCodes',$,(#2007,#2008));
#2010=IFCRELDEFINESBYPROPERTIES('f3HJVJIldJg3JjXX_tEVW7',#6,$,$,(#265),#2009);
#2011=IFCPROPERTYENUMERATEDVALUE('Tower',$,(IFCLABEL('C')),$);
#2012=IFCPROPERTYENUMERATEDVALUE('Discipline',$,(IFCLABEL('STR')),$);
#2013=IFCPROPERTYSET('DdI5wzKFwZ6jwpRHgLWdN$',#6,'OPS_ActivityCodes',$,(#2011,#2012));
#2014=IFCRELDEFINESBYPROPERTIES('Rxahl1tNa17pGRmVIz81kd',#6,$,$,(#267),#2013);
#2015=IFCPROPERTYENUMERATEDVALUE('Tower',$,(IFCLABEL('C')),$);
#2016=IFCPROPERTYENUMERATEDVALUE('Discipline',$,(IFCLABEL('STR')),$);
#2017=IFCPROPERTYSET('yFd32vH7GJg37Xv$tzNT1D',#6,'OPS_ActivityCodes',$,(#2015,#2016));
#2018=IFCRELDEFINESBYPROPERTIES('iRDdTNnPfnfxpnt1j9wdR$',#6,$,$,(#269),#2017);
#2019=IFCPROPERTYENUMERATEDVALUE('Tower',$,(IFCLABEL('C')),$);
#2020=IFCPROPERTYENUMERATEDVALUE('Discipline',$,(IFCLABEL('STR')),$);
#2021=IFCPROPERTYSET('e3V3wvE9jN3f9LEn_RNh_3',#6,'OPS_ActivityCodes',$,(#2019,#2020));
#2022=IFCRELDEFINESBYPROPERTIES('mtaz2Lyl5FtR$LwlZXtzLD',#6,$,$,(#271),#2021);
#2023=IFCPROPERTYENUMERATEDVALUE('Tower',$,(IFCLABEL('C')),$);
#2024=IFCPROPERTYENUMERATEDVALUE('Discipline',$,(IFCLABEL('STR')),$);
#2025=IFCPROPERTYSET('JfmP5rdt$NxXUNynZ3GNwb',#6,'OPS_ActivityCodes',$,(#2023,#2024));
#2026=IFCRELDEFINESBYPROPERTIES('5Lgzg57tt1nhYNKn692HVd',#6,$,$,(#273),#2025);
#2027=IFCPROPERTYENUMERATEDVALUE('Tower',$,(IFCLABEL('C')),$);
#2028=IFCPROPERTYENUMERATEDVALUE('Discipline',$,(IFCLABEL('STR')),$);
#2029=IFCPROPERTYSET('GvU1MbbX7N_tf7_Fhz$5pj',#6,'OPS_ActivityCodes',$,(#2027,#2028));
#2030=IFCRELDEFINESBYPROPERTIES('ex4ZihbF_N61uFJn7bwdJz',#6,$,$,(#275),#2029);
#2031=IFCPROPERTYENUMERATEDVALUE('Tower',$,(IFCLABEL('C')),$);
#2032=IFCPROPERTYENUMERATEDVALUE('Discipline',$,(IFCLABEL('STR')),$);
#2033=IFCPROPERTYSET('yFtpfJTlfHz7gN0X5ljvPr',#6,'OPS_ActivityCodes',$,(#2031,#2032));
#2034=IFCRELDEFINESBYPROPERTIES('KRTfmf8PddC5fxClsXB$6V',#6,$,$,(#277),#2033);
#2035=IFCPROPERTYENUMERATEDVALUE('Tower',$,(IFCLABEL('C')),$);
#2036=IFCPROPERTYENUMERATEDVALUE('Discipline',$,(IFCLABEL('STR')),$);
#2037=IFCPROPERTYSET('jtazURQX9hzfRrc$ARMf_X',#6,'OPS_ActivityCodes',$,(#2035,#2036));
#2038=IFCRELDEFINESBYPROPERTIES('xr2VmtCnynFpGxKlG13f2Z',#6,$,$,(#279),#2037);
#2039=IFCPROPERTYENUMERATEDVALUE('Tower',$,(IFCLABEL('C')),$);
#2040=IFCPROPERTYENUMERATEDVALUE('Discipline',$,(IFCLABEL('STR')),$);
#2041=IFCPROPERTYSET('fZpd9T$vU7mVgfO1qlpPDD',#6,'OPS_ActivityCodes',$,(#2039,#2040));
#2042=IFCRELDEFINESBYPROPERTIES('l9SLpHmNipWHBp$VQ3HrqZ',#6,$,$,(#281),#2041);
#2043=IFCPROPERTYENUMERATEDVALUE('Tower',$,(IFCLABEL('C')),$);
#2044=IFCPROPERTYENUMERATEDVALUE('Discipline',$,(IFCLABEL('STR')),$);
#2045=IFCPROPERTYSET('1D6tMxH7Olm$8NiH4vyZHr',#6,'OPS_ActivityCodes',$,(#2043,#2044));
#2046=IFCRELDEFINESBYPROPERTIES('d$9xY9pV$BTtvXHVVp2Bab',#6,$,$,(#283),#2045);
#2047=IFCPROPERTYENUMERATEDVALUE('Tower',$,(IFCLABEL('C')),$);
#2048=IFCPROPERTYENUMERATEDVALUE('Discipline',$,(IFCLABEL('STR')),$);
#2049=IFCPROPERTYSET('GPQjVjolRr7DOdw$CFfTbX',#6,'OPS_ActivityCodes',$,(#2047,#2048));
#2050=IFCRELDEFINESBYPROPERTIES('eR0tw7c7O7ZPCrc$gnnL2$',#6,$,$,(#285),#2049);
#2051=IFCPROPERTYENUMERATEDVALUE('Tower',$,(IFCLABEL('C')),$);
#2052=IFCPROPERTYENUMERATEDVALUE('Discipline',$,(IFCLABEL('STR')),$);
#2053=IFCPROPERTYSET('upP3_7XP9hrnZrQ$YhPj_z',#6,'OPS_ActivityCodes',$,(#2051,#2052));
#2054=IFCRELDEFINESBYPROPERTIES('GdgzwTW9ZJqZjX1X4deHlH',#6,$,$,(#287),#2053);
#2055=IFCPROPERTYENUMERATEDVALUE('Tower',$,(IFCLABEL('C')),$);
#2056=IFCPROPERTYENUMERATEDVALUE('Discipline',$,(IFCLABEL('STR')),$);
#2057=IFCPROPERTYSET('VTO$AhT$gxFpKbiFcvazzP',#6,'OPS_ActivityCodes',$,(#2055,#2056));
#2058=IFCRELDEFINESBYPROPERTIES('vlR$QD2NwZYxLZZFYPKx1p',#6,$,$,(#289),#2057);
#2059=IFCPROPERTYENUMERATEDVALUE('Tower',$,(IFCLABEL('C')),$);
#2060=IFCPROPERTYENUMERATEDVALUE('Discipline',$,(IFCLABEL('STR')),$);
#2061=IFCPROPERTYSET('XZuFdfV7qdajAxiHuBqpeZ',#6,'OPS_ActivityCodes',$,(#2059,#2060));
#2062=IFCRELDEFINESBYPROPERTIES('vHrnHbRXVbx1OPs$F5DPN$',#6,$,$,(#291),#2061);
#2063=IFCPROPERTYENUMERATEDVALUE('Tower',$,(IFCLABEL('GEN')),$);
#2064=IFCPROPERTYENUMERATEDVALUE('Discipline',$,(IFCLABEL('STR')),$);
#2065=IFCPROPERTYSET('ItKjPNXvWRhlTNe1uhmt0N',#6,'OPS_ActivityCodes',$,(#2063,#2064));
#2066=IFCRELDEFINESBYPROPERTIES('6L_BT5MdjtXbhNSHFR1jsZ',#6,$,$,(#295),#2065);
#2067=IFCPROPERTYENUMERATEDVALUE('Tower',$,(IFCLABEL('A')),$);
#2068=IFCPROPERTYENUMERATEDVALUE('Discipline',$,(IFCLABEL('STR')),$);
#2069=IFCPROPERTYSET('q9s7zhSl79Y51X5FonDPzh',#6,'OPS_ActivityCodes',$,(#2067,#2068));
#2070=IFCRELDEFINESBYPROPERTIES('a3aLxrldxnvho1FXZTiJIr',#6,$,$,(#299),#2069);
#2071=IFCPROPERTYENUMERATEDVALUE('Tower',$,(IFCLABEL('A')),$);
#2072=IFCPROPERTYENUMERATEDVALUE('Discipline',$,(IFCLABEL('STR')),$);
#2073=IFCPROPERTYSET('exaLH17t9XrFnJTlO5szrT',#6,'OPS_ActivityCodes',$,(#2071,#2072));
#2074=IFCRELDEFINESBYPROPERTIES('0HXhT9pVnzAHnvAHmlHz$N',#6,$,$,(#301),#2073);
#2075=IFCPROPERTYENUMERATEDVALUE('Tower',$,(IFCLABEL('A')),$);
#2076=IFCPROPERTYENUMERATEDVALUE('Discipline',$,(IFCLABEL('STR')),$);
#2077=IFCPROPERTYSET('VZ0tUx2fArjvU9O$0vu$cl',#6,'OPS_ActivityCodes',$,(#2075,#2076));
#2078=IFCRELDEFINESBYPROPERTIES('vH39Q9qFWbLlvDrlL7Sryh',#6,$,$,(#303),#2077);
#2079=IFCPROPERTYENUMERATEDVALUE('Tower',$,(IFCLABEL('A')),$);
#2080=IFCPROPERTYENUMERATEDVALUE('Discipline',$,(IFCLABEL('STR')),$);
#2081=IFCPROPERTYSET('ErVLxLhHDvLlJXHXlLt3rT',#6,'OPS_ActivityCodes',$,(#2079,#2080));
#2082=IFCRELDEFINESBYPROPERTIES('AfQJlb3lJhVb5HN$UP4hIh',#6,$,$,(#305),#2081);
#2083=IFCPROPERTYENUMERATEDVALUE('Tower',$,(IFCLABEL('A')),$);
#2084=IFCPROPERTYENUMERATEDVALUE('Discipline',$,(IFCLABEL('STR')),$);
#2085=IFCPROPERTYSET('JfelPx67YPq5NRmXmnDPbV',#6,'OPS_ActivityCodes',$,(#2083,#2084));
#2086=IFCRELDEFINESBYPROPERTIES('5hULz7vtVRRX6VlXNNgZR$',#6,$,$,(#307),#2085);
#2087=IFCPROPERTYENUMERATEDVALUE('Tower',$,(IFCLABEL('A')),$);
#2088=IFCPROPERTYENUMERATEDVALUE('Discipline',$,(IFCLABEL('STR')),$);
#2089=IFCPROPERTYSET('7Fdzo1Uf4bbXsPc$_x5HNz',#6,'OPS_ActivityCodes',$,(#2087,#2088));
#2090=IFCRELDEFINESBYPROPERTIES('H51T8pfNU7WH3dw18LG9u5',#6,$,$,(#309),#2089);
#2091=IFCPROPERTYENUMERATEDVALUE('Tower',$,(IFCLABEL('A')),$);
#2092=IFCPROPERTYENUMERATEDVALUE('Discipline',$,(IFCLABEL('STR')),$);
#2093=IFCPROPERTYSET('0lHbqvlvitMzlTTFUveHRR',#6,'OPS_ActivityCodes',$,(#2091,#2092));
#2094=IFCRELDEFINESBYPROPERTIES('OZL1_PzlB9IhkH91ml7b$N',#6,$,$,(#311),#2093);
#2095=IFCPROPERTYENUMERATEDVALUE('Tower',$,(IFCLABEL('A')),$);
#2096=IFCPROPERTYENUMERATEDVALUE('Discipline',$,(IFCLABEL('STR')),$);
#2097=IFCPROPERTYSET('Z$Xzsh310rlBe$$VUhNZ1J',#6,'OPS_ActivityCodes',$,(#2095,#2096));
#2098=IFCRELDEFINESBYPROPERTIES('BjxVm9KVvNcXkxO$bR2Hln',#6,$,$,(#313),#2097);
#2099=IFCPROPERTYENUMERATEDVALUE('Tower',$,(IFCLABEL('A')),$);
#2100=IFCPROPERTYENUMERATEDVALUE('Discipline',$,(IFCLABEL('STR')),$);
#2101=IFCPROPERTYSET('dVblVfu7Ex7h61RlkXXR3d',#6,'OPS_ActivityCodes',$,(#2099,#2100));
#2102=IFCRELDEFINESBYPROPERTIES('nBlbO3T1stfZnPQ1_tA9C3',#6,$,$,(#315),#2101);
#2103=IFCPROPERTYENUMERATEDVALUE('Tower',$,(IFCLABEL('A')),$);
#2104=IFCPROPERTYENUMERATEDVALUE('Discipline',$,(IFCLABEL('STR')),$);
#2105=IFCPROPERTYSET('uBEFDj5XzZ_RDzhnVD2BCH',#6,'OPS_ActivityCodes',$,(#2103,#2104));
#2106=IFCRELDEFINESBYPROPERTIES('W$HJrdg1sBrFN7kFOxk51J',#6,$,$,(#317),#2105);
#2107=IFCPROPERTYENUMERATEDVALUE('Tower',$,(IFCLABEL('B')),$);
#2108=IFCPROPERTYENUMERATEDVALUE('Discipline',$,(IFCLABEL('STR')),$);
#2109=IFCPROPERTYSET('sD$rt$otzHOdCnP1SbVDyB',#6,'OPS_ActivityCodes',$,(#2107,#2108));
#2110=IFCRELDEFINESBYPROPERTIES('odM3w34$4bzvsbWX1zOXmH',#6,$,$,(#319),#2109);
#2111=IFCPROPERTYENUMERATEDVALUE('Tower',$,(IFCLABEL('B')),$);
#2112=IFCPROPERTYENUMERATEDVALUE('Discipline',$,(IFCLABEL('STR')),$);
#2113=IFCPROPERTYSET('AtAvzhiVbL3NJ1jntZ5VeZ',#6,'OPS_ActivityCodes',$,(#2111,#2112));
#2114=IFCRELDEFINESBYPROPERTIES('Y3SLhj_naXLH$VhFDdSzJ1',#6,$,$,(#321),#2113);
#2115=IFCPROPERTYENUMERATEDVALUE('Tower',$,(IFCLABEL('B')),$);
#2116=IFCPROPERTYENUMERATEDVALUE('Discipline',$,(IFCLABEL('STR')),$);
#2117=IFCPROPERTYSET('O3V3MRzHXPvhghknO5obpl',#6,'OPS_ActivityCodes',$,(#2115,#2116));
#2118=IFCRELDEFINESBYPROPERTIES('Gtaz_dbVhJ6JohcHr9gfUp',#6,$,$,(#323),#2117);
#2119=IFCPROPERTYENUMERATEDVALUE('Tower',$,(IFCLABEL('B')),$);
#2120=IFCPROPERTYENUMERATEDVALUE('Discipline',$,(IFCLABEL('STR')),$);
#2121=IFCPROPERTYSET('YzCxsldtFF4Lw1jFntk16x',#6,'OPS_ActivityCodes',$,(#2119,#2120));
#2122=IFCRELDEFINESBYPROPERTIES('wFF56vo9LJcDulXVkVFLYn',#6,$,$,(#325),#2121);
#2123=IFCPROPERTYENUMERATEDVALUE('Tower',$,(IFCLABEL('B')),$);
#2124=IFCPROPERTYENUMERATEDVALUE('Discipline',$,(IFCLABEL('STR')),$);
#2125=IFCPROPERTYSET('kNWfOzhlr38vQnnXphPjUJ',#6,'OPS_ActivityCodes',$,(#2123,#2124));
#2126=IFCRELDEFINESBYPROPERTIES('6rU$In4$8V29zbGXG$3f65',#6,$,$,(#327),#2125);
#2127=IFCPROPERTYENUMERATEDVALUE('Tower',$,(IFCLABEL('B')),$);
#2128=IFCPROPERTYENUMERATEDVALUE('Discipline',$,(IFCLABEL('STR')),$);
#2129=IFCPROPERTYSET('p769Ux_NA9PjwVf1Qz7DGn',#6,'OPS_ActivityCodes',$,(#2127,#2128));
#2130=IFCRELDEFINESBYPROPERTIES('RRWNeT9NAfzNtL_nh3dJMf',#6,$,$,(#329),#2129);
#2131=IFCPROPERTYENUMERATEDVALUE('Tower',$,(IFCLABEL('B')),$);
#2132=IFCPROPERTYENUMERATEDVALUE('Discipline',$,(IFCLABEL('STR')),$);
#2133=IFCPROPERTYSET('R1txU5c78Xw$03DlpP4TJz',#6,'OPS_ActivityCodes',$,(#2131,#2132));
#2134=IFCRELDEFINESBYPROPERTIES('Dh5VSH87MvTPytqlgHR1sd',#6,$,$,(#331),#2133);
#2135=IFCPROPERTYENUMERATEDVALUE('Tower',$,(IFCLABEL('B')),$);
#2136=IFCPROPERTYENUMERATEDVALUE('Discipline',$,(IFCLABEL('STR')),$);
#2137=IFCPROPERTYSET('wlTfuBOv4n1TrJRFuznho5',#6,'OPS_ActivityCodes',$,(#2135,#2136));
#2138=IFCRELDEFINESBYPROPERTIES('kxVzQ9ins97DeXJHNj9rWP',#6,$,$,(#333),#2137);
#2139=IFCPROPERTYENUMERATEDVALUE('Tower',$,(IFCLABEL('B')),$);
#2140=IFCPROPERTYENUMERATEDVALUE('Discipline',$,(IFCLABEL('STR')),$);
#2141=IFCPROPERTYSET('BDPzE1c7Gj2bl3XVcTT9at',#6,'OPS_ActivityCodes',$,(#2139,#2140));
#2142=IFCRELDEFINESBYPROPERTIES('D7U1sLjXzTM3npt1jNI5Dp',#6,$,$,(#335),#2141);
#2143=IFCPROPERTYENUMERATEDVALUE('Tower',$,(IFCLABEL('B')),$);
#2144=IFCPROPERTYENUMERATEDVALUE('Discipline',$,(IFCLABEL('STR')),$);
#2145=IFCPROPERTYSET('vL6DPxYNWbLlDFVV4rrFrd',#6,'OPS_ActivityCodes',$,(#2143,#2144));
#2146=IFCRELDEFINESBYPROPERTIES('VVztoz3$a1VbJpJFrNMTpD',#6,$,$,(#337),#2145);
#2147=IFCPROPERTYENUMERATEDVALUE('Tower',$,(IFCLABEL('C')),$);
#2148=IFCPROPERTYENUMERATEDVALUE('Discipline',$,(IFCLABEL('STR')),$);
#2149=IFCPROPERTYSET('ZZOlvrGNY70nb$lV5BiJIP',#6,'OPS_ActivityCodes',$,(#2147,#2148));
#2150=IFCRELDEFINESBYPROPERTIES('5HLljVEH7fw$O1t1Z$rF7t',#6,$,$,(#339),#2149);
#2151=IFCPROPERTYENUMERATEDVALUE('Tower',$,(IFCLABEL('C')),$);
#2152=IFCPROPERTYENUMERATEDVALUE('Discipline',$,(IFCLABEL('STR')),$);
#2153=IFCPROPERTYSET('S34Bpp1P3Fq53voF_R$JMN',#6,'OPS_ActivityCodes',$,(#2151,#2152));
#2154=IFCRELDEFINESBYPROPERTIES('yn1Bzhy14lJNnvUnr92lZt',#6,$,$,(#341),#2153);
#2155=IFCPROPERTYENUMERATEDVALUE('Tower',$,(IFCLABEL('C')),$);
#2156=IFCPROPERTYENUMERATEDVALUE('Discipline',$,(IFCLABEL('STR')),$);
#2157=IFCPROPERTYSET('GvAvfFSHfn9b1LkFG1rn$p',#6,'OPS_ActivityCodes',$,(#2155,#2156));
#2158=IFCRELDEFINESBYPROPERTIES('OxSL1dg$En$TPTd$0PKjkd',#6,$,$,(#343),#2157);
#2159=IFCPROPERTYENUMERATEDVALUE('Tower',$,(IFCLABEL('C')),$);
#2160=IFCPROPERTYENUMERATEDVALUE('Discipline',$,(IFCLABEL('STR')),$);
#2161=IFCPROPERTYSET('yJ6Dz7vtnzovMf0V9ZxV85',#6,'OPS_ActivityCodes',$,(#2159,#2160));
#2162=IFCRELDEFINESBYPROPERTIES('SVDd$vo9vfsHPTN1xFXRfT',#6,$,$,(#345),#2161);
#2163=IFCPROPERTYENUMERATEDVALUE('Tower',$,(IFCLABEL('C')),$);
#2164=IFCPROPERTYENUMERATEDVALUE('Discipline',$,(IFCLABEL('STR')),$);
#2165=IFCPROPERTYSET('PXpdR51PX5$ZjXFX5lDPh9',#6,'OPS_ActivityCodes',$,(#2163,#2164));
#2166=IFCRELDEFINESBYPROPERTIES('FBfJR$NNcJq57pDnJNwJk7',#6,$,$,(#347),#2165);
#2167=IFCPROPERTYENUMERATEDVALUE('Tower',$,(IFCLABEL('C')),$);
#2168=IFCPROPERTYENUMERATEDVALUE('Discipline',$,(IFCLABEL('STR')),$);
#2169=IFCPROPERTYSET('AjxXyX_FedfxzPs$dnfZ79',#6,'OPS_ActivityCodes',$,(#2167,#2168));
#2170=IFCRELDEFINESBYPROPERTIES('E7gdLjg$Y7e9BP2XFbl3$t',#6,$,$,(#349),#2169);
#2171=IFCPROPERTYENUMERATEDVALUE('Tower',$,(IFCLABEL('C')),$);
#2172=IFCPROPERTYENUMERATEDVALUE('Discipline',$,(IFCLABEL('STR')),$);
#2173=IFCPROPERTYSET('_Hn52dRXzFCZ5xWXTXNZ$D',#6,'OPS_ActivityCodes',$,(#2171,#2172));
#2174=IFCRELDEFINESBYPROPERTIES('MTTfORUnILb$SplXjtwdTR',#6,$,$,(#351),#2173);
#2175=IFCPROPERTYENUMERATEDVALUE('Tower',$,(IFCLABEL('C')),$);
#2176=IFCPROPERTYENUMERATEDVALUE('Discipline',$,(IFCLABEL('STR')),$);
#2177=IFCPROPERTYSET('8D$BNF4$ednpe1HVNfk5$j',#6,'OPS_ActivityCodes',$,(#2175,#2176));
#2178=IFCRELDEFINESBYPROPERTIES('GP_BTxQ7aVrnvXlVFbdxPv',#6,$,$,(#353),#2177);
#2179=IFCPROPERTYENUMERATEDVALUE('Tower',$,(IFCLABEL('C')),$);
#2180=IFCPROPERTYENUMERATEDVALUE('Discipline',$,(IFCLABEL('STR')),$);
#2181=IFCPROPERTYSET('hTh$Y9z$C3IdmBIXMlpdd7',#6,'OPS_ActivityCodes',$,(#2179,#2180));
#2182=IFCRELDEFINESBYPROPERTIES('j94BVjolj9HruHnVPBS3hJ',#6,$,$,(#355),#2181);
#2183=IFCPROPERTYENUMERATEDVALUE('Tower',$,(IFCLABEL('C')),$);
#2184=IFCPROPERTYENUMERATEDVALUE('Discipline',$,(IFCLABEL('STR')),$);
#2185=IFCPROPERTYSET('BjZfG7UN0LBnFpVVqTSBGX',#6,'OPS_ActivityCodes',$,(#2183,#2184));
#2186=IFCRELDEFINESBYPROPERTIES('pPQJdNld5FdBqFd14BDPfX',#6,$,$,(#357),#2185);
#2187=IFCPROPERTYENUMERATEDVALUE('Tower',$,(IFCLABEL('GEN')),$);
#2188=IFCPROPERTYENUMERATEDVALUE('Discipline',$,(IFCLABEL('STR')),$);
#2189=IFCPROPERTYSET('rpVLPb_nS$PJAPw$WfI5xn',#6,'OPS_ActivityCodes',$,(#2187,#2188));
#2190=IFCRELDEFINESBYPROPERTIES('pvgdBTOPZpGVUz$XObMfYH',#6,$,$,(#359),#2189);
#2191=IFCPROPERTYENUMERATEDVALUE('Tower',$,(IFCLABEL('GEN')),$);
#2192=IFCPROPERTYENUMERATEDVALUE('Discipline',$,(IFCLABEL('STR')),$);
#2193=IFCPROPERTYSET('UX39kDv9BZSr4z7$l7u$Ir',#6,'OPS_ActivityCodes',$,(#2191,#2192));
#2194=IFCRELDEFINESBYPROPERTIES('AjTf4$E9pdN5PZd1uZZ9ub',#6,$,$,(#361),#2193);
#2195=IFCPROPERTYENUMERATEDVALUE('Tower',$,(IFCLABEL('GEN')),$);
#2196=IFCPROPERTYENUMERATEDVALUE('Discipline',$,(IFCLABEL('MEP')),$);
#2197=IFCPROPERTYSET('nvonT5otbrt3ZBQ1QPOl75',#6,'OPS_ActivityCodes',$,(#2195,#2196));
#2198=IFCRELDEFINESBYPROPERTIES('dR09oXYFshdjo1P14BLHn$',#6,$,$,(#365),#2197);
#2199=IFCPROPERTYENUMERATEDVALUE('Tower',$,(IFCLABEL('GEN')),$);
#2200=IFCPROPERTYENUMERATEDVALUE('Discipline',$,(IFCLABEL('MEP')),$);
#2201=IFCPROPERTYSET('KRTfWXL$6ZsTXFzFK1trKJ',#6,'OPS_ActivityCodes',$,(#2199,#2200));
#2202=IFCRELDEFINESBYPROPERTIES('KPWfKNndNlrnRVDHnxjvjV',#6,$,$,(#367),#2201);
#2203=IFCPROPERTYENUMERATEDVALUE('Tower',$,(IFCLABEL('GEN')),$);
#2204=IFCPROPERTYENUMERATEDVALUE('Discipline',$,(IFCLABEL('MEP')),$);
#2205=IFCPROPERTYSET('aTuV43iX3HmV2doXGFhVGX',#6,'OPS_ActivityCodes',$,(#2203,#2204));
#2206=IFCRELDEFINESBYPROPERTIES('yH5V0lVva$1xhZhlLZZtSt',#6,$,$,(#369),#2205);
#2207=IFCPROPERTYENUMERATEDVALUE('Tower',$,(IFCLABEL('GEN')),$);
#2208=IFCPROPERTYENUMERATEDVALUE('Discipline',$,(IFCLABEL('MEP')),$);
#2209=IFCPROPERTYSET('TVRHBZe7S1PJ2pv12tMfYJ',#6,'OPS_ActivityCodes',$,(#2207,#2208));
#2210=IFCRELDEFINESBYPROPERTIES('BDHb4ZePVPV3Bdw1yd8$UF',#6,$,$,(#371),#2209);
#2211=IFCPROPERTYENUMERATEDVALUE('Tower',$,(IFCLABEL('A')),$);
#2212=IFCPROPERTYENUMERATEDVALUE('Discipline',$,(IFCLABEL('MEP')),$);
#2213=IFCPROPERTYSET('NZ5FjZtNI1NT$1$Vcz155l',#6,'OPS_ActivityCodes',$,(#2211,#2212));
#2214=IFCRELDEFINESBYPROPERTIES('Htij3r09t$$537glUPqbrT',#6,$,$,(#373),#2213);
#2215=IFCPROPERTYENUMERATEDVALUE('Tower',$,(IFCLABEL('A')),$);
#2216=IFCPROPERTYENUMERATEDVALUE('Discipline',$,(IFCLABEL('MEP')),$);
#2217=IFCPROPERTYSET('wBIlPRs1SL$51XJHVn39Oz',#6,'OPS_ActivityCodes',$,(#2215,#2216));
#2218=IFCRELDEFINESBYPROPERTIES('U1nprTudlji3TBw$W9A9K$',#6,$,$,(#375),#2217);
#2219=IFCPROPERTYENUMERATEDVALUE('Tower',$,(IFCLABEL('A')),$);
#2220=IFCPROPERTYENUMERATEDVALUE('Discipline',$,(IFCLABEL('MEP')),$);
#2221=IFCPROPERTYSET('g74ZK9pXxRp9PF1VUvWPZ5',#6,'OPS_ActivityCodes',$,(#2219,#2220));
#2222=IFCRELDEFINESBYPROPERTIES('_j_rTbg$2ze9XRqlgHhHpH',#6,$,$,(#377),#2221);
#2223=IFCPROPERTYENUMERATEDVALUE('Tower',$,(IFCLABEL('A')),$);
#2224=IFCPROPERTYENUMERATEDVALUE('Discipline',$,(IFCLABEL('MEP')),$);
#2225=IFCPROPERTYSET('wHjP7LiVjttzttKliDA3nX',#6,'OPS_ActivityCodes',$,(#2223,#2224));
#2226=IFCRELDEFINESBYPROPERTIES('k5ljHxl7CdC5TNmXAR2lDl',#6,$,$,(#379),#2225);
#2227=IFCPROPERTYENUMERATEDVALUE('Tower',$,(IFCLABEL('A')),$);
#2228=IFCPROPERTYENUMERATEDVALUE('Discipline',$,(IFCLABEL('MEP')),$);
#2229=IFCPROPERTYSET('vhsZWXRX3F4DCFFX9TzNMp',#6,'OPS_ActivityCodes',$,(#2227,#2228));
#2230=IFCRELDEFINESBYPROPERTIES('VXpdtTndzni3rdEXyPeVmH',#6,$,$,(#381),#2229);
#2231=IFCPROPERTYENUMERATEDVALUE('Tower',$,(IFCLABEL('A')),$);
#2232=IFCPROPERTYENUMERATEDVALUE('Discipline',$,(IFCLABEL('MEP')),$);
#2233=IFCPROPERTYSET('CtQNOz3$ynf5fxKnA1XDaR',#6,'OPS_ActivityCodes',$,(#2231,#2232));
#2234=IFCRELDEFINESBYPROPERTIES('S3qxoXM1_Zq555WXXjs9qF',#6,$,$,(#383),#2233);
#2235=IFCPROPERTYENUMERATEDVALUE('Tower',$,(IFCLABEL('A')),$);
#2236=IFCPROPERTYENUMERATEDVALUE('Discipline',$,(IFCLABEL('MEP')),$);
#2237=IFCPROPERTYSET('nP6DxL31i9M35HFVTZCRnX',#6,'OPS_ActivityCodes',$,(#2235,#2236));
#2238=IFCRELDEFINESBYPROPERTIES('dxKbCPjnu$khY3XVwfQDCF',#6,$,$,(#385),#2237);
#2239=IFCPROPERTYSINGLEVALUE('Critical delivery',$,IFCBOOLEAN(.T.),$);
#2240=IFCPROPERTYSET('zlfjH5FvgdFpKVf1ghmtu5',#6,'OPS_CustomFields',$,(#2239));
#2241=IFCRELDEFINESBYPROPERTIES('hzFDzdh1ALXRxFDFFx3tW7',#6,$,$,(#387),#2240);
#2242=IFCPROPERTYENUMERATEDVALUE('Tower',$,(IFCLABEL('A')),$);
#2243=IFCPROPERTYENUMERATEDVALUE('Discipline',$,(IFCLABEL('MEP')),$);
#2244=IFCPROPERTYSET('4ntDnltNE5tbdFf$bXbFrd',#6,'OPS_ActivityCodes',$,(#2242,#2243));
#2245=IFCRELDEFINESBYPROPERTIES('ibTN8DvtjfhHnvMHoFTf_X',#6,$,$,(#387),#2244);
#2246=IFCPROPERTYENUMERATEDVALUE('Tower',$,(IFCLABEL('A')),$);
#2247=IFCPROPERTYENUMERATEDVALUE('Discipline',$,(IFCLABEL('MEP')),$);
#2248=IFCPROPERTYSET('qLDvnrV7u$M3xnxle5_BeB',#6,'OPS_ActivityCodes',$,(#2246,#2247));
#2249=IFCRELDEFINESBYPROPERTIES('q9AvvvtNOvrn5Fzn4P07jX',#6,$,$,(#389),#2248);
#2250=IFCPROPERTYENUMERATEDVALUE('Tower',$,(IFCLABEL('B')),$);
#2251=IFCPROPERTYENUMERATEDVALUE('Discipline',$,(IFCLABEL('MEP')),$);
#2252=IFCPROPERTYSET('oPI5klGfkrdjsb0X7xwJwR',#6,'OPS_ActivityCodes',$,(#2250,#2251));
#2253=IFCRELDEFINESBYPROPERTIES('cb8VSniXzHufZ9CHEnZfMD',#6,$,$,(#391),#2252);
#2254=IFCPROPERTYENUMERATEDVALUE('Tower',$,(IFCLABEL('B')),$);
#2255=IFCPROPERTYENUMERATEDVALUE('Discipline',$,(IFCLABEL('MEP')),$);
#2256=IFCPROPERTYSET('L7ijXJcX7TCTPzjHHvmt09',#6,'OPS_ActivityCodes',$,(#2254,#2255));
#2257=IFCRELDEFINESBYPROPERTIES('3pklXNOPFHmXErw1G1b$2V',#6,$,$,(#393),#2256);
#2258=IFCPROPERTYENUMERATEDVALUE('Tower',$,(IFCLABEL('B')),$);
#2259=IFCPROPERTYENUMERATEDVALUE('Discipline',$,(IFCLABEL('MEP')),$);
#2260=IFCPROPERTYSET('3D2Xex2fQjSJAdUXNjvbxB',#6,'OPS_ActivityCodes',$,(#2258,#2259));
#2261=IFCRELDEFINESBYPROPERTIES('R1$ZCdzHrNMnXbSFv1VpGV',#6,$,$,(#395),#2260);
#2262=IFCPROPERTYENUMERATEDVALUE('Tower',$,(IFCLABEL('B')),$);
#2263=IFCPROPERTYENUMERATEDVALUE('Discipline',$,(IFCLABEL('MEP')),$);
#2264=IFCPROPERTYSET('hPWNW17tnzEv6JnXnNI5NV',#6,'OPS_ActivityCodes',$,(#2262,#2263));
#2265=IFCRELDEFINESBYPROPERTIES('3jMzQJYFkXT9hfCnydWPd7',#6,$,$,(#397),#2264);
#2266=IFCPROPERTYENUMERATEDVALUE('Tower',$,(IFCLABEL('B')),$);
#2267=IFCPROPERTYENUMERATEDVALUE('Discipline',$,(IFCLABEL('MEP')),$);
#2268=IFCPROPERTYSET('fvijDDtf4bzvwpznmHPxV3',#6,'OPS_ActivityCodes',$,(#2266,#2267));
#2269=IFCRELDEFINESBYPROPERTIES('1pIHTNV7WxvLMBUXj5pd3r',#6,$,$,(#399),#2268);
#2270=IFCPROPERTYENUMERATEDVALUE('Tower',$,(IFCLABEL('B')),$);
#2271=IFCPROPERTYENUMERATEDVALUE('Discipline',$,(IFCLABEL('MEP')),$);
#2272=IFCPROPERTYSET('DrPz63qFOPXzxFZn_tI$Ex',#6,'OPS_ActivityCodes',$,(#2270,#2271));
#2273=IFCRELDEFINESBYPROPERTIES('rtY$YtjXRVb$WJ1XGFhVGH',#6,$,$,(#401),#2272);
#2274=IFCPROPERTYENUMERATEDVALUE('Tower',$,(IFCLABEL('B')),$);
#2275=IFCPROPERTYENUMERATEDVALUE('Discipline',$,(IFCLABEL('MEP')),$);
#2276=IFCPROPERTYSET('9tQfuhS1sh$xJ1znG$xVqT',#6,'OPS_ActivityCodes',$,(#2274,#2275));
#2277=IFCRELDEFINESBYPROPERTIES('XZ0t27v99XR$4N81Abk$s7',#6,$,$,(#403),#2276);
#2278=IFCPROPERTYSINGLEVALUE('Critical delivery',$,IFCBOOLEAN(.T.),$);
#2279=IFCPROPERTYSET('oBtDhjs1q329pZN$$$R1kP',#6,'OPS_CustomFields',$,(#2278));
#2280=IFCRELDEFINESBYPROPERTIES('AfI5kJxXDRD91Bw$4rb$cH',#6,$,$,(#405),#2279);
#2281=IFCPROPERTYENUMERATEDVALUE('Tower',$,(IFCLABEL('B')),$);
#2282=IFCPROPERTYENUMERATEDVALUE('Discipline',$,(IFCLABEL('MEP')),$);
#2283=IFCPROPERTYSET('nBlRuBudj915BjDHHrzf6X',#6,'OPS_ActivityCodes',$,(#2281,#2282));
#2284=IFCRELDEFINESBYPROPERTIES('t9QfiLxF0LBnfPoX07uFZb',#6,$,$,(#405),#2283);
#2285=IFCPROPERTYENUMERATEDVALUE('Tower',$,(IFCLABEL('B')),$);
#2286=IFCPROPERTYENUMERATEDVALUE('Discipline',$,(IFCLABEL('MEP')),$);
#2287=IFCPROPERTYSET('X$nDpl09bLJ7U98$kXNZDp',#6,'OPS_ActivityCodes',$,(#2285,#2286));
#2288=IFCRELDEFINESBYPROPERTIES('9jZNaHGNkVpP43f1AbUF5F',#6,$,$,(#407),#2287);
#2289=IFCPROPERTYENUMERATEDVALUE('Tower',$,(IFCLABEL('C')),$);
#2290=IFCPROPERTYENUMERATEDVALUE('Discipline',$,(IFCLABEL('MEP')),$);
#2291=IFCPROPERTYSET('EL5XObg$c1Ux5xGVoDkxlh',#6,'OPS_ActivityCodes',$,(#2289,#2290));
#2292=IFCRELDEFINESBYPROPERTIES('stgPVtS$kVxXwpblAb6dN1',#6,$,$,(#409),#2291);
#2293=IFCPROPERTYENUMERATEDVALUE('Tower',$,(IFCLABEL('C')),$);
#2294=IFCPROPERTYENUMERATEDVALUE('Discipline',$,(IFCLABEL('MEP')),$);
#2295=IFCPROPERTYSET('JRxFdffNCTEr89mVql3fYn',#6,'OPS_ActivityCodes',$,(#2293,#2294));
#2296=IFCRELDEFINESBYPROPERTIES('h7ij9VUnc12RLtu19Zpdht',#6,$,$,(#411),#2295);
#2297=IFCPROPERTYENUMERATEDVALUE('Tower',$,(IFCLABEL('C')),$);
#2298=IFCPROPERTYENUMERATEDVALUE('Discipline',$,(IFCLABEL('MEP')),$);
#2299=IFCPROPERTYSET('GvY$Uxw7MvZPSJplJfERpH',#6,'OPS_ActivityCodes',$,(#2297,#2298));
#2300=IFCRELDEFINESBYPROPERTIES('Ox4T0nJXTJyp4zVXQzHBuR',#6,$,$,(#413),#2299);
#2301=IFCPROPERTYENUMERATEDVALUE('Tower',$,(IFCLABEL('C')),$);
#2302=IFCPROPERTYENUMERATEDVALUE('Discipline',$,(IFCLABEL('MEP')),$);
#2303=IFCPROPERTYSET('$nZfCRh1objNplxnYd4hYD',#6,'OPS_ActivityCodes',$,(#2301,#2302));
#2304=IFCRELDEFINESBYPROPERTIES('NZzt27NN_3WlBJDlVJ2H3P',#6,$,$,(#415),#2303);
#2305=IFCPROPERTYENUMERATEDVALUE('Tower',$,(IFCLABEL('C')),$);
#2306=IFCPROPERTYENUMERATEDVALUE('Discipline',$,(IFCLABEL('MEP')),$);
#2307=IFCPROPERTYSET('VT0tsHv9flhHpFt$pdqpCZ',#6,'OPS_ActivityCodes',$,(#2305,#2306));
#2308=IFCRELDEFINESBYPROPERTIES('vl39Uxo9vtormx4HpBZt8j',#6,$,$,(#417),#2307);
#2309=IFCPROPERTYENUMERATEDVALUE('Tower',$,(IFCLABEL('C')),$);
#2310=IFCPROPERTYENUMERATEDVALUE('Discipline',$,(IFCLABEL('MEP')),$);
#2311=IFCPROPERTYSET('VT09g5dtb$7Davsl0dKJwb',#6,'OPS_ActivityCodes',$,(#2309,#2310));
#2312=IFCRELDEFINESBYPROPERTIES('vHztw3KXbrlBWJHXXp_rGn',#6,$,$,(#419),#2311);
#2313=IFCPROPERTYENUMERATEDVALUE('Tower',$,(IFCLABEL('C')),$);
#2314=IFCPROPERTYENUMERATEDVALUE('Discipline',$,(IFCLABEL('MEP')),$);
#2315=IFCPROPERTYSET('EhJPR5fNQJaJUNaF3nbnr7',#6,'OPS_ActivityCodes',$,(#2313,#2314));
#2316=IFCRELDEFINESBYPROPERTIES('stIHPbM1M5VzfdA1xh8nFx',#6,$,$,(#421),#2315);
#2317=IFCPROPERTYSINGLEVALUE('Critical delivery',$,IFCBOOLEAN(.T.),$);
#2318=IFCPROPERTYSET('zHlRG7otXxf5trc1gHR1Yp',#6,'OPS_CustomFields',$,(#2317));
#2319=IFCRELDEFINESBYPROPERTIES('hzt5Al9fkB$x5R4nv5wj6b',#6,$,$,(#423),#2318);
#2320=IFCPROPERTYENUMERATEDVALUE('Tower',$,(IFCLABEL('C')),$);
#2321=IFCPROPERTYENUMERATEDVALUE('Discipline',$,(IFCLABEL('MEP')),$);
#2322=IFCPROPERTYSET('yFFx634lVdV3PFVVmVfTbX',#6,'OPS_ActivityCodes',$,(#2320,#2321));
#2323=IFCRELDEFINESBYPROPERTIES('ibBXGdwXLjg3vXnVdBa3dr',#6,$,$,(#423),#2322);
#2324=IFCPROPERTYENUMERATEDVALUE('Tower',$,(IFCLABEL('C')),$);
#2325=IFCPROPERTYENUMERATEDVALUE('Discipline',$,(IFCLABEL('MEP')),$);
#2326=IFCPROPERTYSET('GfGdHVpn2toBixu$xlZ9iV',#6,'OPS_ActivityCodes',$,(#2324,#2325));
#2327=IFCRELDEFINESBYPROPERTIES('8BAvj3RF6zE7svIFuBqbbx',#6,$,$,(#425),#2326);
#2328=IFCPROPERTYENUMERATEDVALUE('Tower',$,(IFCLABEL('A')),$);
#2329=IFCPROPERTYENUMERATEDVALUE('Discipline',$,(IFCLABEL('FIT')),$);
#2330=IFCPROPERTYSET('DB7Z8JRXFZEBytCl2tQvHF',#6,'OPS_ActivityCodes',$,(#2328,#2329));
#2331=IFCRELDEFINESBYPROPERTIES('B92Xy3KFIhLlDl5F_R7RTt',#6,$,$,(#429),#2330);
#2332=IFCPROPERTYENUMERATEDVALUE('Tower',$,(IFCLABEL('A')),$);
#2333=IFCPROPERTYENUMERATEDVALUE('Discipline',$,(IFCLABEL('FIT')),$);
#2334=IFCPROPERTYSET('aZuFPflPNRp97V1Xyd07J1',#6,'OPS_ActivityCodes',$,(#2332,#2333));
#2335=IFCRELDEFINESBYPROPERTIES('4HrF$TOvu1AT7jXVMByZBv',#6,$,$,(#431),#2334);
#2336=IFCPROPERTYENUMERATEDVALUE('Tower',$,(IFCLABEL('A')),$);
#2337=IFCPROPERTYENUMERATEDVALUE('Discipline',$,(IFCLABEL('FIT')),$);
#2338=IFCPROPERTYSET('EdMzQfGfMPHjknTnYr5VOh',#6,'OPS_ActivityCodes',$,(#2336,#2337));
#2339=IFCRELDEFINESBYPROPERTIES('cbmP3779bBnhQz5F6DpPh9',#6,$,$,(#433),#2338);
#2340=IFCPROPERTYENUMERATEDVALUE('Tower',$,(IFCLABEL('A')),$);
#2341=IFCPROPERTYENUMERATEDVALUE('Discipline',$,(IFCLABEL('FIT')),$);
#2342=IFCPROPERTYSET('1n5VeZX7Wb5$unJnnfgTFR',#6,'OPS_ActivityCodes',$,(#2340,#2341));
#2343=IFCRELDEFINESBYPROPERTIES('NZL$2BedXvbXsRO1XpEbpF',#6,$,$,(#435),#2342);
#2344=IFCPROPERTYENUMERATEDVALUE('Tower',$,(IFCLABEL('A')),$);
#2345=IFCPROPERTYENUMERATEDVALUE('Discipline',$,(IFCLABEL('FIT')),$);
#2346=IFCPROPERTYSET('$jULhJg1UJQD0TP1G1DPtl',#6,'OPS_ActivityCodes',$,(#2344,#2345));
#2347=IFCRELDEFINESBYPROPERTIES('PVrVqb5V9hhlpnHXLTpPDp',#6,$,$,(#437),#2346);
#2348=IFCPROPERTYENUMERATEDVALUE('Tower',$,(IFCLABEL('A')),$);
#2349=IFCPROPERTYENUMERATEDVALUE('Discipline',$,(IFCLABEL('FIT')),$);
#2350=IFCPROPERTYSET('jRJvT5k9v3GXsdkVQPunP7',#6,'OPS_ActivityCodes',$,(#2348,#2349));
#2351=IFCRELDEFINESBYPROPERTIES('hv4rR1nvYPyhQ3Zli$9BS9',#6,$,$,(#439),#2350);
#2352=IFCPROPERTYENUMERATEDVALUE('Tower',$,(IFCLABEL('A')),$);
#2353=IFCPROPERTYENUMERATEDVALUE('Discipline',$,(IFCLABEL('FIT')),$);
#2354=IFCPROPERTYSET('ZX39cfeP1N3f3dEXiJI1YF',#6,'OPS_ActivityCodes',$,(#2352,#2353));
#2355=IFCRELDEFINESBYPROPERTIES('BpvZy3SlddyLknbHk1BnHL',#6,$,$,(#441),#2354);
#2356=IFCPROPERTYENUMERATEDVALUE('Tower',$,(IFCLABEL('A')),$);
#2357=IFCPROPERTYENUMERATEDVALUE('Discipline',$,(IFCLABEL('FIT')),$);
#2358=IFCPROPERTYSET('j9KJpDXPtBvD8te1aNERtj',#6,'OPS_ActivityCodes',$,(#2356,#2357));
#2359=IFCRELDEFINESBYPROPERTIES('5BkHTfv91LlByzVV_5hViX',#6,$,$,(#443),#2358);
#2360=IFCPROPERTYENUMERATEDVALUE('Tower',$,(IFCLABEL('A')),$);
#2361=IFCPROPERTYENUMERATEDVALUE('Discipline',$,(IFCLABEL('FIT')),$);
#2362=IFCPROPERTYSET('vBY1IjDnYdqZDF71U7eHXd',#6,'OPS_ActivityCodes',$,(#2360,#2361));
#2363=IFCRELDEFINESBYPROPERTIES('V1VzU5ItlVkdajxnsXjv$N',#6,$,$,(#445),#2362);
#2364=IFCPROPERTYENUMERATEDVALUE('Tower',$,(IFCLABEL('B')),$);
#2365=IFCPROPERTYENUMERATEDVALUE('Discipline',$,(IFCLABEL('FIT')),$);
#2366=IFCPROPERTYSET('7F7Zm7I9DRx$adIXUB5VKX',#6,'OPS_ActivityCodes',$,(#2364,#2365));
#2367=IFCRELDEFINESBYPROPERTIES('H5VzM19NShnhkHXVgFPjE9',#6,$,$,(#447),#2366);
#2368=IFCPROPERTYENUMERATEDVALUE('Tower',$,(IFCLABEL('B')),$);
#2369=IFCPROPERTYENUMERATEDVALUE('Discipline',$,(IFCLABEL('FIT')),$);
#2370=IFCPROPERTYSET('TZGvdN1vkhBFV5O$NNs3pH',#6,'OPS_ActivityCodes',$,(#2368,#2369));
#2371=IFCRELDEFINESBYPROPERTIES('5HD79$cvOHuNLZznmV157t',#6,$,$,(#449),#2370);
#2372=IFCPROPERTYENUMERATEDVALUE('Tower',$,(IFCLABEL('B')),$);
#2373=IFCPROPERTYENUMERATEDVALUE('Discipline',$,(IFCLABEL('FIT')),$);
#2374=IFCPROPERTYSET('g3fbKftN2fovQHhn1zunZb',#6,'OPS_ActivityCodes',$,(#2372,#2373));
#2375=IFCRELDEFINESBYPROPERTIES('ktibuL4HnFSJgNe1T1T9CZ',#6,$,$,(#451),#2374);
#2376=IFCPROPERTYENUMERATEDVALUE('Tower',$,(IFCLABEL('B')),$);
#2377=IFCPROPERTYENUMERATEDVALUE('Discipline',$,(IFCLABEL('FIT')),$);
#2378=IFCPROPERTYSET('t9IHTfV7mzG$OP_XjfAzXd',#6,'OPS_ActivityCodes',$,(#2376,#2377));
#2379=IFCRELDEFINESBYPROPERTIES('XZ8FVjklZJ4ho1$VEnB$Ih',#6,$,$,(#453),#2378);
#2380=IFCPROPERTYENUMERATEDVALUE('Tower',$,(IFCLABEL('B')),$);
#2381=IFCPROPERTYENUMERATEDVALUE('Discipline',$,(IFCLABEL('FIT')),$);
#2382=IFCPROPERTYSET('uDHbOTlPBNkdulnXvRoVu5',#6,'OPS_ActivityCodes',$,(#2380,#2381));
#2383=IFCRELDEFINESBYPROPERTIES('mdoRanqVdJ6J6DzF0vGN23',#6,$,$,(#455),#2382);
#2384=IFCPROPERTYENUMERATEDVALUE('Tower',$,(IFCLABEL('B')),$);
#2385=IFCPROPERTYENUMERATEDVALUE('Discipline',$,(IFCLABEL('FIT')),$);
#2386=IFCPROPERTYSET('xrMdvrW99hJ7EXrFzJ_lb5',#6,'OPS_ActivityCodes',$,(#2384,#2385));
#2387=IFCRELDEFINESBYPROPERTIES('Z$PhhJM$cjSJA5KlW96d3B',#6,$,$,(#457),#2386);
#2388=IFCPROPERTYENUMERATEDVALUE('Tower',$,(IFCLABEL('B')),$);
#2389=IFCPROPERTYENUMERATEDVALUE('Discipline',$,(IFCLABEL('FIT')),$);
#2390=IFCPROPERTYSET('ixV3wTWtPjgz7$xl8LGfcr',#6,'OPS_ActivityCodes',$,(#2388,#2389));
#2391=IFCRELDEFINESBYPROPERTIES('ivazE$YfSBBntNmVW9gN6b',#6,$,$,(#459),#2390);
#2392=IFCPROPERTYENUMERATEDVALUE('Tower',$,(IFCLABEL('B')),$);
#2393=IFCPROPERTYENUMERATEDVALUE('Discipline',$,(IFCLABEL('FIT')),$);
#2394=IFCPROPERTYSET('O3lJjzrHNRDt9tKnUhnhYj',#6,'OPS_ActivityCodes',$,(#2392,#2393));
#2395=IFCRELDEFINESBYPROPERTIES('m9ijLtinsLt3RVJllP4Zb$',#6,$,$,(#461),#2394);
#2396=IFCPROPERTYENUMERATEDVALUE('Tower',$,(IFCLABEL('B')),$);
#2397=IFCPROPERTYENUMERATEDVALUE('Discipline',$,(IFCLABEL('FIT')),$);
#2398=IFCPROPERTYSET('a$fRW1d9nHWlxbiFsR2HDl',#6,'OPS_ActivityCodes',$,(#2396,#2397));
#2399=IFCRELDEFINESBYPROPERTIES('qBFxcty14xf5NRe1R5gTht',#6,$,$,(#463),#2398);
#2400=IFCPROPERTYENUMERATEDVALUE('Tower',$,(IFCLABEL('C')),$);
#2401=IFCPROPERTYENUMERATEDVALUE('Discipline',$,(IFCLABEL('FIT')),$);
#2402=IFCPROPERTYSET('l9yBNnSlJNR$8l$Ve5kxLt',#6,'OPS_ActivityCodes',$,(#2400,#2401));
#2403=IFCRELDEFINESBYPROPERTIES('vBgPH$XPZjiRVbKnMFPJwb',#6,$,$,(#465),#2402);
#2404=IFCPROPERTYENUMERATEDVALUE('Tower',$,(IFCLABEL('C')),$);
#2405=IFCPROPERTYENUMERATEDVALUE('Discipline',$,(IFCLABEL('FIT')),$);
#2406=IFCPROPERTYSET('pBNjzLa1gxPr8HFVb1PxN1',#6,'OPS_ActivityCodes',$,(#2404,#2405));
#2407=IFCRELDEFINESBYPROPERTIES('B9EFTxEtVbjfLT5HyB3N6x',#6,$,$,(#467),#2406);
#2408=IFCPROPERTYENUMERATEDVALUE('Tower',$,(IFCLABEL('C')),$);
#2409=IFCPROPERTYENUMERATEDVALUE('Discipline',$,(IFCLABEL('FIT')),$);
#2410=IFCPROPERTYSET('S3yTKfV74l37Yte$lrBF5H',#6,'OPS_ActivityCodes',$,(#2408,#2409));
#2411=IFCRELDEFINESBYPROPERTIES('4nvZuJr$ynf5VH$XuZhldL',#6,$,$,(#469),#2410);
#2412=IFCPROPERTYENUMERATEDVALUE('Tower',$,(IFCLABEL('C')),$);
#2413=IFCPROPERTYENUMERATEDVALUE('Discipline',$,(IFCLABEL('FIT')),$);
#2414=IFCPROPERTYSET('0F5VKNHP9h3NBpnVb11JAv',#6,'OPS_ActivityCodes',$,(#2412,#2413));
#2415=IFCRELDEFINESBYPROPERTIES('e3XzUtRF_NIdytCHsxQpGn',#6,$,$,(#471),#2414);
#2416=IFCPROPERTYENUMERATEDVALUE('Tower',$,(IFCLABEL('C')),$);
#2417=IFCPROPERTYENUMERATEDVALUE('Discipline',$,(IFCLABEL('FIT')),$);
#2418=IFCPROPERTYSET('mPg3M5HvGZ4LYfanPn93xr',#6,'OPS_ActivityCodes',$,(#2416,#2417));
#2419=IFCRELDEFINESBYPROPERTIES('ORmdfD1d559bVbKlSb9BqF',#6,$,$,(#473),#2418);
#2420=IFCPROPERTYENUMERATEDVALUE('Tower',$,(IFCLABEL('C')),$);
#2421=IFCPROPERTYENUMERATEDVALUE('Discipline',$,(IFCLABEL('FIT')),$);
#2422=IFCPROPERTYSET('zjUhTtxFOv37kbaFVJwPLf',#6,'OPS_ActivityCodes',$,(#2420,#2421));
#2423=IFCRELDEFINESBYPROPERTIES('RXBVifffyxdr8NKFA$1Jkr',#6,$,$,(#475),#2422);
#2424=IFCPROPERTYENUMERATEDVALUE('Tower',$,(IFCLABEL('C')),$);
#2425=IFCPROPERTYENUMERATEDVALUE('Discipline',$,(IFCLABEL('FIT')),$);
#2426=IFCPROPERTYSET('yD2VihxF0rPJs5yHR1fLYF',#6,'OPS_ActivityCodes',$,(#2424,#2425));
#2427=IFCRELDEFINESBYPROPERTIES('S$$Tm7gdzFqxFPUX1$hlzd',#6,$,$,(#477),#2426);
#2428=IFCPROPERTYENUMERATEDVALUE('Tower',$,(IFCLABEL('C')),$);
#2429=IFCPROPERTYENUMERATEDVALUE('Discipline',$,(IFCLABEL('FIT')),$);
#2430=IFCPROPERTYSET('vBIH5Lhl1hHBePEXGltrqT',#6,'OPS_ActivityCodes',$,(#2428,#2429));
#2431=IFCRELDEFINESBYPROPERTIES('V$npHVbVlJyhkl1XqTqpez',#6,$,$,(#479),#2430);
#2432=IFCPROPERTYENUMERATEDVALUE('Tower',$,(IFCLABEL('C')),$);
#2433=IFCPROPERTYENUMERATEDVALUE('Discipline',$,(IFCLABEL('FIT')),$);
#2434=IFCPROPERTYSET('I5dhXNePrNAHBjzHQP0vX7',#6,'OPS_ActivityCodes',$,(#2432,#2433));
#2435=IFCRELDEFINESBYPROPERTIES('M7SLZNd9LdaBad2VRb_HZt',#6,$,$,(#481),#2434);
#2436=IFCPROPERTYENUMERATEDVALUE('Tower',$,(IFCLABEL('GEN')),$);
#2437=IFCPROPERTYENUMERATEDVALUE('Discipline',$,(IFCLABEL('FIT')),$);
#2438=IFCPROPERTYSET('P$1ZGvsP7Z4hA72nhTxVSb',#6,'OPS_ActivityCodes',$,(#2436,#2437));
#2439=IFCRELDEFINESBYPROPERTIES('Fhb1IpHviDu76VN1sxUhsd',#6,$,$,(#483),#2438);
#2440=IFCPROPERTYENUMERATEDVALUE('Tower',$,(IFCLABEL('GEN')),$);
#2441=IFCPROPERTYENUMERATEDVALUE('Discipline',$,(IFCLABEL('FIT')),$);
#2442=IFCPROPERTYSET('vFVh$PYnYJM35Frldhu1Id',#6,'OPS_ActivityCodes',$,(#2440,#2441));
#2443=IFCRELDEFINESBYPROPERTIES('lxvr13CXVP7hs5yHXHnTbX',#6,$,$,(#485),#2442);
#2444=IFCPROPERTYENUMERATEDVALUE('Tower',$,(IFCLABEL('GEN')),$);
#2445=IFCPROPERTYENUMERATEDVALUE('Discipline',$,(IFCLABEL('FIT')),$);
#2446=IFCPROPERTYSET('q9IlTNV7Srj7AvUFzDYL2Z',#6,'OPS_ActivityCodes',$,(#2444,#2445));
#2447=IFCRELDEFINESBYPROPERTIES('SzijtXolNnFpajLFZ1TtCF',#6,$,$,(#487),#2446);
#2448=IFCPROPERTYENUMERATEDVALUE('Tower',$,(IFCLABEL('GEN')),$);
#2449=IFCPROPERTYENUMERATEDVALUE('Discipline',$,(IFCLABEL('FIT')),$);
#2450=IFCPROPERTYSET('DLLlrTedJBZtVxmV8r4Tzr',#6,'OPS_ActivityCodes',$,(#2448,#2449));
#2451=IFCRELDEFINESBYPROPERTIES('rfk5U5YNmDQXA7AHOjNhEf',#6,$,$,(#489),#2450);
#2452=IFCPROPERTYENUMERATEDVALUE('Tower',$,(IFCLABEL('GEN')),$);
#2453=IFCPROPERTYENUMERATEDVALUE('Discipline',$,(IFCLABEL('FIT')),$);
#2454=IFCPROPERTYSET('hPuVKfndD7BFZrs1xra3R5',#6,'OPS_ActivityCodes',$,(#2452,#2453));
#2455=IFCRELDEFINESBYPROPERTIES('3J_B3haH1BhlbBEVGHnZ7t',#6,$,$,(#491),#2454);
#2456=IFCPROPERTYENUMERATEDVALUE('Tower',$,(IFCLABEL('GEN')),$);
#2457=IFCPROPERTYENUMERATEDVALUE('Discipline',$,(IFCLABEL('FIT')),$);
#2458=IFCPROPERTYSET('DB$rvdbVxbhHRhcHLPOlpl',#6,'OPS_ActivityCodes',$,(#2456,#2457));
#2459=IFCRELDEFINESBYPROPERTIES('B9A7nBdtXPtbl3nXDrb$6$',#6,$,$,(#493),#2458);
#2460=IFCPROPERTYENUMERATEDVALUE('Tower',$,(IFCLABEL('GEN')),$);
#2461=IFCPROPERTYENUMERATEDVALUE('Discipline',$,(IFCLABEL('FIT')),$);
#2462=IFCPROPERTYSET('H9iJVDAPTDGXELwH3lXpab',#6,'OPS_ActivityCodes',$,(#2460,#2461));
#2463=IFCRELDEFINESBYPROPERTIES('vrIH$vUN4Rx$GxyFF9Atyv',#6,$,$,(#495),#2462);
#2464=IFCPROPERTYENUMERATEDVALUE('Tower',$,(IFCLABEL('GEN')),$);
#2465=IFCPROPERTYENUMERATEDVALUE('Discipline',$,(IFCLABEL('CIV')),$);
#2466=IFCPROPERTYSET('upvZ4TuvwFiRjjnXPrSrOL',#6,'OPS_ActivityCodes',$,(#2464,#2465));
#2467=IFCRELDEFINESBYPROPERTIES('mPAZuB0tZVkdOPw$8Bqp09',#6,$,$,(#497),#2466);
#2468=IFCPROPERTYENUMERATEDVALUE('Tower',$,(IFCLABEL('GEN')),$);
#2469=IFCPROPERTYENUMERATEDVALUE('Discipline',$,(IFCLABEL('CIV')),$);
#2470=IFCPROPERTYSET('G7Av77ffMbbVghInuBK5zh',#6,'OPS_ActivityCodes',$,(#2468,#2469));
#2471=IFCRELDEFINESBYPROPERTIES('O5ShnlPtnFqxZ9yFVFB1Mp',#6,$,$,(#499),#2470);
#2472=IFCPROPERTYENUMERATEDVALUE('Tower',$,(IFCLABEL('GEN')),$);
#2473=IFCPROPERTYENUMERATEDVALUE('Discipline',$,(IFCLABEL('MEP')),$);
#2474=IFCPROPERTYSET('5lDvtVklb$NTDnf$XFxlBZ',#6,'OPS_ActivityCodes',$,(#2472,#2473));
#2475=IFCRELDEFINESBYPROPERTIES('JbpP3vH70L5V_7Unb1PxLf',#6,$,$,(#501),#2474);
#2476=IFCPROPERTYENUMERATEDVALUE('Tower',$,(IFCLABEL('GEN')),$);
#2477=IFCPROPERTYENUMERATEDVALUE('Discipline',$,(IFCLABEL('MEP')),$);
#2478=IFCPROPERTYSET('7hwp$PM1cpGX_voFUB5Xyd',#6,'OPS_ActivityCodes',$,(#2476,#2477));
#2479=IFCRELDEFINESBYPROPERTIES('XXz9sHPtjLtzTr2VjNUL2$',#6,$,$,(#503),#2478);
#2480=IFCPROPERTYENUMERATEDVALUE('Tower',$,(IFCLABEL('GEN')),$);
#2481=IFCPROPERTYENUMERATEDVALUE('Discipline',$,(IFCLABEL('MEP')),$);
#2482=IFCPROPERTYSET('JtKRez3$8NhlJ1znmnpPbV',#6,'OPS_ActivityCodes',$,(#2480,#2481));
#2483=IFCRELDEFINESBYPROPERTIES('xBw9IFqFS$vDWJ1Xm$R1wR',#6,$,$,(#505),#2482);
#2484=IFCPROPERTYENUMERATEDVALUE('Tower',$,(IFCLABEL('GEN')),$);
#2485=IFCPROPERTYENUMERATEDVALUE('Discipline',$,(IFCLABEL('MEP')),$);
#2486=IFCPROPERTYSET('2ps71zCnSh7p03DH1TSBy7',#6,'OPS_ActivityCodes',$,(#2484,#2485));
#2487=IFCRELDEFINESBYPROPERTIES('c$7BVpYNKDOtFDN1rtc7pn',#6,$,$,(#507),#2486);
#2488=IFCPROPERTYENUMERATEDVALUE('Tower',$,(IFCLABEL('GEN')),$);
#2489=IFCPROPERTYENUMERATEDVALUE('Discipline',$,(IFCLABEL('MEP')),$);
#2490=IFCPROPERTYSET('fv4rnB$vM75$0ZVVu37pq3',#6,'OPS_ActivityCodes',$,(#2488,#2489));
#2491=IFCRELDEFINESBYPROPERTIES('1DMP9ZtNYv0n1Bs$HBj7J$',#6,$,$,(#509),#2490);
#2492=IFCPROPERTYENUMERATEDVALUE('Tower',$,(IFCLABEL('GEN')),$);
#2493=IFCPROPERTYENUMERATEDVALUE('Discipline',$,(IFCLABEL('MEP')),$);
#2494=IFCPROPERTYSET('b5CpVN0trTyLkbCFyduF7t',#6,'OPS_ActivityCodes',$,(#2492,#2493));
#2495=IFCRELDEFINESBYPROPERTIES('3HtD5BtN_NIPmhkFqTqbV7',#6,$,$,(#511),#2494);
#2496=IFCPROPERTYENUMERATEDVALUE('Tower',$,(IFCLABEL('GEN')),$);
#2497=IFCPROPERTYENUMERATEDVALUE('Discipline',$,(IFCLABEL('FIT')),$);
#2498=IFCPROPERTYSET('0n5VGds10hR1mRWXjtI1sv',#6,'OPS_ActivityCodes',$,(#2496,#2497));
#2499=IFCRELDEFINESBYPROPERTIES('e3V3_LqFitEr8F3nqn155F',#6,$,$,(#513),#2498);
#2500=IFCPROPERTYENUMERATEDVALUE('Tower',$,(IFCLABEL('GEN')),$);
#2501=IFCPROPERTYENUMERATEDVALUE('Discipline',$,(IFCLABEL('MEP')),$);
#2502=IFCPROPERTYSET('uBonTxUNG3WlRh6lHrxVmF',#6,'OPS_ActivityCodes',$,(#2500,#2501));
#2503=IFCRELDEFINESBYPROPERTIES('W$ljxFZ1kL3NXFZn2RFZVZ',#6,$,$,(#515),#2502);
#2504=IFCPROPERTYENUMERATEDVALUE('Tower',$,(IFCLABEL('GEN')),$);
#2505=IFCPROPERTYENUMERATEDVALUE('Discipline',$,(IFCLABEL('MEP')),$);
#2506=IFCPROPERTYSET('R1txIlGfaBzf7J9$eRQvLJ',#6,'OPS_ActivityCodes',$,(#2504,#2505));
#2507=IFCRELDEFINESBYPROPERTIES('DLxV8La1ABrnrvMl_9EVyd',#6,$,$,(#517),#2506);
#2508=IFCPROPERTYENUMERATEDVALUE('Tower',$,(IFCLABEL('GEN')),$);
#2509=IFCPROPERTYENUMERATEDVALUE('Discipline',$,(IFCLABEL('MEP')),$);
#2510=IFCPROPERTYSET('wFtDR5tNiJSJklP13H9BeZ',#6,'OPS_ActivityCodes',$,(#2508,#2509));
#2511=IFCRELDEFINESBYPROPERTIES('kb5n3rW9xHTd0Tt19vK5N1',#6,$,$,(#519),#2510);
#2512=IFCPROPERTYENUMERATEDVALUE('Tower',$,(IFCLABEL('GEN')),$);
#2513=IFCPROPERTYENUMERATEDVALUE('Discipline',$,(IFCLABEL('CIV')),$);
#2514=IFCPROPERTYSET('ZV3tkj5VR$$5pnFV1XHBCT',#6,'OPS_ActivityCodes',$,(#2512,#2513));
#2515=IFCRELDEFINESBYPROPERTIES('rD7TCvv991tzjDbl_5xlXv',#6,$,$,(#521),#2514);
#2516=IFCPROPERTYENUMERATEDVALUE('Tower',$,(IFCLABEL('GEN')),$);
#2517=IFCPROPERTYENUMERATEDVALUE('Discipline',$,(IFCLABEL('CIV')),$);
#2518=IFCPROPERTYSET('$lnxIl0tfHD9FpFV3p_B09',#6,'OPS_ActivityCodes',$,(#2516,#2517));
#2519=IFCRELDEFINESBYPROPERTIES('fzfbOxktfR51KbilqF$xV3',#6,$,$,(#523),#2518);
#2520=IFCPROPERTYENUMERATEDVALUE('Tower',$,(IFCLABEL('GEN')),$);
#2521=IFCPROPERTYENUMERATEDVALUE('Discipline',$,(IFCLABEL('CIV')),$);
#2522=IFCPROPERTYSET('VXRl$vcv4nV3zRGVyL1x$J',#6,'OPS_ActivityCodes',$,(#2520,#2521));
#2523=IFCRELDEFINESBYPROPERTIES('tDNJHRDF2fo7ghMlEjUFNV',#6,$,$,(#525),#2522);
#2524=IFCPROPERTYENUMERATEDVALUE('Tower',$,(IFCLABEL('GEN')),$);
#2525=IFCPROPERTYENUMERATEDVALUE('Discipline',$,(IFCLABEL('CIV')),$);
#2526=IFCPROPERTYSET('odM3YNvtLpUfdTP14hVbFX',#6,'OPS_ActivityCodes',$,(#2524,#2525));
#2527=IFCRELDEFINESBYPROPERTIES('cbmdV9KFsBpdad_VZ1hHJX',#6,$,$,(#527),#2526);
#2528=IFCPROPERTYENUMERATEDVALUE('Tower',$,(IFCLABEL('GEN')),$);
#2529=IFCPROPERTYENUMERATEDVALUE('Discipline',$,(IFCLABEL('CIV')),$);
#2530=IFCPROPERTYSET('JbL1cfOvqzkdO17$IZijwR',#6,'OPS_ActivityCodes',$,(#2528,#2529));
#2531=IFCRELDEFINESBYPROPERTIES('hvSzYRElvfgnJJHVDv07$f',#6,$,$,(#529),#2530);
#2532=IFCPROPERTYENUMERATEDVALUE('Tower',$,(IFCLABEL('GEN')),$);
#2533=IFCPROPERTYENUMERATEDVALUE('Discipline',$,(IFCLABEL('CIV')),$);
#2534=IFCPROPERTYSET('EvA7xlFPLDIdKxO$GnbFJ3',#6,'OPS_ActivityCodes',$,(#2532,#2533));
#2535=IFCRELDEFINESBYPROPERTIES('cxahpninc$EBWDZnsXjvvR',#6,$,$,(#531),#2534);
#2536=IFCPROPERTYENUMERATEDVALUE('Tower',$,(IFCLABEL('GEN')),$);
#2537=IFCPROPERTYENUMERATEDVALUE('Discipline',$,(IFCLABEL('CIV')),$);
#2538=IFCPROPERTYSET('PVRlZfFPtVDPadc$kZSrCn',#6,'OPS_ActivityCodes',$,(#2536,#2537));
#2539=IFCRELDEFINESBYPROPERTIES('FrlbC7H7GTyLAb8$BNYhAd',#6,$,$,(#533),#2538);
#2540=IFCPROPERTYENUMERATEDVALUE('Tower',$,(IFCLABEL('GEN')),$);
#2541=IFCPROPERTYENUMERATEDVALUE('Discipline',$,(IFCLABEL('CIV')),$);
#2542=IFCPROPERTYSET('ynHR0nJXvTi3dlJlldyTLN',#6,'OPS_ActivityCodes',$,(#2540,#2541));
#2543=IFCRELDEFINESBYPROPERTIES('iRL1EZfNaVJ7oLwlpdqRJ$',#6,$,$,(#535),#2542);
#2544=IFCPROPERTYENUMERATEDVALUE('Tower',$,(IFCLABEL('GEN')),$);
#2545=IFCPROPERTYENUMERATEDVALUE('Discipline',$,(IFCLABEL('CIV')),$);
#2546=IFCPROPERTYSET('C9Y1EX2nKp8N7phl$TCpGX',#6,'OPS_ActivityCodes',$,(#2544,#2545));
#2547=IFCRELDEFINESBYPROPERTIES('azyZSnCVJhVb1h2nXDk57f',#6,$,$,(#537),#2546);
#2548=IFCPROPERTYENUMERATEDVALUE('Tower',$,(IFCLABEL('GEN')),$);
#2549=IFCPROPERTYENUMERATEDVALUE('Discipline',$,(IFCLABEL('CIV')),$);
#2550=IFCPROPERTYSET('j9Cpbb5VbXb$mr61m1hHVd',#6,'OPS_ActivityCodes',$,(#2548,#2549));
#2551=IFCRELDEFINESBYPROPERTIES('5rEFPtxnyF7LIFxlqzWPVT',#6,$,$,(#539),#2550);
#2552=IFCPROPERTYENUMERATEDVALUE('Tower',$,(IFCLABEL('GEN')),$);
#2553=IFCPROPERTYENUMERATEDVALUE('Discipline',$,(IFCLABEL('CIV')),$);
#2554=IFCPROPERTYSET('orHbWXRXHpOtRVLnBj7b5h',#6,'OPS_ActivityCodes',$,(#2552,#2553));
#2555=IFCRELDEFINESBYPROPERTIES('sfg3Yxk9dDIdqhoFUvmfAd',#6,$,$,(#541),#2554);
#2556=IFCPROPERTYENUMERATEDVALUE('Tower',$,(IFCLABEL('GEN')),$);
#2557=IFCPROPERTYENUMERATEDVALUE('Discipline',$,(IFCLABEL('FIT')),$);
#2558=IFCPROPERTYSET('AJjPfjzHfbJfVFbH2tk121',#6,'OPS_ActivityCodes',$,(#2556,#2557));
#2559=IFCRELDEFINESBYPROPERTIES('EvklzvvtHD87sdEXex6JAv',#6,$,$,(#543),#2558);
#2560=IFCPROPERTYENUMERATEDVALUE('Tower',$,(IFCLABEL('A')),$);
#2561=IFCPROPERTYENUMERATEDVALUE('Discipline',$,(IFCLABEL('FIT')),$);
#2562=IFCPROPERTYSET('ZVrXSninAtlrufqn4rzN6X',#6,'OPS_ActivityCodes',$,(#2560,#2561));
#2563=IFCRELDEFINESBYPROPERTIES('rD1BfFalB3Od0Tv$k1hlb5',#6,$,$,(#545),#2562);
#2564=IFCPROPERTYENUMERATEDVALUE('Tower',$,(IFCLABEL('B')),$);
#2565=IFCPROPERTYENUMERATEDVALUE('Discipline',$,(IFCLABEL('FIT')),$);
#2566=IFCPROPERTYSET('i5NbqvFvEFPB0z3HoHd5$j',#6,'OPS_ActivityCodes',$,(#2564,#2565));
#2567=IFCRELDEFINESBYPROPERTIES('KvKRezLHB3m1SjDl3l9rm$',#6,$,$,(#547),#2566);
#2568=IFCPROPERTYENUMERATEDVALUE('Tower',$,(IFCLABEL('C')),$);
#2569=IFCPROPERTYENUMERATEDVALUE('Discipline',$,(IFCLABEL('FIT')),$);
#2570=IFCPROPERTYSET('FdMzwz4H$tNZnv2FxL81_T',#6,'OPS_ActivityCodes',$,(#2568,#2569));
#2571=IFCRELDEFINESBYPROPERTIES('d5SLXtaHbhpPSpv$kzeVaf',#6,$,$,(#549),#2570);
#2572=IFCPROPERTYENUMERATEDVALUE('Tower',$,(IFCLABEL('GEN')),$);
#2573=IFCPROPERTYENUMERATEDVALUE('Discipline',$,(IFCLABEL('FIT')),$);
#2574=IFCPROPERTYSET('wFvZaDUfCPKbFJDH5BqDuD',#6,'OPS_ActivityCodes',$,(#2572,#2573));
#2575=IFCRELDEFINESBYPROPERTIES('kbh$wZOdRVR$8nBHjx5lln',#6,$,$,(#551),#2574);
#2576=IFCPROPERTYENUMERATEDVALUE('Tower',$,(IFCLABEL('GEN')),$);
#2577=IFCPROPERTYENUMERATEDVALUE('Discipline',$,(IFCLABEL('FIT')),$);
#2578=IFCPROPERTYSET('sN2r3revSrR$SjJln9Unj3',#6,'OPS_ActivityCodes',$,(#2576,#2577));
#2579=IFCRELDEFINESBYPROPERTIES('YT8VGPA14H5$KbqFu3t3$9',#6,$,$,(#553),#2578);
#2580=IFCPROPERTYENUMERATEDVALUE('Tower',$,(IFCLABEL('GEN')),$);
#2581=IFCPROPERTYENUMERATEDVALUE('Discipline',$,(IFCLABEL('FIT')),$);
#2582=IFCPROPERTYSET('YX39o$otXbhHbrIVYvG9CH',#6,'OPS_ActivityCodes',$,(#2580,#2581));
#2583=IFCRELDEFINESBYPROPERTIES('sJTf8r0t$rzN3dA$v$$jwR',#6,$,$,(#555),#2582);
#2584=IFCPROPERTYENUMERATEDVALUE('Tower',$,(IFCLABEL('GEN')),$);
#2585=IFCPROPERTYENUMERATEDVALUE('Discipline',$,(IFCLABEL('FIT')),$);
#2586=IFCPROPERTYSET('Mz95sHv9brHrGBEVyrJ7pH',#6,'OPS_ActivityCodes',$,(#2584,#2585));
#2587=IFCRELDEFINESBYPROPERTIES('Itq5_LKX$LPJAPM1b$PxBd',#6,$,$,(#557),#2586);
#2588=IFCPROPERTYENUMERATEDVALUE('Tower',$,(IFCLABEL('GEN')),$);
#2589=IFCPROPERTYENUMERATEDVALUE('Discipline',$,(IFCLABEL('FIT')),$);
#2590=IFCPROPERTYSET('VZe$QfmNArR1CBc$opI5Xz',#6,'OPS_ActivityCodes',$,(#2588,#2589));
#2591=IFCRELDEFINESBYPROPERTIES('7lb$ozxFWxlJYThl3n394v',#6,$,$,(#559),#2590);
#2592=IFCPROPERTYENUMERATEDVALUE('Tower',$,(IFCLABEL('GEN')),$);
#2593=IFCPROPERTYENUMERATEDVALUE('Discipline',$,(IFCLABEL('FIT')),$);
#2594=IFCPROPERTYSET('ZXBVKfNfCPyDadEX4PWdzL',#6,'OPS_ActivityCodes',$,(#2592,#2593));
#2595=IFCRELDEFINESBYPROPERTIES('Bp1rPtz$aXb10TlV5rKjoR',#6,$,$,(#561),#2594);
#2596=IFCPROPERTYENUMERATEDVALUE('Tower',$,(IFCLABEL('GEN')),$);
#2597=IFCPROPERTYENUMERATEDVALUE('Discipline',$,(IFCLABEL('CIV')),$);
#2598=IFCPROPERTYSET('2jMz_LqX7zuvo$v1Qdmteh',#6,'OPS_ActivityCodes',$,(#2596,#2597));
#2599=IFCRELDEFINESBYPROPERTIES('gv4rpjZHNHBnVbilCnnLs3',#6,$,$,(#563),#2598);
#2600=IFCPROPERTYSINGLEVALUE('InternalTaskId',$,IFCTEXT('task-mtx91bur0d7x369'),$);
#2601=IFCPROPERTYSET('0FR1YfnPJNpP4T3FKpszjV',#6,'OPS_TaskIdentity',$,(#2600));
#2602=IFCRELDEFINESBYPROPERTIES('PbeHFFxF0LjvM9SHv1Pxnx',#6,$,$,(#45),#2601);
#2603=IFCPROPERTYSINGLEVALUE('InternalTaskId',$,IFCTEXT('task-mtx91bust8fu370'),$);
#2604=IFCPROPERTYSET('fP09ABvtPvetf7UFXHH3R5',#6,'OPS_TaskIdentity',$,(#2603));
#2605=IFCRELDEFINESBYPROPERTIES('GPMzArfNGjM37X1XafoRDl',#6,$,$,(#47),#2604);
#2606=IFCPROPERTYSINGLEVALUE('InternalTaskId',$,IFCTEXT('task-mtx91buve98x371'),$);
#2607=IFCPROPERTYSET('ivKJfl0trTaJ6pLHnxLX0f',#6,'OPS_TaskIdentity',$,(#2606));
#2608=IFCRELDEFINESBYPROPERTIES('JRL$U5Mdrz8vo$HXPHBnv9',#6,$,$,(#49),#2607);
#2609=IFCPROPERTYSINGLEVALUE('InternalTaskId',$,IFCTEXT('task-mtx91buzglek372'),$);
#2610=IFCPROPERTYSET('QbmPRb3HhPyL_d61WNgTLf',#6,'OPS_TaskIdentity',$,(#2609));
#2611=IFCRELDEFINESBYPROPERTIES('p76tQpc7SV5XAvQHZTyhUH',#6,$,$,(#51),#2610);
#2612=IFCPROPERTYSINGLEVALUE('InternalTaskId',$,IFCTEXT('task-mtx91bv4ap4t373'),$);
#2613=IFCPROPERTYSET('_jULV9qFOFibttCF4LdJId',#6,'OPS_TaskIdentity',$,(#2612));
#2614=IFCRELDEFINESBYPROPERTIES('fvCp1vMPDd$T1$d1WtYFzL',#6,$,$,(#53),#2613);
#2615=IFCPROPERTYSINGLEVALUE('InternalTaskId',$,IFCTEXT('task-mtx91bv8gwuc374'),$);
#2616=IFCPROPERTYSET('qr9DdxItvZi3np7$czPj21',#6,'OPS_TaskIdentity',$,(#2615));
#2617=IFCRELDEFINESBYPROPERTIES('RVL$oVYF6TQp8llXjfcp0f',#6,$,$,(#55),#2616);
#2618=IFCPROPERTYSINGLEVALUE('InternalTaskId',$,IFCTEXT('task-mtx91bvcepr9375'),$);
#2619=IFCPROPERTYSET('oLjPNp$dt1t3LfqlopA3$9',#6,'OPS_TaskIdentity',$,(#2618));
#2620=IFCRELDEFINESBYPROPERTIES('P$t5U9xnmDAHVHlXj9MN21',#6,$,$,(#57),#2619);
#2621=IFCPROPERTYSINGLEVALUE('InternalTaskId',$,IFCTEXT('task-mtx91bvhvav2376'),$);
#2622=IFCPROPERTYSET('rfIxEX_nSVLl1VTlyrLlHl',#6,'OPS_TaskIdentity',$,(#2621));
#2623=IFCRELDEFINESBYPROPERTIES('EhTfGvsPv38frj3Hwt_HrZ',#6,$,$,(#59),#2622);
#2624=IFCPROPERTYSINGLEVALUE('InternalTaskId',$,IFCTEXT('task-mtx91bvl4bkm377'),$);
#2625=IFCPROPERTYSET('f3X3URg1cXIP0zBnn9EX47',#6,'OPS_TaskIdentity',$,(#2624));
#2626=IFCRELDEFINESBYPROPERTIES('2lfJ3BmN_3edCnd1qT4hUj',#6,$,$,(#61),#2625);
#2627=IFCPROPERTYSINGLEVALUE('InternalTaskId',$,IFCTEXT('task-mtx91bvpr5cc378'),$);
#2628=IFCPROPERTYSET('DPM32dh1Upw$OPc1wfMTTR',#6,'OPS_TaskIdentity',$,(#2627));
#2629=IFCRELDEFINESBYPROPERTIES('ChztsH79flrnThQlRVbFjz',#6,$,$,(#63),#2628);
#2630=IFCPROPERTYSINGLEVALUE('InternalTaskId',$,IFCTEXT('task-mtx91bvts5xr379'),$);
#2631=IFCPROPERTYSET('N7CDzv1d1rJ76pLHp78nlL',#6,'OPS_TaskIdentity',$,(#2630));
#2632=IFCRELDEFINESBYPROPERTIES('m7w9QDwvcp8N11lXdFVbDH',#6,$,$,(#65),#2631);
#2633=IFCPROPERTYSINGLEVALUE('InternalTaskId',$,IFCTEXT('task-mtx91bvyswux380'),$);
#2634=IFCPROPERTYSET('3DcfmPkl9B7pi$3n4dm94h',#6,'OPS_TaskIdentity',$,(#2633));
#2635=IFCRELDEFINESBYPROPERTIES('gvShBTevu$oBevYFXFZfw$',#6,$,$,(#67),#2634);
#2636=IFCPROPERTYSINGLEVALUE('InternalTaskId',$,IFCTEXT('task-mtx91bw245cw381'),$);
#2637=IFCPROPERTYSET('Ob8XSpAd1Npd0zLnHhPjgj',#6,'OPS_TaskIdentity',$,(#2636));
#2638=IFCRELDEFINESBYPROPERTIES('n7gdlXjn4FFDevIFijgfwb',#6,$,$,(#69),#2637);
#2639=IFCPROPERTYSINGLEVALUE('InternalTaskId',$,IFCTEXT('task-mtx91bw8pd66382'),$);
#2640=IFCPROPERTYSET('q92VmPYF2ZKRDzrF3Jc7jX',#6,'OPS_TaskIdentity',$,(#2639));
#2641=IFCRELDEFINESBYPROPERTIES('DhBnvPB1Ovx$4zFV$1Z9WP',#6,$,$,(#71),#2640);
#2642=IFCPROPERTYSINGLEVALUE('InternalTaskId',$,IFCTEXT('task-mtx91bwd3i9n383'),$);
#2643=IFCPROPERTYSET('EvY$kFKFQ$Y5vDZFI$Jv$t',#6,'OPS_TaskIdentity',$,(#2642));
#2644=IFCRELDEFINESBYPROPERTIES('BjjdjXwVljK3jJ71VH$JEx',#6,$,$,(#73),#2643);
#2645=IFCPROPERTYSINGLEVALUE('InternalTaskId',$,IFCTEXT('task-mtx91bwj1p5a384'),$);
#2646=IFCPROPERTYSET('prHRCbDnkrt35Hf$YBR$s3',#6,'OPS_TaskIdentity',$,(#2645));
#2647=IFCRELDEFINESBYPROPERTIES('Q$PLfDd9R$djUTjFvRoXmV',#6,$,$,(#75),#2646);
#2648=IFCPROPERTYSINGLEVALUE('InternalTaskId',$,IFCTEXT('task-mtx91bwohvfn385'),$);
#2649=IFCPROPERTYSET('_j2BT5gdbLZtHTRHYhXbB3',#6,'OPS_TaskIdentity',$,(#2648));
#2650=IFCRELDEFINESBYPROPERTIES('fvijLfevyxfx376HlrhHjX',#6,$,$,(#77),#2649);
#2651=IFCPROPERTYSINGLEVALUE('InternalTaskId',$,IFCTEXT('task-mtx91bwute2d386'),$);
#2652=IFCPROPERTYSET('qr7Tmf8PDdlJYTZFwDTfE9',#6,'OPS_TaskIdentity',$,(#2651));
#2653=IFCRELDEFINESBYPROPERTIES('RVRlJ1YfK9cpunhHF5xH9J',#6,$,$,(#79),#2652);
#2654=IFCPROPERTYSINGLEVALUE('InternalTaskId',$,IFCTEXT('task-mtx91bwzt2s3387'),$);
#2655=IFCPROPERTYSET('JRL1cJ_nKtIL6VHXDv81UF',#6,'OPS_TaskIdentity',$,(#2654));
#2656=IFCRELDEFINESBYPROPERTIES('6lDvFhpVPPK3N7_nT1Bn9F',#6,$,$,(#81),#2655);
#2657=IFCPROPERTYSINGLEVALUE('InternalTaskId',$,IFCTEXT('task-mtx91bx5blkv388'),$);
#2658=IFCPROPERTYSET('ZZ8nvPr1Gj6jEroVOpZN6b',#6,'OPS_TaskIdentity',$,(#2657));
#2659=IFCRELDEFINESBYPROPERTIES('AfM36PA18VQXEh6HrjvR$9',#6,$,$,(#83),#2658);
#2660=IFCPROPERTYSINGLEVALUE('InternalTaskId',$,IFCTEXT('task-mtx91bxagven389'),$);
#2661=IFCPROPERTYSET('H51TGfOvmpcV6XnXHd4T3h',#6,'OPS_TaskIdentity',$,(#2660));
#2662=IFCRELDEFINESBYPROPERTIES('uDVhLjUngvjf9BA$nbfhYj',#6,$,$,(#85),#2661);
#2663=IFCPROPERTYSINGLEVALUE('InternalTaskId',$,IFCTEXT('task-mtx91bxidznf390'),$);
#2664=IFCPROPERTYSET('7HTfCRDFA993D3DHJfULAd',#6,'OPS_TaskIdentity',$,(#2663));
#2665=IFCRELDEFINESBYPROPERTIES('WXpPvhaH7fUNl9e15BijIL',#6,$,$,(#87),#2664);
#2666=IFCPROPERTYSINGLEVALUE('InternalTaskId',$,IFCTEXT('task-mtx91bxr7xpc391'),$);
#2667=IFCPROPERTYSET('dxiRq5HviNgnDZFXF9I$Qn',#6,'OPS_TaskIdentity',$,(#2666));
#2668=IFCRELDEFINESBYPROPERTIES('EvgP9zrlxlrnBP61uBSzXd',#6,$,$,(#89),#2667);
#2669=IFCPROPERTYSINGLEVALUE('InternalTaskId',$,IFCTEXT('task-mtx91by1jza6392'),$);
#2670=IFCPROPERTYSET('hTbHJ$gPnTMzJJP1bbk1kv',#6,'OPS_TaskIdentity',$,(#2669));
#2671=IFCRELDEFINESBYPROPERTIES('4Hb1IjJnKtM3hNqF8BKxlB',#6,$,$,(#91),#2670);
#2672=IFCPROPERTYSINGLEVALUE('InternalTaskId',$,IFCTEXT('task-mtx91bybq58k393'),$);
#2673=IFCPROPERTYSET('9D$rl5XPZp0F9fu$75YLIr',#6,'OPS_TaskIdentity',$,(#2672));
#2674=IFCRELDEFINESBYPROPERTIES('Y$fRG9qnifgn$L6H1ZqpK1',#6,$,$,(#93),#2673);
#2675=IFCPROPERTYSINGLEVALUE('InternalTaskId',$,IFCTEXT('task-mtx91byk0v5o394'),$);
#2676=IFCPROPERTYSET('OReHZNndFZwjUfaH71VD0N',#6,'OPS_TaskIdentity',$,(#2675));
#2677=IFCRELDEFINESBYPROPERTIES('Fv6t27HvyRhH3dc$oH9re3',#6,$,$,(#95),#2676);
#2678=IFCPROPERTYSINGLEVALUE('InternalTaskId',$,IFCTEXT('task-mtx91byucccr395'),$);
#2679=IFCPROPERTYSET('0HnxsL5F4RhHVHN1s52rq3',#6,'OPS_TaskIdentity',$,(#2678));
#2680=IFCRELDEFINESBYPROPERTIES('PxaLH1lvmj2RVbCHgBSzNT',#6,$,$,(#97),#2679);
#2681=IFCPROPERTYSINGLEVALUE('InternalTaskId',$,IFCTEXT('task-mtx91bz4fzo1396'),$);
#2682=IFCPROPERTYSET('SZWfeTlPVP9bvV$XKDcpWd',#6,'OPS_TaskIdentity',$,(#2681));
#2683=IFCRELDEFINESBYPROPERTIES('r9_XG7wvg7hH7DDFNfI5dv',#6,$,$,(#99),#2682);
#2684=IFCPROPERTYSINGLEVALUE('InternalTaskId',$,IFCTEXT('task-mtx91bzenrej397'),$);
#2685=IFCPROPERTYSET('dxqxYf$7I1NTdZv$AXhVmV',#6,'OPS_TaskIdentity',$,(#2684));
#2686=IFCRELDEFINESBYPROPERTIES('EvAvNnKFM7z7A7_FhzFhEt',#6,$,$,(#101),#2685);
#2687=IFCPROPERTYSINGLEVALUE('InternalTaskId',$,IFCTEXT('task-mtx91bzn2n94398'),$);
#2688=IFCPROPERTYSET('3FZNmdYFMbptnjjl7xA3fZ',#6,'OPS_TaskIdentity',$,(#2687));
#2689=IFCRELDEFINESBYPROPERTIES('SZGvrPM1UdC5vDTFcv4LQH',#6,$,$,(#103),#2688);
#2690=IFCPROPERTYSINGLEVALUE('InternalTaskId',$,IFCTEXT('task-mtx91bztcxv8399'),$);
#2691=IFCPROPERTYSET('2JAZC5VdjrpPiXlVXJstKJ',#6,'OPS_TaskIdentity',$,(#2690));
#2692=IFCRELDEFINESBYPROPERTIES('fvShVf09ZVgFv1LlF5Jvbb',#6,$,$,(#105),#2691);
#2693=IFCPROPERTYSINGLEVALUE('InternalTaskId',$,IFCTEXT('task-mtx91bzz7bem400'),$);
#2694=IFCPROPERTYSET('3j6DFnpVBTSruHXXAXbnHB',#6,'OPS_TaskIdentity',$,(#2693));
#2695=IFCRELDEFINESBYPROPERTIES('gdOl1PEH3naruFZFwj1J6X',#6,$,$,(#107),#2694);
#2696=IFCPROPERTYSINGLEVALUE('InternalTaskId',$,IFCTEXT('task-mtx91c040c59401'),$);
#2697=IFCPROPERTYSET('rt_X0nBljBrFDTHXXJEX09',#6,'OPS_TaskIdentity',$,(#2696));
#2698=IFCRELDEFINESBYPROPERTIES('ErNjvP5X5FFp8N4nxF15Dj',#6,$,$,(#109),#2697);
#2699=IFCPROPERTYSINGLEVALUE('InternalTaskId',$,IFCTEXT('task-mtx91c0as6hh402'),$);
#2700=IFCPROPERTYSET('TT8nbXDnIXhH$$nVhdGNQn',#6,'OPS_TaskIdentity',$,(#2699));
#2701=IFCRELDEFINESBYPROPERTIES('AfM3MRZHnzw1uFLHXpcD8x',#6,$,$,(#111),#2700);
#2702=IFCPROPERTYSINGLEVALUE('InternalTaskId',$,IFCTEXT('task-mtx91c0gedmj403'),$);
#2703=IFCPROPERTYSET('X3ShV94Hl$wjgBYXVHVDer',#6,'OPS_TaskIdentity',$,(#2702));
#2704=IFCRELDEFINESBYPROPERTIES('8BkHXt4HH1Mz7XP$dlxXi1',#6,$,$,(#113),#2703);
#2705=IFCPROPERTYSINGLEVALUE('InternalTaskId',$,IFCTEXT('task-mtx91c0lspwx404'),$);
#2706=IFCPROPERTYSET('7rAv$Zmf2NgnjjHXZ1jvpH',#6,'OPS_TaskIdentity',$,(#2705));
#2707=IFCRELDEFINESBYPROPERTIES('ktib4ZGNQ$g3X50XZTqRN3',#6,$,$,(#115),#2706);
#2708=IFCPROPERTYSINGLEVALUE('InternalTaskId',$,IFCTEXT('task-mtx91c0ntk5s405'),$);
#2709=IFCPROPERTYSET('$n5XORs$uVUfjVnVDB5Xa9',#6,'OPS_TaskIdentity',$,(#2708));
#2710=IFCRELDEFINESBYPROPERTIES('cbmvpjjFiD87w1jFZzOXub',#6,$,$,(#117),#2709);
#2711=IFCPROPERTYSINGLEVALUE('InternalTaskId',$,IFCTEXT('task-mtx91c0tuvqf406'),$);
#2712=IFCPROPERTYSET('5h2rb19NS1NTVFBlL7SBOB',#6,'OPS_TaskIdentity',$,(#2711));
#2713=IFCRELDEFINESBYPROPERTIES('idO$MVB$i9sT5xO1OJH3f3',#6,$,$,(#119),#2712);
#2714=IFCPROPERTYSINGLEVALUE('InternalTaskId',$,IFCTEXT('task-mtx91c105lft407'),$);
#2715=IFCPROPERTYSET('INeH1vQveFiRzxKH07elPB',#6,'OPS_TaskIdentity',$,(#2714));
#2716=IFCRELDEFINESBYPROPERTIES('hz1ZqP3HNbz76j71vbAt0N',#6,$,$,(#121),#2715);
#2717=IFCPROPERTYSINGLEVALUE('InternalTaskId',$,IFCTEXT('task-mtx91c15nhw8408'),$);
#2718=IFCPROPERTYSET('urMPxrNfijyLYZznm$j7b5',#6,'OPS_TaskIdentity',$,(#2717));
#2719=IFCRELDEFINESBYPROPERTIES('HN09kHGf_z8fh3lXf9I12Z',#6,$,$,(#123),#2718);
#2720=IFCPROPERTYSINGLEVALUE('InternalTaskId',$,IFCTEXT('task-mtx91c1ad5ke409'),$);
#2721=IFCPROPERTYSET('ZZ8VOZff8$cpaPEX8BCDaN',#6,'OPS_TaskIdentity',$,(#2720));
#2722=IFCRELDEFINESBYPROPERTIES('sNcJTb2FOlmXUfiHG$rn5l',#6,$,$,(#125),#2721);
#2723=IFCPROPERTYSINGLEVALUE('InternalTaskId',$,IFCTEXT('task-mtx91c1fwrvi410'),$);
#2724=IFCPROPERTYSET('rjzt6zSHP7uf1$N$n9I1kr',#6,'OPS_TaskIdentity',$,(#2723));
#2725=IFCRELDEFINESBYPROPERTIES('SXjvFB$vkXzNxbKle5I59F',#6,$,$,(#127),#2724);
#2726=IFCPROPERTYSINGLEVALUE('InternalTaskId',$,IFCTEXT('task-mtx91c1n0hqj411'),$);
#2727=IFCPROPERTYSET('XVRHLJ_Fmpovkx0VrN2Byh',#6,'OPS_TaskIdentity',$,(#2726));
#2728=IFCRELDEFINESBYPROPERTIES('wr_VGfevaBJvsxilm1rFFR',#6,$,$,(#129),#2727);
#2729=IFCPROPERTYSINGLEVALUE('InternalTaskId',$,IFCTEXT('task-mtx91c1wf3mb412'),$);
#2730=IFCPROPERTYSET('OZZfqbjnaXrFZhcH$$pP7t',#6,'OPS_TaskIdentity',$,(#2729));
#2731=IFCRELDEFINESBYPROPERTIES('$HvT41sdvzmVgroX4hHBG1',#6,$,$,(#131),#2730);
#2732=IFCPROPERTYSINGLEVALUE('InternalTaskId',$,IFCTEXT('task-mtx91c26jz9f413'),$);
#2733=IFCPROPERTYSET('mvA7xHndJfT9ZhUnHP4LI7',#6,'OPS_TaskIdentity',$,(#2732));
#2734=IFCRELDEFINESBYPROPERTIES('9Jztg5$dRLLHNbe17XB$UJ',#6,$,$,(#133),#2733);
#2735=IFCPROPERTYSINGLEVALUE('InternalTaskId',$,IFCTEXT('task-mtx91c2gdsyk414'),$);
#2736=IFCPROPERTYSET('azC5_ru7MxtbpTXV4rrnJZ',#6,'OPS_TaskIdentity',$,(#2735));
#2737=IFCRELDEFINESBYPROPERTIES('BNwDH$1dFZsTZf0XFf2BmF',#6,$,$,(#135),#2736);
#2738=IFCPROPERTYSINGLEVALUE('InternalTaskId',$,IFCTEXT('task-mtx91c2qxy9d415'),$);
#2739=IFCPROPERTYSET('8JLH17w76niblZZn6j9r0t',#6,'OPS_TaskIdentity',$,(#2738));
#2740=IFCRELDEFINESBYPROPERTIES('X1t5MRpnQ1cDWjt1mXvpi1',#6,$,$,(#137),#2739);
#2741=IFCPROPERTYSINGLEVALUE('InternalTaskId',$,IFCTEXT('task-mtx91c31anu9416'),$);
#2742=IFCPROPERTYSET('xntp$7AP5nFDedUV$$Bnrd',#6,'OPS_TaskIdentity',$,(#2741));
#2743=IFCRELDEFINESBYPROPERTIES('Y34ZSny1CTwJ2jTlqFfZhN',#6,$,$,(#139),#2742);
#2744=IFCPROPERTYSINGLEVALUE('InternalTaskId',$,IFCTEXT('task-mtx91c3bworf417'),$);
#2745=IFCPROPERTYSET('whobqxlvev5$890VXHFTPv',#6,'OPS_TaskIdentity',$,(#2744));
#2746=IFCRELDEFINESBYPROPERTIES('J9iJ9XoHbhjvs5iHmH7bNT',#6,$,$,(#141),#2745);
#2747=IFCPROPERTYSINGLEVALUE('InternalTaskId',$,IFCTEXT('task-mtx91c3jv129418'),$);
#2748=IFCPROPERTYSET('TTe1IlGf81AZPZlVVjc7dr',#6,'OPS_TaskIdentity',$,(#2747));
#2749=IFCRELDEFINESBYPROPERTIES('Af6p379fmZ4D494F3p2B09',#6,$,$,(#143),#2748);
#2750=IFCPROPERTYSINGLEVALUE('InternalTaskId',$,IFCTEXT('task-mtx91c3q9655419'),$);
#2751=IFCPROPERTYSET('yDU$QfOPPDsHvJFXzJoVCZ',#6,'OPS_TaskIdentity',$,(#2750));
#2752=IFCRELDEFINESBYPROPERTIES('LdunT5Q7utFLwV$XqHJvBT',#6,$,$,(#145),#2751);
#2753=IFCPROPERTYSINGLEVALUE('InternalTaskId',$,IFCTEXT('task-mtx91c3x5bcf420'),$);
#2754=IFCPROPERTYSET('exa3QpUNSXDd8lHX711JE5',#6,'OPS_TaskIdentity',$,(#2753));
#2755=IFCRELDEFINESBYPROPERTIES('FP2BhfevyHp9HTjFTT4LQl',#6,$,$,(#147),#2754);
#2756=IFCPROPERTYSINGLEVALUE('InternalTaskId',$,IFCTEXT('task-mtx91c4486tb421'),$);
#2757=IFCPROPERTYSET('U1$TyT09dParqlhF3lvbTt',#6,'OPS_TaskIdentity',$,(#2756));
#2758=IFCRELDEFINESBYPROPERTIES('5hg3YtpXRhxVwDpFHLPjEb',#6,$,$,(#149),#2757);
#2759=IFCPROPERTYSINGLEVALUE('InternalTaskId',$,IFCTEXT('task-mtx91c4a2zt2422'),$);
#2760=IFCPROPERTYSET('yj2BJTnd5x$TRB6$a53ty7',#6,'OPS_TaskIdentity',$,(#2759));
#2761=IFCRELDEFINESBYPROPERTIES('L7yrLfu7ALtz7XP1JfYhAZ',#6,$,$,(#151),#2760);
#2762=IFCPROPERTYSINGLEVALUE('InternalTaskId',$,IFCTEXT('task-mtx91c4gbwdd423'),$);
#2763=IFCPROPERTYSET('upnxMR5V9LBFhf4HFfoR9p',#6,'OPS_TaskIdentity',$,(#2762));
#2764=IFCRELDEFINESBYPROPERTIES('VXJv9X2FKtoryfe1OjP5V3',#6,$,$,(#153),#2763);
#2765=IFCPROPERTYSINGLEVALUE('InternalTaskId',$,IFCTEXT('task-mtx91c4mkiyl424'),$);
#2766=IFCPROPERTYSET('vFlbeT9NYj2RPnnV5HJvdL',#6,'OPS_TaskIdentity',$,(#2765));
#2767=IFCRELDEFINESBYPROPERTIES('W$$Ze5_NAr5Vo$P$4hNZ7N',#6,$,$,(#155),#2766);
#2768=IFCPROPERTYSINGLEVALUE('InternalTaskId',$,IFCTEXT('task-mtx91c4tk51x425'),$);
#2769=IFCPROPERTYSET('1F3tgRJFKpWl5xO1ff2BCZ',#6,'OPS_TaskIdentity',$,(#2768));
#2770=IFCRELDEFINESBYPROPERTIES('QbuVSpsdBtsTxRCnqzGf6b',#6,$,$,(#157),#2769);
#2771=IFCPROPERTYSINGLEVALUE('InternalTaskId',$,IFCTEXT('task-mtx91c4zmm8b426'),$);
#2772=IFCPROPERTYSET('T1vrHRJn4xN5DlRnijcvlF',#6,'OPS_TaskIdentity',$,(#2771));
#2773=IFCRELDEFINESBYPROPERTIES('4JM3E3jXLv8vYzVVY78nrd',#6,$,$,(#159),#2772);
#2774=IFCPROPERTYSINGLEVALUE('InternalTaskId',$,IFCTEXT('task-mtx91c55r2gs427'),$);
#2775=IFCPROPERTYSET('uJhHBZGNG3uvQzZHeboXKD',#6,'OPS_TaskIdentity',$,(#2774));
#2776=IFCRELDEFINESBYPROPERTIES('V195_LKVpvhlHNKFgBaryL',#6,$,$,(#161),#2775);
#2777=IFCPROPERTYSINGLEVALUE('InternalTaskId',$,IFCTEXT('task-mtx91c5bcr8t428'),$);
#2778=IFCPROPERTYSET('zpIlX9KXHpuvAP2VBj7bdr',#6,'OPS_TaskIdentity',$,(#2777));
#2779=IFCRELDEFINESBYPROPERTIES('M7azwPg1_f29VxmVuTT9Wd',#6,$,$,(#163),#2778);
#2780=IFCPROPERTYSINGLEVALUE('InternalTaskId',$,IFCTEXT('task-mtx91c5hyglc429'),$);
#2781=IFCPROPERTYSET('_pcNmvUNenK35lHVPndJcr',#6,'OPS_TaskIdentity',$,(#2780));
#2782=IFCRELDEFINESBYPROPERTIES('NPuX8ptfut9zjpjnxlR$gp',#6,$,$,(#165),#2781);
#2783=IFCPROPERTYSINGLEVALUE('InternalTaskId',$,IFCTEXT('task-mtx91c5nyfxq430'),$);
#2784=IFCPROPERTYSET('ph3tM$n7oHpt$B6$WNcDuJ',#6,'OPS_TaskIdentity',$,(#2783));
#2785=IFCRELDEFINESBYPROPERTIES('QXL1AF5nWbhHjV$X83lBK1',#6,$,$,(#167),#2784);
#2786=IFCPROPERTYSINGLEVALUE('InternalTaskId',$,IFCTEXT('task-mtx91c5tgcxv431'),$);
#2787=IFCPROPERTYSET('K7ah5hRF2tEreP_XRRcv7b',#6,'OPS_TaskIdentity',$,(#2786));
#2788=IFCRELDEFINESBYPROPERTIES('jbTNujDnk17DClhFrjXpij',#6,$,$,(#169),#2787);
#2789=IFCPROPERTYSINGLEVALUE('InternalTaskId',$,IFCTEXT('task-mtx91c60t4vc432'),$);
#2790=IFCPROPERTYSET('vnvZih3$a$NTJXnXxlrFZb',#6,'OPS_TaskIdentity',$,(#2789));
#2791=IFCRELDEFINESBYPROPERTIES('W1dLNjL$wFSBuNClwNwJkv',#6,$,$,(#171),#2790);
#2792=IFCPROPERTYSINGLEVALUE('InternalTaskId',$,IFCTEXT('task-mtx91c66psta433'),$);
#2793=IFCPROPERTYSET('Xz4Bb179PdyhMLknKVz9yv',#6,'OPS_TaskIdentity',$,(#2792));
#2794=IFCRELDEFINESBYPROPERTIES('8roFxl79B3edy31Xe56JIr',#6,$,$,(#173),#2793);
#2795=IFCPROPERTYSINGLEVALUE('InternalTaskId',$,IFCTEXT('task-mtx91c6c56f5434'),$);
#2796=IFCPROPERTYSET('j94Bvdh1MdvLEhslyBZtKV',#6,'OPS_TaskIdentity',$,(#2795));
#2797=IFCRELDEFINESBYPROPERTIES('ixFDxrtfERx$ClzHMhelrz',#6,$,$,(#175),#2796);
#2798=IFCPROPERTYSINGLEVALUE('InternalTaskId',$,IFCTEXT('task-mtx91c6iimdw435'),$);
#2799=IFCPROPERTYSET('dVh12hqnSVLl1V3H696dlB',#6,'OPS_TaskIdentity',$,(#2798));
#2800=IFCRELDEFINESBYPROPERTIES('0FrnDpd9r9MzLNqF8BijEb',#6,$,$,(#177),#2799);
#2801=IFCPROPERTYSINGLEVALUE('InternalTaskId',$,IFCTEXT('task-mtx91c6oct4h436'),$);
#2802=IFCPROPERTYSET('KP8V8jzHdJYxNRu1R17RtJ',#6,'OPS_TaskIdentity',$,(#2801));
#2803=IFCRELDEFINESBYPROPERTIES('jx7rt$E9rZiz9fu1UPS3B3',#6,$,$,(#179),#2802);
#2804=IFCPROPERTYSINGLEVALUE('InternalTaskId',$,IFCTEXT('task-mtx91c6vhb1k437'),$);
#2805=IFCPROPERTYSET('$j2BPNVvuVUfVnRls$9B8b',#6,'OPS_TaskIdentity',$,(#2804));
#2806=IFCRELDEFINESBYPROPERTIES('eR8FtVElpd1Z9LYn93$xXZ',#6,$,$,(#181),#2805);
#2807=IFCPROPERTYSINGLEVALUE('InternalTaskId',$,IFCTEXT('task-mtx91c718wo0438'),$);
#2808=IFCPROPERTYSET('6hUhB341KDePS7kFGFZNox',#6,'OPS_TaskIdentity',$,(#2807));
#2809=IFCRELDEFINESBYPROPERTIES('j9yZOzrlXPtbPn$X_9EVeT',#6,$,$,(#183),#2808);
#2810=IFCPROPERTYSINGLEVALUE('InternalTaskId',$,IFCTEXT('task-mtx91c773drc439'),$);
#2811=IFCPROPERTYSET('p7MdNjpFonlj6pznGlP5f1',#6,'OPS_TaskIdentity',$,(#2810));
#2812=IFCRELDEFINESBYPROPERTIES('CBfjZbcVvTqx3vQHzpER3P',#6,$,$,(#185),#2811);
#2813=IFCPROPERTYSINGLEVALUE('InternalTaskId',$,IFCTEXT('task-mtx91c7ewmh1440'),$);
#2814=IFCPROPERTYSET('2JERirlPX751e1$XYhfT9n',#6,'OPS_TaskIdentity',$,(#2813));
#2815=IFCRELDEFINESBYPROPERTIES('fvyT4X_FG3GVYZxHSNMZxF',#6,$,$,(#187),#2814);
#2816=IFCPROPERTYSINGLEVALUE('InternalTaskId',$,IFCTEXT('task-mtx91c7kemb8441'),$);
#2817=IFCPROPERTYSET('6ronR$VPVv37_d2X71$jEt',#6,'OPS_TaskIdentity',$,(#2816));
#2818=IFCRELDEFINESBYPROPERTIES('jNWfur87QJSjkllXVj6PtF',#6,$,$,(#189),#2817);
#2819=IFCPROPERTYSINGLEVALUE('InternalTaskId',$,IFCTEXT('task-mtx91c7rrupm442'),$);
#2820=IFCPROPERTYSET('IfGdxhpVRBNT9LAHmVXbV7',#6,'OPS_TaskIdentity',$,(#2819));
#2821=IFCRELDEFINESBYPROPERTIES('h3fR8LqX$fLHJ1znmnpP7f',#6,$,$,(#191),#2820);
#2822=IFCPROPERTYSINGLEVALUE('InternalTaskId',$,IFCTEXT('task-mtx91c7yensf443'),$);
#2823=IFCPROPERTYSET('mP6phpsPjLHBGRWXxhGt0N',#6,'OPS_TaskIdentity',$,(#2822));
#2824=IFCRELDEFINESBYPROPERTIES('9pvZmtKF_f6$i$jnrtA9mX',#6,$,$,(#193),#2823);
#2825=IFCPROPERTYSINGLEVALUE('InternalTaskId',$,IFCTEXT('task-mtx91c841sam444'),$);
#2826=IFCPROPERTYSET('bV5FjZFdRLhHnvMHsVhX4v',#6,'OPS_TaskIdentity',$,(#2825));
#2827=IFCRELDEFINESBYPROPERTIES('_pY1cJwVbhb1yzHV1TCRjV',#6,$,$,(#195),#2826);
#2828=IFCPROPERTYSINGLEVALUE('InternalTaskId',$,IFCTEXT('task-mtx91c8aybis445'),$);
#2829=IFCPROPERTYSET('qNYLrzKXfH51e1P$qlzNUD',#6,'OPS_TaskIdentity',$,(#2828));
#2830=IFCRELDEFINESBYPROPERTIES('Dr$rnh5F4HTPWJP$b56jg9',#6,$,$,(#197),#2829);
#2831=IFCPROPERTYSINGLEVALUE('InternalTaskId',$,IFCTEXT('task-mtx91c8kg7vx446'),$);
#2832=IFCPROPERTYSET('CLrFXjM12T4hcn91JtoXWv',#6,'OPS_TaskIdentity',$,(#2831));
#2833=IFCRELDEFINESBYPROPERTIES('b$fb0nxn4HDt$hgHgFPjE5',#6,$,$,(#199),#2832);
#2834=IFCPROPERTYSINGLEVALUE('InternalTaskId',$,IFCTEXT('task-mtx91c8v0c5r447'),$);
#2835=IFCPROPERTYSET('ylrF3hqnSBDd4zlXvXTfkP',#6,'OPS_TaskIdentity',$,(#2834));
#2836=IFCRELDEFINESBYPROPERTIES('ZTe$QjElRhjvARe$mFztuJ',#6,$,$,(#201),#2835);
#2837=IFCPROPERTYSINGLEVALUE('InternalTaskId',$,IFCTEXT('task-mtx91c967vpd448'),$);
#2838=IFCPROPERTYSET('zFZfm7YNyR518fKnA1P5HL',#6,'OPS_TaskIdentity',$,(#2837));
#2839=IFCRELDEFINESBYPROPERTIES('aZmvr7Q7ybx$Ch6HtdWPTR',#6,$,$,(#203),#2838);
#2840=IFCPROPERTYSINGLEVALUE('InternalTaskId',$,IFCTEXT('task-mtx91c9gnioh449'),$);
#2841=IFCPROPERTYSET('odI5MXDFsL9zBdA1b5szfz',#6,'OPS_TaskIdentity',$,(#2840));
#2842=IFCRELDEFINESBYPROPERTIES('rptp7hyH5HD9R1FVDBBFzL',#6,$,$,(#205),#2841);
#2843=IFCPROPERTYSINGLEVALUE('InternalTaskId',$,IFCTEXT('task-mtx91c9ra4mr450'),$);
#2844=IFCPROPERTYSET('vhUhdbolhjILw1bHcPeXC3',#6,'OPS_TaskIdentity',$,(#2843));
#2845=IFCRELDEFINESBYPROPERTIES('IfWNiBNNKj4pe$9$ZVVRF1',#6,$,$,(#207),#2844);
#2846=IFCPROPERTYSINGLEVALUE('InternalTaskId',$,IFCTEXT('task-mtx91ca2hequ451'),$);
#2847=IFCPROPERTYSET('vBY$AhT$cDOPWpBlH70v$t',#6,'OPS_TaskIdentity',$,(#2846));
#2848=IFCRELDEFINESBYPROPERTIES('I9iJHbZHT12RFJ3H6JVDOT',#6,$,$,(#209),#2847);
#2849=IFCPROPERTYSINGLEVALUE('InternalTaskId',$,IFCTEXT('task-mtx91cachf95452'),$);
#2850=IFCPROPERTYSET('md2rTRYn6zQXwVXXElfhkB',#6,'OPS_TaskIdentity',$,(#2849));
#2851=IFCRELDEFINESBYPROPERTIES('9DF5sH79$L9zPljlpBR$Qn',#6,$,$,(#211),#2850);
#2852=IFCPROPERTYSINGLEVALUE('InternalTaskId',$,IFCTEXT('task-mtx91candlqw453'),$);
#2853=IFCPROPERTYSET('E7U1QJYF6n4h6$5HGXHr0f',#6,'OPS_TaskIdentity',$,(#2852));
#2854=IFCRELDEFINESBYPROPERTIES('rjJdLpQvO7jNpn7$oJgf6X',#6,$,$,(#213),#2853);
#2855=IFCPROPERTYSINGLEVALUE('InternalTaskId',$,IFCTEXT('task-mtx91cavnjnb454'),$);
#2856=IFCPROPERTYSET('9JxXqx$dZ1Y5RBYVVHfLQr',#6,'OPS_TaskIdentity',$,(#2855));
#2857=IFCRELDEFINESBYPROPERTIES('YXpd7BW9TDuf9L6lft2lVP',#6,$,$,(#215),#2856);
#2858=IFCPROPERTYSINGLEVALUE('InternalTaskId',$,IFCTEXT('task-mtx91cb6589g455'),$);
#2859=IFCPROPERTYSET('sD9DRRr$qvWHLTBl3jI$Qn',#6,'OPS_TaskIdentity',$,(#2858));
#2860=IFCRELDEFINESBYPROPERTIES('TX392ha$wTor4NO1GlH3lF',#6,$,$,(#217),#2859);
#2861=IFCPROPERTYSINGLEVALUE('InternalTaskId',$,IFCTEXT('task-mtx91cbga0db456'),$);
#2862=IFCPROPERTYSET('2Dw9shjXPjkhU3XVgl5VGn',#6,'OPS_TaskIdentity',$,(#2861));
#2863=IFCRELDEFINESBYPROPERTIES('fPe$EVUnIBfZthEnc315DD',#6,$,$,(#219),#2862);
#2864=IFCPROPERTYSINGLEVALUE('InternalTaskId',$,IFCTEXT('task-mtx91cbnepvs457'),$);
#2865=IFCPROPERTYSET('Z3CDLJkHVdX3t9ynVlnZ3B',#6,'OPS_TaskIdentity',$,(#2864));
#2866=IFCRELDEFINESBYPROPERTIES('A9U1277tT$6j_pFVxnlB0N',#6,$,$,(#221),#2865);
#2867=IFCPROPERTYSINGLEVALUE('InternalTaskId',$,IFCTEXT('task-mtx91cbtbhqm458'),$);
#2868=IFCPROPERTYSET('2pAvvv79LD6$8nJFvbAtez',#6,'OPS_TaskIdentity',$,(#2867));
#2869=IFCRELDEFINESBYPROPERTIES('NduFlbZHhDQVIHN1YPijA7',#6,$,$,(#223),#2868);
#2870=IFCPROPERTYSINGLEVALUE('InternalTaskId',$,IFCTEXT('task-mtx91cc0g7op459'),$);
#2871=IFCPROPERTYSET('L7yBxnZ$ArZtxnBlrfEbX7',#6,'OPS_TaskIdentity',$,(#2870));
#2872=IFCRELDEFINESBYPROPERTIES('k59x_dJFaXBFJDRHcTb$cr',#6,$,$,(#225),#2871);
#2873=IFCPROPERTYSINGLEVALUE('InternalTaskId',$,IFCTEXT('task-mtx91cc89810460'),$);
#2874=IFCPROPERTYSET('AfAZ8rudP7Ot7VVXAVxHVP',#6,'OPS_TaskIdentity',$,(#2873));
#2875=IFCRELDEFINESBYPROPERTIES('nBVhV9y$4xPByzVVoJ2HpH',#6,$,$,(#227),#2874);
#2876=IFCPROPERTYSINGLEVALUE('InternalTaskId',$,IFCTEXT('task-mtx91ccfuyjm461'),$);
#2877=IFCPROPERTYSET('0n3tMb5X1NLHtLEn_5xlHF',#6,'OPS_TaskIdentity',$,(#2876));
#2878=IFCRELDEFINESBYPROPERTIES('PRGd$dklnn4hQFP$q30vPB',#6,$,$,(#229),#2877);
#2879=IFCPROPERTYSINGLEVALUE('InternalTaskId',$,IFCTEXT('task-mtx91ccluko8462'),$);
#2880=IFCPROPERTYSET('zFrFvvF76n4pWjf1Yd4h_Z',#6,'OPS_TaskIdentity',$,(#2879));
#2881=IFCRELDEFINESBYPROPERTIES('aZe$ctincXslVn3F0PaBu5',#6,$,$,(#231),#2880);
#2882=IFCPROPERTYSINGLEVALUE('InternalTaskId',$,IFCTEXT('task-mtx91ccsrc48463'),$);
#2883=IFCPROPERTYSET('P17Bb1fNcp0FJjd$3Hd5Dp',#6,'OPS_TaskIdentity',$,(#2882));
#2884=IFCRELDEFINESBYPROPERTIES('0HNjxHldDxNxbBoXexgZ9l',#6,$,$,(#233),#2883);
#2885=IFCPROPERTYSINGLEVALUE('InternalTaskId',$,IFCTEXT('task-mtx91cd0wr9j464'),$);
#2886=IFCPROPERTYSET('BtU1oXg$sfzfTN0XtzdJAZ',#6,'OPS_TaskIdentity',$,(#2885));
#2887=IFCRELDEFINESBYPROPERTIES('Er9pxrP9LdKz9Nu$lPqblH',#6,$,$,(#235),#2886);
#2888=IFCPROPERTYSINGLEVALUE('InternalTaskId',$,IFCTEXT('task-mtx91cd6ivgz465'),$);
#2889=IFCPROPERTYSET('SZelB3qV1tXbBPw1GHNhYD',#6,'OPS_TaskIdentity',$,(#2888));
#2890=IFCRELDEFINESBYPROPERTIES('r96t6TOdLPSrGLkn4vCbj$',#6,$,$,(#237),#2889);
#2891=IFCPROPERTYSINGLEVALUE('InternalTaskId',$,IFCTEXT('task-mtx91cddya4y466'),$);
#2892=IFCPROPERTYSET('U1HJFhrHBf2tLfilyLlr4d',#6,'OPS_TaskIdentity',$,(#2891));
#2893=IFCRELDEFINESBYPROPERTIES('5hwDNJL1k1XRz5inoj_l$t',#6,$,$,(#239),#2892);
#2894=IFCPROPERTYSINGLEVALUE('InternalTaskId',$,IFCTEXT('task-mtx91cdkfo3b467'),$);
#2895=IFCPROPERTYSET('FPERKNv9zlOPCnVVG1xVWP',#6,'OPS_TaskIdentity',$,(#2894));
#2896=IFCRELDEFINESBYPROPERTIES('sJD7b$lvufR$KXXX2xRFFx',#6,$,$,(#241),#2895);
#2897=IFCPROPERTYSINGLEVALUE('InternalTaskId',$,IFCTEXT('task-mtx91cdr3izl468'),$);
#2898=IFCPROPERTYSET('Rb8F5l$vUdi3TBw1Wt_HPh',#6,'OPS_TaskIdentity',$,(#2897));
#2899=IFCRELDEFINESBYPROPERTIES('qNYhR5dtxHLlbrg1PrSzdh',#6,$,$,(#243),#2898);
#2900=IFCPROPERTYSINGLEVALUE('InternalTaskId',$,IFCTEXT('task-mtx91cdy8jn8469'),$);
#2901=IFCPROPERTYSET('1nZNWVjFOvhlPZlV9vSByP',#6,'OPS_TaskIdentity',$,(#2900));
#2902=IFCRELDEFINESBYPROPERTIES('cRe$sH1volp9t9CFa9cvb5',#6,$,$,(#245),#2901);
#2903=IFCPROPERTYSINGLEVALUE('InternalTaskId',$,IFCTEXT('task-mtx91ce5fe8v470'),$);
#2904=IFCPROPERTYSET('5L_BxFDVZV_tpzDHbxAztJ',#6,'OPS_TaskIdentity',$,(#2903));
#2905=IFCRELDEFINESBYPROPERTIES('Kde1sFjX7TCTnvknyvS3xh',#6,$,$,(#247),#2904);
#2906=IFCPROPERTYSINGLEVALUE('InternalTaskId',$,IFCTEXT('task-mtx91cebpmno471'),$);
#2907=IFCPROPERTYSET('Ix1ZGd2FCvmXQnnVJb9Bq3',#6,'OPS_TaskIdentity',$,(#2906));
#2908=IFCRELDEFINESBYPROPERTIES('vHJdZt31GJAZ1$f$3JgfIB',#6,$,$,(#249),#2907);
#2909=IFCPROPERTYSINGLEVALUE('InternalTaskId',$,IFCTEXT('task-mtx91cejqsbw472'),$);
#2910=IFCPROPERTYSET('ErtDVtiXxRbV6jFVzpwjUD',#6,'OPS_TaskIdentity',$,(#2909));
#2911=IFCRELDEFINESBYPROPERTIES('dVz9Mxffg5lJMLMlAxs3$N',#6,$,$,(#251),#2910);
#2912=IFCPROPERTYSINGLEVALUE('InternalTaskId',$,IFCTEXT('task-mtx91ceqh3cx473'),$);
#2913=IFCPROPERTYSET('XTe1AhRFo5FD4Nu1sxUhob',#6,'OPS_TaskIdentity',$,(#2912));
#2914=IFCRELDEFINESBYPROPERTIES('8LUh7re7KjCxxxmVED_r0f',#6,$,$,(#253),#2913);
#2915=IFCPROPERTYSINGLEVALUE('InternalTaskId',$,IFCTEXT('task-mtx91cewpc9r474'),$);
#2916=IFCPROPERTYSET('kxdhJVwX1hHBSdkXYLFh_3',#6,'OPS_TaskIdentity',$,(#2915));
#2917=IFCRELDEFINESBYPROPERTIES('7HLlrzCnylbVw1BHbX3t47',#6,$,$,(#255),#2916);
#2918=IFCPROPERTYSINGLEVALUE('InternalTaskId',$,IFCTEXT('task-mtx91cf3k9jq475'),$);
#2919=IFCPROPERTYSET('BJTNiBvtpvJNh3d$h393ZN',#6,'OPS_TaskIdentity',$,(#2918));
#2920=IFCRELDEFINESBYPROPERTIES('SXDdvLa$k1dJ61BHt3XR$f',#6,$,$,(#257),#2919);
#2921=IFCPROPERTYSINGLEVALUE('InternalTaskId',$,IFCTEXT('task-mtx91cfakle6476'),$);
#2922=IFCPROPERTYSET('X$lJnhLlJfDdyf8$jbVDat',#6,'OPS_TaskIdentity',$,(#2921));
#2923=IFCRELDEFINESBYPROPERTIES('6hEbGds$4l37s7sH4vqp8R',#6,$,$,(#259),#2922);
#2924=IFCPROPERTYSINGLEVALUE('InternalTaskId',$,IFCTEXT('task-mtx91cfhxefe477'),$);
#2925=IFCPROPERTYSET('V1X32Be7yRpt71Jn7xoRpH',#6,'OPS_TaskIdentity',$,(#2924));
#2926=IFCRELDEFINESBYPROPERTIES('wL_BNFa1_tgz99SFj96Pdd',#6,$,$,(#261),#2925);
#2927=IFCPROPERTYSINGLEVALUE('InternalTaskId',$,IFCTEXT('task-mtx91cfoq7x7478'),$);
#2928=IFCPROPERTYSET('_lFxQjs$8VQVg9KlydeXK1',#6,'OPS_TaskIdentity',$,(#2927));
#2929=IFCRELDEFINESBYPROPERTIES('b5SLlVr$qTwjAxinMBCRV7',#6,$,$,(#263),#2928);
#2930=IFCPROPERTYSINGLEVALUE('InternalTaskId',$,IFCTEXT('task-mtx91cfvy392479'),$);
#2931=IFCPROPERTYSET('Er$rhN8vUdCxlNKFk1b1w$',#6,'OPS_TaskIdentity',$,(#2930));
#2932=IFCRELDEFINESBYPROPERTIES('PX5nrPg1MdljclBnFNobV7',#6,$,$,(#265),#2931);
#2933=IFCPROPERTYSINGLEVALUE('InternalTaskId',$,IFCTEXT('task-mtx91cg2xur1480'),$);
#2934=IFCPROPERTYSET('0Fz9wdYFMbx$43FXph1xTb',#6,'OPS_TaskIdentity',$,(#2933));
#2935=IFCRELDEFINESBYPROPERTIES('PbGdpludTXQXYN4ldhunh9',#6,$,$,(#267),#2934);
#2936=IFCPROPERTYSINGLEVALUE('InternalTaskId',$,IFCTEXT('task-mtx91cg9fn41481'),$);
#2937=IFCPROPERTYSET('H9CxAnLHjtvp43t$CHR$wx',#6,'OPS_TaskIdentity',$,(#2936));
#2938=IFCRELDEFINESBYPROPERTIES('g3dLHXh$oljNXnTFAxULwx',#6,$,$,(#269),#2937);
#2939=IFCPROPERTYSINGLEVALUE('InternalTaskId',$,IFCTEXT('task-mtx91cgfbst8482'),$);
#2940=IFCPROPERTYSET('BfAZaHGfoxf5zPA$jfI5tl',#6,'OPS_TaskIdentity',$,(#2939));
#2941=IFCRELDEFINESBYPROPERTIES('ohxXmN8PnZIhc3JHfJl3NT',#6,$,$,(#271),#2940);
#2942=IFCPROPERTYSINGLEVALUE('InternalTaskId',$,IFCTEXT('task-mtx91cgmvnnz483'),$);
#2943=IFCPROPERTYSET('WXBVmNGfwF4LkbCHAxoRpH',#6,'OPS_TaskIdentity',$,(#2942));
#2944=IFCRELDEFINESBYPROPERTIES('7Bsv3BOdrtEBGL2F71$JMj',#6,$,$,(#273),#2943);
#2945=IFCPROPERTYSINGLEVALUE('InternalTaskId',$,IFCTEXT('task-mtx91cgtztbi484'),$);
#2946=IFCPROPERTYSET('zJATuDlvitwjcTVXODbFrd',#6,'OPS_TaskIdentity',$,(#2945));
#2947=IFCRELDEFINESBYPROPERTIES('MP8VOb6V7tILIHXXcPmtql',#6,$,$,(#275),#2946);
#2948=IFCPROPERTYSINGLEVALUE('InternalTaskId',$,IFCTEXT('task-mtx91ch06x0a485'),$);
#2949=IFCPROPERTYSET('HtSLtzxn4Fdr4N8$opszxh',#6,'OPS_TaskIdentity',$,(#2948));
#2950=IFCRELDEFINESBYPROPERTIES('gzfbKhDV1rJ76DJnDL7p85',#6,$,$,(#277),#2949);
#2951=IFCPROPERTYSINGLEVALUE('InternalTaskId',$,IFCTEXT('task-mtx91ch7vboa486'),$);
#2952=IFCPROPERTYSET('W1Fpl$NfQJKbBvwHlL1xHh',#6,'OPS_TaskIdentity',$,(#2951));
#2953=IFCRELDEFINESBYPROPERTIES('vhI5kJbX1rb$edc$6pRFJ3',#6,$,$,(#279),#2952);
#2954=IFCPROPERTYSINGLEVALUE('InternalTaskId',$,IFCTEXT('task-mtx91chdbm7h487'),$);
#2955=IFCPROPERTYSET('At_VSnKnEbLl3PYVprZtqT',#6,'OPS_TaskIdentity',$,(#2954));
#2956=IFCRELDEFINESBYPROPERTIES('FhDv3hy$ijqZN5Snt7KJob',#6,$,$,(#281),#2955);
#2957=IFCPROPERTYSINGLEVALUE('InternalTaskId',$,IFCTEXT('task-mtx91chkzoit488'),$);
#2958=IFCPROPERTYSET('CBVhhj6XpPPBe7sHaRFZzh',#6,'OPS_TaskIdentity',$,(#2957));
#2959=IFCRELDEFINESBYPROPERTIES('bXzt2ruPbhxXA5alHBBF7f',#6,$,$,(#283),#2958);
#2960=IFCPROPERTYSINGLEVALUE('InternalTaskId',$,IFCTEXT('task-mtx91chqtawt489'),$);
#2961=IFCPROPERTYSET('zpMPZflPth5Xw1bHEDA3ZN',#6,'OPS_TaskIdentity',$,(#2960));
#2962=IFCRELDEFINESBYPROPERTIES('MvqxMxFvcDOtHZ5l4duF1D',#6,$,$,(#285),#2961);
#2963=IFCPROPERTYSINGLEVALUE('InternalTaskId',$,IFCTEXT('task-mtx91chwmhsz490'),$);
#2964=IFCPROPERTYSET('h7qxAHtfA9nhAR81bVxl9D',#6,'OPS_TaskIdentity',$,(#2963));
#2965=IFCRELDEFINESBYPROPERTIES('kxdLl$XddpYNhzt1q3WdX3',#6,$,$,(#287),#2964);
#2966=IFCPROPERTYSINGLEVALUE('InternalTaskId',$,IFCTEXT('task-mtx91ci2h0is491'),$);
#2967=IFCPROPERTYSET('KR3tcNmNq3QXMfGXoFJvpn',#6,'OPS_TaskIdentity',$,(#2966));
#2968=IFCRELDEFINESBYPROPERTIES('xnP3YbUnoHhHRrEX83PJcl',#6,$,$,(#289),#2967);
#2969=IFCPROPERTYSINGLEVALUE('InternalTaskId',$,IFCTEXT('task-mtx91ci8cl15492'),$);
#2970=IFCPROPERTYSET('iRJvJZHPNbZd8n5li1H3VP',#6,'OPS_TaskIdentity',$,(#2969));
#2971=IFCRELDEFINESBYPROPERTIES('5nfjT5ktXdvhELQlT38$EN',#6,$,$,(#291),#2970);
#2972=IFCPROPERTYSINGLEVALUE('InternalTaskId',$,IFCTEXT('task-mtx91cigbhmp493'),$);
#2973=IFCPROPERTYSET('2HNJJzpVNHzvMhQHR1XDaR',#6,'OPS_TaskIdentity',$,(#2972));
#2974=IFCRELDEFINESBYPROPERTIES('Rxa3MR5XnFizz54HL7i59l',#6,$,$,(#293),#2973);
#2975=IFCPROPERTYSINGLEVALUE('InternalTaskId',$,IFCTEXT('task-mtx91cii0i0b494'),$);
#2976=IFCPROPERTYSET('X3aLRbB1KpWlNR8$zDcDeh',#6,'OPS_TaskIdentity',$,(#2975));
#2977=IFCRELDEFINESBYPROPERTIES('8BIl5rVvq7WHxxmXEllzrZ',#6,$,$,(#295),#2976);
#2978=IFCPROPERTYSINGLEVALUE('InternalTaskId',$,IFCTEXT('task-mtx91cio0v42495'),$);
#2979=IFCPROPERTYSET('X1dhrTmN4HZPSpd$ydWddv',#6,'OPS_TaskIdentity',$,(#2978));
#2980=IFCRELDEFINESBYPROPERTIES('wLcJBdM1IXTtxnDFj9MNAT',#6,$,$,(#297),#2979);
#2981=IFCPROPERTYSINGLEVALUE('InternalTaskId',$,IFCTEXT('task-mtx91ciq48ba496'),$);
#2982=IFCPROPERTYSET('$nR1QJQVRVrFdlxFYLnhch',#6,'OPS_TaskIdentity',$,(#2981));
#2983=IFCRELDEFINESBYPROPERTIES('QbGPfJRVPP4D89mVmlvRZ9',#6,$,$,(#299),#2982);
#2984=IFCPROPERTYSINGLEVALUE('InternalTaskId',$,IFCTEXT('task-mtx91cixcx6z497'),$);
#2985=IFCPROPERTYSET('RVBX4zS1oHrFXbSHBJVpOr',#6,'OPS_TaskIdentity',$,(#2984));
#2986=IFCRELDEFINESBYPROPERTIES('_pEFFB$72tkLIx8$XFpP5H',#6,$,$,(#301),#2985);
#2987=IFCPROPERTYSINGLEVALUE('InternalTaskId',$,IFCTEXT('task-mtx91cj3twc9498'),$);
#2988=IFCPROPERTYSET('KbblH$9NuNBFt94FldqpqT',#6,'OPS_TaskIdentity',$,(#2987));
#2989=IFCRELDEFINESBYPROPERTIES('xFnxwZOP730F71Rls$dx1j',#6,$,$,(#303),#2988);
#2990=IFCPROPERTYSINGLEVALUE('InternalTaskId',$,IFCTEXT('task-mtx91cj9mtfd499'),$);
#2991=IFCPROPERTYSET('bx4Z0nZ$QJ4peXpl$3WPbV',#6,'OPS_TaskIdentity',$,(#2990));
#2992=IFCRELDEFINESBYPROPERTIES('CtMdxhrlZJyDixGXEl1Jg9',#6,$,$,(#305),#2991);
#2993=IFCPROPERTYSINGLEVALUE('InternalTaskId',$,IFCTEXT('task-mtx91cjgpcpp500'),$);
#2994=IFCPROPERTYSET('WXDPfjxVvz0F5FjnxFnLQH',#6,'OPS_TaskIdentity',$,(#2993));
#2995=IFCRELDEFINESBYPROPERTIES('7BoFPNndBzm1CnP1G$BFjz',#6,$,$,(#307),#2994);
#2996=IFCPROPERTYSINGLEVALUE('InternalTaskId',$,IFCTEXT('task-mtx91cjm14cz501'),$);
#2997=IFCPROPERTYSET('ivqptzz$0hb14Nu17RYnNX',#6,'OPS_TaskIdentity',$,(#2996));
#2998=IFCRELDEFINESBYPROPERTIES('JRrVCbxVD5Nxl9e$Hh9zhj',#6,$,$,(#309),#2997);
#2999=IFCPROPERTYSINGLEVALUE('InternalTaskId',$,IFCTEXT('task-mtx91cjtu03s502'),$);
#3000=IFCPROPERTYSET('prtDbx9fevZP4fmV2b1jo9',#6,'OPS_TaskIdentity',$,(#2999));
#3001=IFCRELDEFINESBYPROPERTIES('Q$XzAFxFOFiblZpnrjVpWP',#6,$,$,(#311),#3000);
#3002=IFCPROPERTYSINGLEVALUE('InternalTaskId',$,IFCTEXT('task-mtx91cjzwkgf503'),$);
#3003=IFCPROPERTYSET('Gdwpl19NGz8vI5WXNtMNof',#6,'OPS_TaskIdentity',$,(#3002));
#3004=IFCRELDEFINESBYPROPERTIES('tDvZyT8v2f_91LYF3JEXyh',#6,$,$,(#313),#3003);
#3005=IFCPROPERTYSINGLEVALUE('InternalTaskId',$,IFCTEXT('task-mtx91ck6x1pl504'),$);
#3006=IFCPROPERTYSET('CtMPNjB$4lbV_p91vXJ79J',#6,'OPS_TaskIdentity',$,(#3005));
#3007=IFCRELDEFINESBYPROPERTIES('pLTNi9DXB3GXcTXVK1nZlr',#6,$,$,(#315),#3006);
#3008=IFCPROPERTYSINGLEVALUE('InternalTaskId',$,IFCTEXT('task-mtx91ckc5p2o505'),$);
#3009=IFCPROPERTYSET('xHD7FhhlRLhlXH7$vR_l5h',#6,'OPS_TaskIdentity',$,(#3008));
#3010=IFCRELDEFINESBYPROPERTIES('YZOlNjZHfnHjA5Cnijk$YF',#6,$,$,(#317),#3009);
#3011=IFCPROPERTYSINGLEVALUE('InternalTaskId',$,IFCTEXT('task-mtx91ckjt235506'),$);
#3012=IFCPROPERTYSET('Nva3Qf09V5Vz9taHPHzfs3',#6,'OPS_TaskIdentity',$,(#3011));
#3013=IFCRELDEFINESBYPROPERTIES('G7s7rvo9XxFDCLslC3Gfkr',#6,$,$,(#319),#3012);
#3014=IFCPROPERTYSINGLEVALUE('InternalTaskId',$,IFCTEXT('task-mtx91ckpmmap507'),$);
#3015=IFCPROPERTYSET('3nzt6TGfcpGXE$1VU7GN2X',#6,'OPS_TaskIdentity',$,(#3014));
#3016=IFCRELDEFINESBYPROPERTIES('SZmd9zxnm3mXUfingFnh6V',#6,$,$,(#321),#3015);
#3017=IFCPROPERTYSINGLEVALUE('InternalTaskId',$,IFCTEXT('task-mtx91ckvssog508'),$);
#3018=IFCPROPERTYSET('rfAZGdA1OHGXQ3RFuZb$Et',#6,'OPS_TaskIdentity',$,(#3017));
#3019=IFCRELDEFINESBYPROPERTIES('EhxXifFPZVgnvVP$rj$jcL',#6,$,$,(#323),#3018);
#3020=IFCPROPERTYSINGLEVALUE('InternalTaskId',$,IFCTEXT('task-mtx91cl2pd1e509'),$);
#3021=IFCPROPERTYSET('hZDPH$tf0rXRFjTH0Par4L',#6,'OPS_TaskIdentity',$,(#3020));
#3022=IFCRELDEFINESBYPROPERTIES('4lz9oXEH7tcpmhUFF9QvF1',#6,$,$,(#325),#3021);
#3023=IFCPROPERTYSINGLEVALUE('InternalTaskId',$,IFCTEXT('task-mtx91cl9897y510'),$);
#3024=IFCPROPERTYSET('VTel1PYnIrdj_p7$kzGtSR',#6,'OPS_TaskIdentity',$,(#3023));
#3025=IFCRELDEFINESBYPROPERTIES('uLER8LqVJh$5TNe1KXRnb$',#6,$,$,(#327),#3024);
#3026=IFCPROPERTYSINGLEVALUE('InternalTaskId',$,IFCTEXT('task-mtx91clfcur6511'),$);
#3027=IFCPROPERTYSET('0lXLl1XPtB1xJXXVwjlzJ1',#6,'OPS_TaskIdentity',$,(#3026));
#3028=IFCRELDEFINESBYPROPERTIES('d5KbSJs$GD2tjJP1JtQ7fT',#6,$,$,(#329),#3027);
#3029=IFCPROPERTYSINGLEVALUE('InternalTaskId',$,IFCTEXT('task-mtx91clmjw9j512'),$);
#3030=IFCPROPERTYSET('oPYhPxMPxRx1aDVVeJnT7f',#6,'OPS_TaskIdentity',$,(#3029));
#3031=IFCRELDEFINESBYPROPERTIES('Bp7Zm7Qv0hxXInxlObgNUD',#6,$,$,(#331),#3030);
#3032=IFCPROPERTYSINGLEVALUE('InternalTaskId',$,IFCTEXT('task-mtx91cltov4d513'),$);
#3033=IFCPROPERTYSET('JfuFTRoH3FKb7VlXlBhH1f',#6,'OPS_TaskIdentity',$,(#3032));
#3034=IFCRELDEFINESBYPROPERTIES('ibL$M5XPNRhlbhEncTLlnX',#6,$,$,(#333),#3033);
#3035=IFCPROPERTYSINGLEVALUE('InternalTaskId',$,IFCTEXT('task-mtx91cm061if514'),$);
#3036=IFCPROPERTYSET('exqDNjh$ElJNhzv1NDDdPP',#6,'OPS_TaskIdentity',$,(#3035));
#3037=IFCRELDEFINESBYPROPERTIES('FPI5kjzlPjsZBJLnT$zf2X',#6,$,$,(#335),#3036);
#3038=IFCPROPERTYSINGLEVALUE('InternalTaskId',$,IFCTEXT('task-mtx91cm766tx515'),$);
#3039=IFCPROPERTYSET('wHjP1dcV9L5X_JDlZ$LlrZ',#6,'OPS_TaskIdentity',$,(#3038));
#3040=IFCRELDEFINESBYPROPERTIES('XZWfq5v93lOPOXLFDPCRF$',#6,$,$,(#337),#3039);
#3041=IFCPROPERTYSINGLEVALUE('InternalTaskId',$,IFCTEXT('task-mtx91cmeimra516'),$);
#3042=IFCPROPERTYSET('gZBXyZ8v2fgnjDRHYL15PP',#6,'OPS_TaskIdentity',$,(#3041));
#3043=IFCRELDEFINESBYPROPERTIES('3HtD$7otHjiRjDjnVFjv7b',#6,$,$,(#339),#3042);
#3044=IFCPROPERTYSINGLEVALUE('InternalTaskId',$,IFCTEXT('task-mtx91cmlm7n2517'),$);
#3045=IFCPROPERTYSET('NZh1MxVP$9fT9hknmF5HfT',#6,'OPS_TaskIdentity',$,(#3044));
#3046=IFCRELDEFINESBYPROPERTIES('_nDv$ZOvCzMnB7clF9I$2X',#6,$,$,(#341),#3045);
#3047=IFCPROPERTYSINGLEVALUE('InternalTaskId',$,IFCTEXT('task-mtx91cmr1ssf518'),$);
#3048=IFCPROPERTYSET('zjUhbb5X5n$TL3lVLzNZF5',#6,'OPS_TaskIdentity',$,(#3047));
#3049=IFCRELDEFINESBYPROPERTIES('gPmPR5HvGJsZXH71rNcDOL',#6,$,$,(#343),#3048);
#3050=IFCPROPERTYSINGLEVALUE('InternalTaskId',$,IFCTEXT('task-mtx91cmyl62k519'),$);
#3051=IFCPROPERTYSET('tDHbWVB1ijajUfiHK$1Js7',#6,'OPS_TaskIdentity',$,(#3050));
#3052=IFCRELDEFINESBYPROPERTIES('U$Ph5rPtNb51O7clzD6jsT',#6,$,$,(#345),#3051);
#3053=IFCPROPERTYSINGLEVALUE('InternalTaskId',$,IFCTEXT('task-mtx91cn58j5v520'),$);
#3054=IFCPROPERTYSET('q9_Vur09v9AZvp3nSfQpq3',#6,'OPS_TaskIdentity',$,(#3053));
#3055=IFCRELDEFINESBYPROPERTIES('DLBFXpYf81Mztf0Xv5Eb3d',#6,$,$,(#347),#3054);
#3056=IFCPROPERTYSINGLEVALUE('InternalTaskId',$,IFCTEXT('task-mtx91cncgep5521'),$);
#3057=IFCPROPERTYSET('fPWfyVEl$h$x1VRniVTf6V',#6,'OPS_TaskIdentity',$,(#3056));
#3058=IFCRELDEFINESBYPROPERTIES('GPAZqv79bhzf37_nXJgfIP',#6,$,$,(#349),#3057);
#3059=IFCPROPERTYSINGLEVALUE('InternalTaskId',$,IFCTEXT('task-mtx91cnjgagr522'),$);
#3060=IFCPROPERTYSET('FrNjpjbXHDetzRe$mX$xdP',#6,'OPS_TaskIdentity',$,(#3059));
#3061=IFCRELDEFINESBYPROPERTIES('ezNRqdRX5xnpCnP$OpTN6b',#6,$,$,(#351),#3060);
#3062=IFCPROPERTYSINGLEVALUE('InternalTaskId',$,IFCTEXT('task-mtx91cnqmxzh523'),$);
#3063=IFCPROPERTYSET('h7az6PEHvt6jYzFVpL$xJT',#6,'OPS_TaskIdentity',$,(#3062));
#3064=IFCRELDEFINESBYPROPERTIES('I5nDVfOvGDo7_jxnU7OHRx',#6,$,$,(#353),#3063);
#3065=IFCPROPERTYSINGLEVALUE('InternalTaskId',$,IFCTEXT('task-mtx91cnxp39f524'),$);
#3066=IFCPROPERTYSET('8r69kD79HD0n7XXXI3WPr7',#6,'OPS_TaskIdentity',$,(#3065));
#3067=IFCRELDEFINESBYPROPERTIES('lNmvBvEtLpMnlznX93nhot',#6,$,$,(#355),#3066);
#3068=IFCPROPERTYSINGLEVALUE('InternalTaskId',$,IFCTEXT('task-mtx91co4m0yl525'),$);
#3069=IFCPROPERTYSET('ORuFjZtNEbBFJp5lWfcD8j',#6,'OPS_TaskIdentity',$,(#3068));
#3070=IFCRELDEFINESBYPROPERTIES('FvcNGdYF2f_tfPA1zlPxj3',#6,$,$,(#357),#3069);
#3071=IFCPROPERTYSINGLEVALUE('InternalTaskId',$,IFCTEXT('task-mtx91coal9if526'),$);
#3072=IFCPROPERTYSET('O5iRqPr1aBDdi5O1G$b$A7',#6,'OPS_TaskIdentity',$,(#3071));
#3073=IFCRELDEFINESBYPROPERTIES('ndATyzy10Bt3jJXXw9wdTb',#6,$,$,(#359),#3072);
#3074=IFCPROPERTYSINGLEVALUE('InternalTaskId',$,IFCTEXT('task-mtx91cohuth6527'),$);
#3075=IFCPROPERTYSET('lxHjfFiX$LfTvDbl6jnZPd',#6,'OPS_TaskIdentity',$,(#3074));
#3076=IFCRELDEFINESBYPROPERTIES('8plRebcXB9Yx7pTFkV93Vv',#6,$,$,(#361),#3075);
#3077=IFCPROPERTYSINGLEVALUE('InternalTaskId',$,IFCTEXT('task-mtx91conc49o528'),$);
#3078=IFCPROPERTYSET('mvw9kn4$4nHjg9SHL3lr4P',#6,'OPS_TaskIdentity',$,(#3077));
#3079=IFCRELDEFINESBYPROPERTIES('9JjPTfNNuVIPixGXuBKx79',#6,$,$,(#363),#3078);
#3080=IFCPROPERTYSINGLEVALUE('InternalTaskId',$,IFCTEXT('task-mtx91copwtx3529'),$);
#3081=IFCPROPERTYSET('2j6pXf0tX59brPoXGHP5hN',#6,'OPS_TaskIdentity',$,(#3080));
#3082=IFCRELDEFINESBYPROPERTIES('f7q5IJ3H1N3NZNe1vXz9yr',#6,$,$,(#365),#3081);
#3083=IFCPROPERTYSINGLEVALUE('InternalTaskId',$,IFCTEXT('task-mtx91cow76yf530'),$);
#3084=IFCPROPERTYSET('vrA75nZ$QDePKxmXWfcDeB',#6,'OPS_TaskIdentity',$,(#3083));
#3085=IFCRELDEFINESBYPROPERTIES('ItKRWXh16TcpGR81nfEbLp',#6,$,$,(#367),#3084);
#3086=IFCPROPERTYSINGLEVALUE('InternalTaskId',$,IFCTEXT('task-mtx91cp2swwv531'),$);
#3087=IFCPROPERTYSET('fzlJht4lZDmVklt1ablzLJ',#6,'OPS_TaskIdentity',$,(#3086));
#3088=IFCRELDEFINESBYPROPERTIES('2lvZ4VIHJhlB0Z913lXpeL',#6,$,$,(#369),#3087);
#3089=IFCPROPERTYSINGLEVALUE('InternalTaskId',$,IFCTEXT('task-mtx91cp94ogb532'),$);
#3090=IFCPROPERTYSET('m7MPTtBHPpIPm5ql_tQvPr',#6,'OPS_TaskIdentity',$,(#3089));
#3091=IFCRELDEFINESBYPROPERTIES('9JTf8JDFUjwjgtaF3Fj7rz',#6,$,$,(#371),#3090);
#3092=IFCPROPERTYSINGLEVALUE('InternalTaskId',$,IFCTEXT('task-mtx91cph3vqp533'),$);
#3093=IFCPROPERTYSET('s9s7NlOvenyDSDf1zDMT$D',#6,'OPS_TaskIdentity',$,(#3092));
#3094=IFCRELDEFINESBYPROPERTIES('FhLHpHWttB93lZrlR$H3Vv',#6,$,$,(#373),#3093);
#3095=IFCPROPERTYSINGLEVALUE('InternalTaskId',$,IFCTEXT('task-mtx91cpo33xc534'),$);
#3096=IFCPROPERTYSET('vl5XSjIHXPfxZ9in2tYF3r',#6,'OPS_TaskIdentity',$,(#3095));
#3097=IFCRELDEFINESBYPROPERTIES('WXRl9z5F0LhHdZlXft_l3d',#6,$,$,(#375),#3096);
#3098=IFCPROPERTYSINGLEVALUE('InternalTaskId',$,IFCTEXT('task-mtx91cpv0mwc535'),$);
#3099=IFCPROPERTYSET('ZV5nppP9R1nhcHBnxnNZDp',#6,'OPS_TaskIdentity',$,(#3098));
#3100=IFCRELDEFINESBYPROPERTIES('ypU$cJA$iJizdnHVXjk1w$',#6,$,$,(#377),#3099);
#3101=IFCPROPERTYSINGLEVALUE('InternalTaskId',$,IFCTEXT('task-mtx91cq20mmo536'),$);
#3102=IFCPROPERTYSET('JNuVajEl3lOtxFjFH7Ol7b',#6,'OPS_TaskIdentity',$,(#3101));
#3103=IFCRELDEFINESBYPROPERTIES('iR5FDjh$AhNTtrM1zJA9Kp',#6,$,$,(#379),#3102);
#3104=IFCPROPERTYSINGLEVALUE('InternalTaskId',$,IFCTEXT('task-mtx91cq9nmho537'),$);
#3105=IFCPROPERTYSET('wlTfe3BlZj4pK$LHxryTj3',#6,'OPS_TaskIdentity',$,(#3104));
#3106=IFCRELDEFINESBYPROPERTIES('XTm7bV5XbXR1y9CniVhVGl',#6,$,$,(#381),#3105);
#3107=IFCPROPERTYSINGLEVALUE('InternalTaskId',$,IFCTEXT('task-mtx91cqgvhht538'),$);
#3108=IFCPROPERTYSET('1nrFfnCVBNgFv$3FStoX47',#6,'OPS_TaskIdentity',$,(#3107));
#3109=IFCRELDEFINESBYPROPERTIES('QR0tsH$vgddB8tGXs5Yhgf',#6,$,$,(#383),#3108);
#3110=IFCPROPERTYSINGLEVALUE('InternalTaskId',$,IFCTEXT('task-mtx91cqntwbz539'),$);
#3111=IFCPROPERTYSET('2DoFBPIlTDO9ZBc1UL93dh',#6,'OPS_TaskIdentity',$,(#3110));
#3112=IFCRELDEFINESBYPROPERTIES('fdWNOz5nKtM3FJRnK$NLsT',#6,$,$,(#385),#3111);
#3113=IFCPROPERTYSINGLEVALUE('InternalTaskId',$,IFCTEXT('task-mtx91cqu8giq540'),$);
#3114=IFCPROPERTYSET('ltaLl1XPBN_9D35nsxk5lL',#6,'OPS_TaskIdentity',$,(#3113));
#3115=IFCRELDEFINESBYPROPERTIES('MzNbi9JXLv8vw$5labNL_X',#6,$,$,(#387),#3114);
#3116=IFCPROPERTYSINGLEVALUE('InternalTaskId',$,IFCTEXT('task-mtx91cr3ycjs541'),$);
#3117=IFCPROPERTYSET('PRO1ETP9hvG$SdEX8zPJcF',#6,'OPS_TaskIdentity',$,(#3116));
#3118=IFCRELDEFINESBYPROPERTIES('oPg3Y5sPZjibTLYFdriJ_Z',#6,$,$,(#389),#3117);
#3119=IFCPROPERTYSINGLEVALUE('InternalTaskId',$,IFCTEXT('task-mtx91cr9trlv542'),$);
#3120=IFCPROPERTYSET('1pcNmvQvuNhlpn$XUrhlXP',#6,'OPS_TaskIdentity',$,(#3119));
#3121=IFCRELDEFINESBYPROPERTIES('exyZmdQVFFSrqnHVdlZ9O3',#6,$,$,(#391),#3120);
#3122=IFCPROPERTYSINGLEVALUE('InternalTaskId',$,IFCTEXT('task-mtx91crgveg0543'),$);
#3123=IFCPROPERTYSET('U1vBxH79jfBF99yHJRvRJ1',#6,'OPS_TaskIdentity',$,(#3122));
#3124=IFCRELDEFINESBYPROPERTIES('5h2BHx7tNF$TLZblUvOHXP',#6,$,$,(#393),#3123);
#3125=IFCPROPERTYSINGLEVALUE('InternalTaskId',$,IFCTEXT('task-mtx91crol467544'),$);
#3126=IFCPROPERTYSET('ADHbG7otB3ufnP_Xn5z9KD',#6,'OPS_TaskIdentity',$,(#3125));
#3127=IFCRELDEFINESBYPROPERTIES('ZVBXOT79F3gn9tKlWfUhkP',#6,$,$,(#395),#3126);
#3128=IFCPROPERTYSINGLEVALUE('InternalTaskId',$,IFCTEXT('task-mtx91cru3elf545'),$);
#3129=IFCPROPERTYSET('YXJ7FrNfqZM3Dz3lMBSrG$',#6,'OPS_TaskIdentity',$,(#3128));
#3130=IFCRELDEFINESBYPROPERTIES('xB69IDNNQV6$8nxHSfk5hf',#6,$,$,(#397),#3129);
#3131=IFCPROPERTYSINGLEVALUE('InternalTaskId',$,IFCTEXT('task-mtx91cs13mc9546'),$);
#3132=IFCPROPERTYSET('S$X3o$I9TjKbxFBlDrJvfZ',#6,'OPS_TaskIdentity',$,(#3131));
#3133=IFCRELDEFINESBYPROPERTIES('zJI5QfWtf5dBO7QHJ5j7FX',#6,$,$,(#399),#3132);
#3134=IFCPROPERTYSINGLEVALUE('InternalTaskId',$,IFCTEXT('task-mtx91cs99fms547'),$);
#3135=IFCPROPERTYSET('cxqxIjjnuV29PFv1wpbnpp',#6,'OPS_TaskIdentity',$,(#3134));
#3136=IFCRELDEFINESBYPROPERTIES('DPkxMVzlH$AZ$XjlLv4Ttl',#6,$,$,(#401),#3135);
#3137=IFCPROPERTYSINGLEVALUE('InternalTaskId',$,IFCTEXT('task-mtx91cshpijl548'),$);
#3138=IFCPROPERTYSET('4n1B7PDFwnqxlNqFCFPjcn',#6,'OPS_TaskIdentity',$,(#3137));
#3139=IFCRELDEFINESBYPROPERTIES('T3qxoTtNcXkdGrM$rNgZbX',#6,$,$,(#403),#3138);
#3140=IFCPROPERTYSINGLEVALUE('InternalTaskId',$,IFCTEXT('task-mtx91cspsp7v549'),$);
#3141=IFCPROPERTYSET('S3yBRXh1MvRVkb4lbXTN61',#6,'OPS_TaskIdentity',$,(#3140));
#3142=IFCRELDEFINESBYPROPERTIES('rNMz27v979U59rQ1s$1jo5',#6,$,$,(#405),#3141);
#3143=IFCPROPERTYSINGLEVALUE('InternalTaskId',$,IFCTEXT('task-mtx91csxktud550'),$);
#3144=IFCPROPERTYSET('Ibj7PtrHJrJvsdA1FxZfQL',#6,'OPS_TaskIdentity',$,(#3143));
#3145=IFCRELDEFINESBYPROPERTIES('vFHRmvYNarpPOVbFKDYL_X',#6,$,$,(#407),#3144);
#3146=IFCPROPERTYSINGLEVALUE('InternalTaskId',$,IFCTEXT('task-mtx91ct482kb551'),$);
#3147=IFCPROPERTYSET('bRWfebQXnFaJUNaHRxEbRx',#6,'OPS_TaskIdentity',$,(#3146));
#3148=IFCRELDEFINESBYPROPERTIES('CNQjjTP99rVR3bO$$3eVaR',#6,$,$,(#409),#3147);
#3149=IFCPROPERTYSINGLEVALUE('InternalTaskId',$,IFCTEXT('task-mtx91ctep5if552'),$);
#3150=IFCPROPERTYSET('wBAvb$XdZjyhAxKFsxMZR$',#6,'OPS_TaskIdentity',$,(#3149));
#3151=IFCRELDEFINESBYPROPERTIES('JfunTxwvoRRXAd2XBphVO3',#6,$,$,(#411),#3150);
#3152=IFCPROPERTYSINGLEVALUE('InternalTaskId',$,IFCTEXT('task-mtx91ctoo6yh553'),$);
#3153=IFCPROPERTYSET('zjsTC5fNERJNpHTH0dKjof',#6,'OPS_TaskIdentity',$,(#3152));
#3154=IFCRELDEFINESBYPROPERTIES('MduVCRJFmTSrK1ZFonLVmn',#6,$,$,(#413),#3153);
#3155=IFCPROPERTYSINGLEVALUE('InternalTaskId',$,IFCTEXT('task-mtx91ctxh22e554'),$);
#3156=IFCPROPERTYSET('EhjP5hLlFZkhcnXVuzVRNZ',#6,'OPS_TaskIdentity',$,(#3155));
#3157=IFCRELDEFINESBYPROPERTIES('d1txU5gdvtM3DZv$IzWP1p',#6,$,$,(#415),#3156);
#3158=IFCPROPERTYSINGLEVALUE('InternalTaskId',$,IFCTEXT('task-mtx91cu9gnxq555'),$);
#3159=IFCPROPERTYSET('KRRldbA1ybRX_d2VnR9rOB',#6,'OPS_TaskIdentity',$,(#3158));
#3160=IFCRELDEFINESBYPROPERTIES('xnnxY9Z$oFljohsHm1DdF5',#6,$,$,(#417),#3159);
#3161=IFCPROPERTYSINGLEVALUE('InternalTaskId',$,IFCTEXT('task-mtx91cug8fmr556'),$);
#3162=IFCPROPERTYSET('KbRlrz4$0rFhcnf1rfUL2V',#6,'OPS_TaskIdentity',$,(#3161));
#3163=IFCRELDEFINESBYPROPERTIES('xFnx2BGNqPyDu9e1nbnZZx',#6,$,$,(#419),#3162);
#3164=IFCPROPERTYSINGLEVALUE('InternalTaskId',$,IFCTEXT('task-mtx91cunaw08557'),$);
#3165=IFCPROPERTYSET('bR8VW$1P3narytyHJR$jA3',#6,'OPS_TaskIdentity',$,(#3164));
#3166=IFCRELDEFINESBYPROPERTIES('CNI5MxNN2z0FLtmXepJ7nV',#6,$,$,(#421),#3165);
#3167=IFCPROPERTYSINGLEVALUE('InternalTaskId',$,IFCTEXT('task-mtx91cutdudv558'),$);
#3168=IFCPROPERTYSET('HtCpVNmNOvx$CLslKXr$2z',#6,'OPS_TaskIdentity',$,(#3167));
#3169=IFCRELDEFINESBYPROPERTIES('M31TirFd$LlBClLF9dWPTR',#6,$,$,(#423),#3168);
#3170=IFCPROPERTYSINGLEVALUE('InternalTaskId',$,IFCTEXT('task-mtx91cv3gd6s559'),$);
#3171=IFCPROPERTYSET('ZTO16TW9nlm1evslyrjvVv',#6,'OPS_TaskIdentity',$,(#3170));
#3172=IFCRELDEFINESBYPROPERTIES('ANwpLJg1MvrnZh_FVJgf6x',#6,$,$,(#425),#3171);
#3173=IFCPROPERTYSINGLEVALUE('InternalTaskId',$,IFCTEXT('task-mtx91cva6vnj560'),$);
#3174=IFCPROPERTYSET('Z$ljbXTH3lWlHNilexkxjZ',#6,'OPS_TaskIdentity',$,(#3173));
#3175=IFCRELDEFINESBYPROPERTIES('yJ_rPNPtTDe9b$91tduFFR',#6,$,$,(#427),#3174);
#3176=IFCPROPERTYSINGLEVALUE('InternalTaskId',$,IFCTEXT('task-mtx91cvck7nf561'),$);
#3177=IFCPROPERTYSET('c5ib0HvthpcVQZv$_NkxtH',#6,'OPS_TaskIdentity',$,(#3176));
#3178=IFCRELDEFINESBYPROPERTIES('DdEReRIHnniRdl3HEHFZB7',#6,$,$,(#429),#3177);
#3179=IFCPROPERTYSINGLEVALUE('InternalTaskId',$,IFCTEXT('task-mtx91cvjqiy0562'),$);
#3180=IFCPROPERTYSET('f3V3w7AdpRptzxCnOjvRbb',#6,'OPS_TaskIdentity',$,(#3179));
#3181=IFCRELDEFINESBYPROPERTIES('2HfJxFJXb$lrCBw1ODTfMN',#6,$,$,(#431),#3180);
#3182=IFCPROPERTYSINGLEVALUE('InternalTaskId',$,IFCTEXT('task-mtx91cvrvva3563'),$);
#3183=IFCPROPERTYSET('1p2XKNVvOHuNLTjnXFhVKV',#6,'OPS_TaskIdentity',$,(#3182));
#3184=IFCRELDEFINESBYPROPERTIES('O5SLXfe7ylrFHTLl7$1Jot',#6,$,$,(#433),#3183);
#3185=IFCPROPERTYSINGLEVALUE('InternalTaskId',$,IFCTEXT('task-mtx91cvx7gj9565'),$);
#3186=IFCPROPERTYSET('oLLHHVB1edHJoX5nk15VCZ',#6,'OPS_TaskIdentity',$,(#3185));
#3187=IFCRELDEFINESBYPROPERTIES('P$VzMRr1SrDPSPM1hdWdjZ',#6,$,$,(#435),#3186);
#3188=IFCPROPERTYSINGLEVALUE('InternalTaskId',$,IFCTEXT('task-mtx91cw4i10o566'),$);
#3189=IFCPROPERTYSET('qhTNOZ17wTor0zhFJfMTTR',#6,'OPS_TaskIdentity',$,(#3188));
#3190=IFCRELDEFINESBYPROPERTIES('R11TGvAP$tFLwDjFZZar4r',#6,$,$,(#437),#3189);
#3191=IFCPROPERTYSINGLEVALUE('InternalTaskId',$,IFCTEXT('task-mtx91cwcpnkx567'),$);
#3192=IFCPROPERTYSET('6BY$6Z09t1VRrvcl7RYnvf',#6,'OPS_TaskIdentity',$,(#3191));
#3193=IFCRELDEFINESBYPROPERTIES('jfG7d9z$ePV3jpZFQviJYH',#6,$,$,(#439),#3192);
#3194=IFCPROPERTYSINGLEVALUE('InternalTaskId',$,IFCTEXT('task-mtx91cwib56s568'),$);
#3195=IFCPROPERTYSET('GvIlz7n7Upw1mBYXRXZN2X',#6,'OPS_TaskIdentity',$,(#3194));
#3196=IFCRELDEFINESBYPROPERTIES('tJxXe35FOvD9t9alb5wjUD',#6,$,$,(#441),#3195);
#3197=IFCPROPERTYSINGLEVALUE('InternalTaskId',$,IFCTEXT('task-mtx91cwpy2w8569'),$);
#3198=IFCPROPERTYSET('W1XzIlmNmTibtfWXTVnh21',#6,'OPS_TaskIdentity',$,(#3197));
#3199=IFCRELDEFINESBYPROPERTIES('vh_rh9yHbXR$0z3HoFr$Az',#6,$,$,(#443),#3198);
#3200=IFCPROPERTYSINGLEVALUE('InternalTaskId',$,IFCTEXT('task-mtx91cwvj3gb570'),$);
#3201=IFCPROPERTYSET('wnFxU931aX3N$Xbn0Pyh61',#6,'OPS_TaskIdentity',$,(#3200));
#3202=IFCRELDEFINESBYPROPERTIES('XzShPRM$shXbbX3lw9gNUj',#6,$,$,(#445),#3201);
#3203=IFCPROPERTYSINGLEVALUE('InternalTaskId',$,IFCTEXT('task-mtx91cx3ewcl571'),$);
#3204=IFCPROPERTYSET('i7Kjj3JV$9tzr7QlPByh21',#6,'OPS_TaskIdentity',$,(#3203));
#3205=IFCRELDEFINESBYPROPERTIES('JRh$YfNf0hLHxRKlC381gN',#6,$,$,(#447),#3204);
#3206=IFCPROPERTYSINGLEVALUE('InternalTaskId',$,IFCTEXT('task-mtx91cxaigx3573'),$);
#3207=IFCPROPERTYSET('gZ3t2ha1Q$_RFjTlWN2raf',#6,'OPS_TaskIdentity',$,(#3206));
#3208=IFCRELDEFINESBYPROPERTIES('zl1rBd_nybBF9N0VprxVOT',#6,$,$,(#449),#3207);
#3209=IFCPROPERTYSINGLEVALUE('InternalTaskId',$,IFCTEXT('task-mtx91cxgytlx574'),$);
#3210=IFCPROPERTYSET('9fwpZfHPL7GXE$XXuThln1',#6,'OPS_TaskIdentity',$,(#3209));
#3211=IFCRELDEFINESBYPROPERTIES('mfWN4X2F891xP3LFL39z7b',#6,$,$,(#451),#3210);
#3212=IFCPROPERTYSINGLEVALUE('InternalTaskId',$,IFCTEXT('task-mtx91cxnl3i6575'),$);
#3213=IFCPROPERTYSET('ynvZ8B0t$BJvQHbFCz07X7',#6,'OPS_TaskIdentity',$,(#3212));
#3214=IFCRELDEFINESBYPROPERTIES('T3iJxnbFEnHj6$TFolVDOB',#6,$,$,(#453),#3213);
#3215=IFCPROPERTYSINGLEVALUE('InternalTaskId',$,IFCTEXT('task-mtx91cxuehwq576'),$);
#3216=IFCPROPERTYSET('L7ijj3hlBTSBuf4HPBqbpl',#6,'OPS_TaskIdentity',$,(#3215));
#3217=IFCRELDEFINESBYPROPERTIES('kxX3sBnd9Xb1SvglIzG9yr',#6,$,$,(#455),#3216);
#3218=IFCPROPERTYSINGLEVALUE('InternalTaskId',$,IFCTEXT('task-mtx91cy39ipn577'),$);
#3219=IFCPROPERTYSET('8plRKBX7qTQDyZRlQdGtiV',#6,'OPS_TaskIdentity',$,(#3218));
#3220=IFCRELDEFINESBYPROPERTIES('VVpdl$HvOPfxPZv1cZj7dr',#6,$,$,(#457),#3219);
#3221=IFCPROPERTYSINGLEVALUE('InternalTaskId',$,IFCTEXT('task-mtx91cydf7z6578'),$);
#3222=IFCPROPERTYSET('7L6DH$79p751aPQ$UveXS9',#6,'OPS_TaskIdentity',$,(#3221));
#3223=IFCRELDEFINESBYPROPERTIES('kfe1AFT$sfrFDT71kT4hwx',#6,$,$,(#459),#3222);
#3224=IFCPROPERTYSINGLEVALUE('InternalTaskId',$,IFCTEXT('task-mtx91cyplxmg579'),$);
#3225=IFCPROPERTYSET('rf6DhDo9Hjaj_dg$b17RHn',#6,'OPS_TaskIdentity',$,(#3224));
#3226=IFCRELDEFINESBYPROPERTIES('EhhlDnS1M5vLEBkXUv8$kL',#6,$,$,(#461),#3225);
#3227=IFCPROPERTYSINGLEVALUE('InternalTaskId',$,IFCTEXT('task-mtx91cyw65xr580'),$);
#3228=IFCPROPERTYSET('FP_BnBnPpPFpK$DFPHj7hJ',#6,'OPS_TaskIdentity',$,(#3227));
#3229=IFCRELDEFINESBYPROPERTIES('sJz9IHGfeF4pmxKlCFfT7N',#6,$,$,(#463),#3228);
#3230=IFCPROPERTYSINGLEVALUE('InternalTaskId',$,IFCTEXT('task-mtx91cz6c7u0581'),$);
#3231=IFCPROPERTYSET('Uz4ZOx_N23m1K1RlwN2Be3',#6,'OPS_TaskIdentity',$,(#3230));
#3232=IFCRELDEFINESBYPROPERTIES('tNQJhNmNmJUxPZ$VgriJ6R',#6,$,$,(#465),#3231);
#3233=IFCPROPERTYSINGLEVALUE('InternalTaskId',$,IFCTEXT('task-mtx91czdsjc2582'),$);
#3234=IFCPROPERTYSET('Q54rFh5FipGVMtanRbI1Eb',#6,'OPS_TaskIdentity',$,(#3233));
#3235=IFCRELDEFINESBYPROPERTIES('pd_rL9S$st$xbhwH9PelpH',#6,$,$,(#467),#3234);
#3236=IFCPROPERTYSINGLEVALUE('InternalTaskId',$,IFCTEXT('task-mtx91czleuq1583'),$);
#3237=IFCPROPERTYSET('NTTfapAPPJILYTbHARc7hj',#6,'OPS_TaskIdentity',$,(#3236));
#3238=IFCRELDEFINESBYPROPERTIES('_FxXirVvaXJvkRSHVp_Ba9',#6,$,$,(#469),#3237);
#3239=IFCPROPERTYSINGLEVALUE('InternalTaskId',$,IFCTEXT('task-mtx91czsme8f584'),$);
#3240=IFCPROPERTYSET('DLz9wdoHX57Lcz5noFJvfZ',#6,'OPS_TaskIdentity',$,(#3239));
#3241=IFCRELDEFINESBYPROPERTIES('cVL$QtKXRrHrKV$V837pml',#6,$,$,(#471),#3240);
#3242=IFCPROPERTYSINGLEVALUE('InternalTaskId',$,IFCTEXT('task-mtx91czz478e585'),$);
#3243=IFCPROPERTYSET('zDQNuLS$EHZdajbFODJvrz',#6,'OPS_TaskIdentity',$,(#3242));
#3244=IFCRELDEFINESBYPROPERTIES('gvaLZfPtzZMzjJnV3J2H9j',#6,$,$,(#473),#3243);
#3245=IFCPROPERTYSINGLEVALUE('InternalTaskId',$,IFCTEXT('task-mtx91d06ik1l586'),$);
#3246=IFCPROPERTYSET('sJBn9Vs181M3nD1XI1rnZR',#6,'OPS_TaskIdentity',$,(#3245));
#3247=IFCRELDEFINESBYPROPERTIES('T11TeRcVN51ZdzhFBDztuD',#6,$,$,(#475),#3246);
#3248=IFCPROPERTYSINGLEVALUE('InternalTaskId',$,IFCTEXT('task-mtx91d0dz8zm587'),$);
#3249=IFCPROPERTYSET('tJTfCx9fqdibz5qHI$T98p',#6,'OPS_TaskIdentity',$,(#3248));
#3250=IFCRELDEFINESBYPROPERTIES('UVrVSj_F4bTPmr6$WNEbvb',#6,$,$,(#477),#3249);
#3251=IFCPROPERTYSINGLEVALUE('InternalTaskId',$,IFCTEXT('task-mtx91d0k1atr588'),$);
#3252=IFCPROPERTYSET('wnVLBZ091BpdSd6$yLVRxL',#6,'OPS_TaskIdentity',$,(#3251));
#3253=IFCRELDEFINESBYPROPERTIES('X3ibOZV7O7x$CLoFwfAzBZ',#6,$,$,(#479),#3252);
#3254=IFCPROPERTYSINGLEVALUE('InternalTaskId',$,IFCTEXT('task-mtx91d0rb4st589'),$);
#3255=IFCPROPERTYSET('xhcJfFCn0LxV_plVxBCRf3',#6,'OPS_TaskIdentity',$,(#3254));
#3256=IFCRELDEFINESBYPROPERTIES('KPmdV9SHj9$5ZtqHIVVR9J',#6,$,$,(#481),#3255);
#3257=IFCPROPERTYSINGLEVALUE('InternalTaskId',$,IFCTEXT('task-mtx91d0y5ti3590'),$);
#3258=IFCPROPERTYSET('qNMz2P3lf5vhE171Uh9zJX',#6,'OPS_TaskIdentity',$,(#3257));
#3259=IFCRELDEFINESBYPROPERTIES('DrPzo$_fcV_9xFDFRRI1_3',#6,$,$,(#483),#3258);
#3260=IFCPROPERTYSINGLEVALUE('InternalTaskId',$,IFCTEXT('task-mtx91d15of1i591'),$);
#3261=IFCPROPERTYSET('K7KRSJElhpQVAvQH9T5V09',#6,'OPS_TaskIdentity',$,(#3260));
#3262=IFCRELDEFINESBYPROPERTIES('jbJ7rdwXHpOdmLglYv07nX',#6,$,$,(#485),#3261);
#3263=IFCPROPERTYSINGLEVALUE('InternalTaskId',$,IFCTEXT('task-mtx91d1c5m52592'),$);
#3264=IFCPROPERTYSET('$FJdRx$dFTATVlN1_5Tfwb',#6,'OPS_TaskIdentity',$,(#3263));
#3265=IFCRELDEFINESBYPROPERTIES('cRuFxnhl3lm1av6HbbgNch',#6,$,$,(#487),#3264);
#3266=IFCPROPERTYSINGLEVALUE('InternalTaskId',$,IFCTEXT('task-mtx91d1jfpm9593'),$);
#3267=IFCPROPERTYSET('cRuXuBOvufj76X1XuL0v$f',#6,'OPS_TaskIdentity',$,(#3266));
#3268=IFCRELDEFINESBYPROPERTIES('D7Ilj$MP7tkLIl1XS9gN_$',#6,$,$,(#489),#3267);
#3269=IFCPROPERTYSINGLEVALUE('InternalTaskId',$,IFCTEXT('task-mtx91d1qeios594'),$);
#3270=IFCPROPERTYSET('UXxnZ52fkr939f81LP8n$p',#6,'OPS_TaskIdentity',$,(#3269));
#3271=IFCRELDEFINESBYPROPERTIES('xrY1_dh1_No7wXHXh3$xN1',#6,$,$,(#491),#3270);
#3272=IFCPROPERTYSINGLEVALUE('InternalTaskId',$,IFCTEXT('task-mtx91d1w60ct595'),$);
#3273=IFCPROPERTYSET('cxSzwPElvtIL6DznCH3NIB',#6,'OPS_TaskIdentity',$,(#3272));
#3274=IFCRELDEFINESBYPROPERTIES('DPMzkDd9b$93xn3nmnjv7b',#6,$,$,(#493),#3273);
#3275=IFCPROPERTYSINGLEVALUE('InternalTaskId',$,IFCTEXT('task-mtx91d23er22596'),$);
#3276=IFCPROPERTYSET('YzaLxLT$6l0nNdA$D7OXqH',#6,'OPS_TaskIdentity',$,(#3275));
#3277=IFCRELDEFINESBYPROPERTIES('9Nk5MRh12f6$GBQ$k3OHR5',#6,$,$,(#495),#3276);
#3278=IFCPROPERTYSINGLEVALUE('InternalTaskId',$,IFCTEXT('task-mtx91d2b6d2l597'),$);
#3279=IFCPROPERTYSET('LvKb4ZuPLDQX6DDnZXPJof',#6,'OPS_TaskIdentity',$,(#3278));
#3280=IFCRELDEFINESBYPROPERTIES('kxvBzBGfoFvhkFblkVfZhf',#6,$,$,(#497),#3279);
#3281=IFCPROPERTYSINGLEVALUE('InternalTaskId',$,IFCTEXT('task-mtx91d2ipwwj598'),$);
#3282=IFCPROPERTYSET('zJULBZOP5HbVQFf$RVjvdB',#6,'OPS_TaskIdentity',$,(#3281));
#3283=IFCRELDEFINESBYPROPERTIES('MPmPr3Kn2fw1avcHFtcvDH',#6,$,$,(#499),#3282);
#3284=IFCPROPERTYSINGLEVALUE('InternalTaskId',$,IFCTEXT('task-mtx91d2pah2j599'),$);
#3285=IFCPROPERTYSET('kN096ds1WbJfVHN1oJMf61',#6,'OPS_TaskIdentity',$,(#3284));
#3286=IFCRELDEFINESBYPROPERTIES('LzdL9Z9fQpm$aJhFjNYLwV',#6,$,$,(#501),#3285);
#3287=IFCPROPERTYSINGLEVALUE('InternalTaskId',$,IFCTEXT('task-mtx91d2yskn9600'),$);
#3288=IFCPROPERTYSET('6HjdP5o9RBXbVbClYvWPJ3',#6,'OPS_TaskIdentity',$,(#3287));
#3289=IFCRELDEFINESBYPROPERTIES('VZWfi9RnwTkhkxe$KDobXP',#6,$,$,(#503),#3288);
#3290=IFCPROPERTYSINGLEVALUE('InternalTaskId',$,IFCTEXT('task-mtx91d386wwb601'),$);
#3291=IFCPROPERTYSET('W$vrtVA1qT2Rxl$X8zt31f',#6,'OPS_TaskIdentity',$,(#3290));
#3292=IFCRELDEFINESBYPROPERTIES('7h6pVtS1QX29713nKJoVyB',#6,$,$,(#505),#3291);
#3293=IFCPROPERTYSINGLEVALUE('InternalTaskId',$,IFCTEXT('task-mtx91d3htu1b602'),$);
#3294=IFCPROPERTYSET('Bjzt_LKnAh7pGRe$BpDdxH',#6,'OPS_TaskIdentity',$,(#3293));
#3295=IFCRELDEFINESBYPROPERTIES('aXJ7jZ$7stlBiR4FFfobvb',#6,$,$,(#507),#3294);
#3296=IFCPROPERTYSINGLEVALUE('InternalTaskId',$,IFCTEXT('task-mtx91d3ppb11603'),$);
#3297=IFCPROPERTYSET('a$95M1fNolzv2d6$e5wjIh',#6,'OPS_TaskIdentity',$,(#3296));
#3298=IFCRELDEFINESBYPROPERTIES('zjwD3PL1ERBnh9O$qH5V85',#6,$,$,(#509),#3297);
#3299=IFCPROPERTYSINGLEVALUE('InternalTaskId',$,IFCTEXT('task-mtx91d3x8k2f604'),$);
#3300=IFCPROPERTYSET('ez$TaH8P$hFhcnt1BJvbhJ',#6,'OPS_TaskIdentity',$,(#3299));
#3301=IFCRELDEFINESBYPROPERTIES('1FLldxUfOvhlth_nf9AtKj',#6,$,$,(#511),#3300);
#3302=IFCPROPERTYSINGLEVALUE('InternalTaskId',$,IFCTEXT('task-mtx91d469e6p605'),$);
#3303=IFCPROPERTYSET('Dh3t_PbX1Bhl3dEXGVfT9l',#6,'OPS_TaskIdentity',$,(#3302));
#3304=IFCRELDEFINESBYPROPERTIES('cVh127XdZp0F5FhlffwjsT',#6,$,$,(#513),#3303);
#3305=IFCPROPERTYSINGLEVALUE('InternalTaskId',$,IFCTEXT('task-mtx91d4dk0w3606'),$);
#3306=IFCPROPERTYSET('xHD7VJoHNFFpCnXVy7KxbV',#6,'OPS_TaskIdentity',$,(#3305));
#3307=IFCRELDEFINESBYPROPERTIES('YZeH7hSlpd1Z3PkVgFnLUF',#6,$,$,(#515),#3306);
#3308=IFCPROPERTYSINGLEVALUE('InternalTaskId',$,IFCTEXT('task-mtx91d4l17r9607'),$);
#3309=IFCPROPERTYSET('odULDFa1krtz9t4HXHfhkL',#6,'OPS_TaskIdentity',$,(#3308));
#3310=IFCRELDEFINESBYPROPERTIES('BDvTaHudVxlJklnV1$5XSf',#6,$,$,(#517),#3309);
#3311=IFCPROPERTYSINGLEVALUE('InternalTaskId',$,IFCTEXT('task-mtx91d4tcer5608'),$);
#3312=IFCPROPERTYSET('JtSh5r1vobZdGRu16tstSN',#6,'OPS_TaskIdentity',$,(#3311));
#3313=IFCRELDEFINESBYPROPERTIES('K5HjdthltXJ7InjFDrBF5n',#6,$,$,(#519),#3312);
#3314=IFCPROPERTYSINGLEVALUE('InternalTaskId',$,IFCTEXT('task-mtx91d51a0s1609'),$);
#3315=IFCPROPERTYSET('GvIHhp_N6zkPe7EFUda3bx',#6,'OPS_TaskIdentity',$,(#3314));
#3316=IFCRELDEFINESBYPROPERTIES('tJ5VmtiXXRbXoVBnJRdxb$',#6,$,$,(#521),#3315);
#3317=IFCPROPERTYSINGLEVALUE('InternalTaskId',$,IFCTEXT('task-mtx91d58miac610'),$);
#3318=IFCPROPERTYSET('EBfjDpP9vzuNP3ZHWfoRHl',#6,'OPS_TaskIdentity',$,(#3317));
#3319=IFCRELDEFINESBYPROPERTIES('dXZfaJM1QD8vg9insbwd9l',#6,$,$,(#523),#3318);
#3320=IFCPROPERTYSINGLEVALUE('InternalTaskId',$,IFCTEXT('task-mtx91d5f5etu611'),$);
#3321=IFCPROPERTYSET('kx7BZxUNKD0FzRGVC3unjZ',#6,'OPS_TaskIdentity',$,(#3320));
#3322=IFCRELDEFINESBYPROPERTIES('7lrFzBedvZyDWj71nfI5Tx',#6,$,$,(#525),#3321);
#3323=IFCPROPERTYSINGLEVALUE('InternalTaskId',$,IFCTEXT('task-mtx91d5mllga612'),$);
#3324=IFCPROPERTYSET('1D2X0lndD7hlJXN$29c7vx',#6,'OPS_TaskIdentity',$,(#3323));
#3325=IFCRELDEFINESBYPROPERTIES('exah5rHdPD_tXx8$75UhQn',#6,$,$,(#527),#3324);
#3326=IFCPROPERTYSINGLEVALUE('InternalTaskId',$,IFCTEXT('task-mtx91d5u0glm613'),$);
#3327=IFCPROPERTYSET('6r69IFKnwToBK5WX5LGN_1',#6,'OPS_TaskIdentity',$,(#3326));
#3328=IFCRELDEFINESBYPROPERTIES('JNe1cDAdN5FpaPc$ULlBWv',#6,$,$,(#529),#3327);
#3329=IFCPROPERTYSINGLEVALUE('InternalTaskId',$,IFCTEXT('task-mtx91d64wrt0615'),$);
#3330=IFCPROPERTYSET('$JAZKfV7qdarK$zFexUhQL',#6,'OPS_TaskIdentity',$,(#3329));
#3331=IFCRELDEFINESBYPROPERTIES('ORGdFHV7GZKRZrg1BfQpeB',#6,$,$,(#531),#3330);
#3332=IFCPROPERTYSINGLEVALUE('InternalTaskId',$,IFCTEXT('task-mtx91d6culro616'),$);
#3333=IFCPROPERTYSET('qtgdr3KFon7hQZVVORUnf1',#6,'OPS_TaskIdentity',$,(#3332));
#3334=IFCRELDEFINESBYPROPERTIES('pLTfmPUFABJ7Y9e$tvCDCz',#6,$,$,(#533),#3333);
#3335=IFCPROPERTYSINGLEVALUE('InternalTaskId',$,IFCTEXT('task-mtx91d6j47h6617'),$);
#3336=IFCPROPERTYSET('H9ijxnbn6ZgzTroXGHXDaf',#6,'OPS_TaskIdentity',$,(#3335));
#3337=IFCRELDEFINESBYPROPERTIES('g3Vz_dbXFzw$Sdg$TTixF5',#6,$,$,(#535),#3336);
#3338=IFCPROPERTYSINGLEVALUE('InternalTaskId',$,IFCTEXT('task-mtx91d6r8ch7618'),$);
#3339=IFCPROPERTYSET('1nztsHldv3O9jjFV1$pP1J',#6,'OPS_TaskIdentity',$,(#3338));
#3340=IFCRELDEFINESBYPROPERTIES('QR8XW$1Pnz2tRXzHI$ZtiV',#6,$,$,(#537),#3339);
#3341=IFCPROPERTYSINGLEVALUE('InternalTaskId',$,IFCTEXT('task-mtx91d6zzlpr619'),$);
#3342=IFCPROPERTYSET('W$$TuhiX3l8NRrEVuZb1gj',#6,'OPS_TaskIdentity',$,(#3341));
#3343=IFCRELDEFINESBYPROPERTIES('vLUL5BnP$L9z$LEn2NcDWP',#6,$,$,(#539),#3342);
#3344=IFCPROPERTYSINGLEVALUE('InternalTaskId',$,IFCTEXT('task-mtx91d77e8pp620'),$);
#3345=IFCPROPERTYSET('RxiJRXZHLJIhwppnVj6d1j',#6,'OPS_TaskIdentity',$,(#3344));
#3346=IFCRELDEFINESBYPROPERTIES('qtcNWXh1c1gzHTLHRbstab',#6,$,$,(#541),#3345);
#3347=IFCPROPERTYSINGLEVALUE('InternalTaskId',$,IFCTEXT('task-mtx91d7e7qyi621'),$);
#3348=IFCPROPERTYSET('fd8VCxH7WRptTrc1grSriJ',#6,'OPS_TaskIdentity',$,(#3347));
#3349=IFCRELDEFINESBYPROPERTIES('GdUhJ1sPN5HJkF3n4BR1Un',#6,$,$,(#543),#3348);
#3350=IFCPROPERTYSINGLEVALUE('InternalTaskId',$,IFCTEXT('task-mtx91d7muzfk622'),$);
#3351=IFCPROPERTYSET('GvQNSjQX5FnpWJ71HdaB4P',#6,'OPS_TaskIdentity',$,(#3350));
#3352=IFCRELDEFINESBYPROPERTIES('tJD75HP99hT9JJf$sXRndd',#6,$,$,(#545),#3351);
#3353=IFCPROPERTYSINGLEVALUE('InternalTaskId',$,IFCTEXT('task-mtx91d7tt28u623'),$);
#3354=IFCPROPERTYSET('7hYLFnxFq7e9vXnXl78nrd',#6,'OPS_TaskIdentity',$,(#3353));
#3355=IFCRELDEFINESBYPROPERTIES('kNWNaHedjrhlDHRn4P8$YF',#6,$,$,(#547),#3354);
#3356=IFCPROPERTYSINGLEVALUE('InternalTaskId',$,IFCTEXT('task-mtx91d80zg7f624'),$);
#3357=IFCPROPERTYSET('2p_V0l17s97puFjnb1l3j$',#6,'OPS_TaskIdentity',$,(#3356));
#3358=IFCRELDEFINESBYPROPERTIES('NdGPDHOvKtcpqnHXBjVDSx',#6,$,$,(#549),#3357);
#3359=IFCPROPERTYSINGLEVALUE('InternalTaskId',$,IFCTEXT('task-mtx91d88t4ff625'),$);
#3360=IFCPROPERTYSET('J9KbajwXDvJNthIFGV15nb',#6,'OPS_TaskIdentity',$,(#3359));
#3361=IFCRELDEFINESBYPROPERTIES('i5V3_L4$4xV3ZLQHdrqDyd',#6,$,$,(#551),#3360);
#3362=IFCPROPERTYSINGLEVALUE('InternalTaskId',$,IFCTEXT('task-mtx91d8gl70g626'),$);
#3363=IFCPROPERTYSET('zHFxAhBlp57h6DJnlPaz9J',#6,'OPS_TaskIdentity',$,(#3362));
#3364=IFCRELDEFINESBYPROPERTIES('a34Zy3qniNAHF7glYhfZ3r',#6,$,$,(#553),#3363);
#3365=IFCPROPERTYSINGLEVALUE('InternalTaskId',$,IFCTEXT('task-mtx91d8nn619627'),$);
#3366=IFCPROPERTYSET('H5lJjzDVT$gzxFJnB9EVij',#6,'OPS_TaskIdentity',$,(#3365));
#3367=IFCRELDEFINESBYPROPERTIES('uDHbKLhlv9g31rM$tZ3N6X',#6,$,$,(#555),#3366);
#3368=IFCPROPERTYSINGLEVALUE('InternalTaskId',$,IFCTEXT('task-mtx91d8uydpg628'),$);
#3369=IFCPROPERTYSET('tfcjxl9fw3_9dnXVKDkxtF',#6,'OPS_TaskIdentity',$,(#3368));
#3370=IFCRELDEFINESBYPROPERTIES('Gf09oVIlbX5XorM$h7qbtp',#6,$,$,(#557),#3369);
#3371=IFCPROPERTYSINGLEVALUE('InternalTaskId',$,IFCTEXT('task-mtx91d91ihnb629'),$);
#3372=IFCPROPERTYSET('ibz9gbB1aBR$CnN1ZT4LAd',#6,'OPS_TaskIdentity',$,(#3371));
#3373=IFCRELDEFINESBYPROPERTIES('xnd3InS1krFLoLEFoHHztD',#6,$,$,(#559),#3372);
#3374=IFCPROPERTYSINGLEVALUE('InternalTaskId',$,IFCTEXT('task-mtx91d98k0ng630'),$);
#3375=IFCPROPERTYSET('GvQfCbL1Yjwjwppnlr5XqT',#6,'OPS_TaskIdentity',$,(#3374));
#3376=IFCRELDEFINESBYPROPERTIES('tJDvBPM1oxFD4tSl9deXG$',#6,$,$,(#561),#3375);
#3377=IFCPROPERTYSINGLEVALUE('InternalTaskId',$,IFCTEXT('task-mtx91eepyyhi1087'),$);
#3378=IFCPROPERTYSET('HtyrppNNQDm$43$XWfYLo5',#6,'OPS_TaskIdentity',$,(#3377));
#3379=IFCRELDEFINESBYPROPERTIES('Ox4rVpktD57hI58$dBar0t',#6,$,$,(#563),#3378);
#3380=IFCPROPERTYSINGLEVALUE('ConstraintType',$,IFCLABEL('MSO'),$);
#3381=IFCPROPERTYSINGLEVALUE('ConstraintDate',$,IFCDATE('2027-03-11'),$);
#3382=IFCPROPERTYSINGLEVALUE('Hard',$,IFCBOOLEAN(.T.),$);
#3383=IFCPROPERTYSET('tJjPhpMd$Bzf376lDPS31N',#6,'OPS_Constraints',$,(#3380,#3381,#3382));
#3384=IFCRELDEFINESBYPROPERTIES('UXbHBZO7Wx$TLzf$QvCp4P',#6,$,$,(#53),#3383);
#3385=IFCPROPERTYSINGLEVALUE('ConstraintType2',$,IFCLABEL('SNLT'),$);
#3386=IFCPROPERTYSINGLEVALUE('ConstraintDate2',$,IFCDATE('2028-04-24'),$);
#3387=IFCPROPERTYSET('aZ8nZbA10rFhgNGXgLWdJ3',#6,'OPS_Constraints',$,(#3385,#3386));
#3388=IFCRELDEFINESBYPROPERTIES('rtcN0n31iDO9vX1VGFhXKV',#6,$,$,(#387),#3387);
#3389=IFCPROPERTYSINGLEVALUE('Deadline',$,IFCDATE('2029-04-23'),$);
#3390=IFCPROPERTYSET('_H9DtT17oFV3Xxe1ZX15rP',#6,'OPS_Constraints',$,(#3389));
#3391=IFCRELDEFINESBYPROPERTIES('b54ZqvffcpWHbrA$XpER5L',#6,$,$,(#557),#3390);
#3392=IFCPROPERTYSINGLEVALUE('Links',$,IFCTEXT('[{"direction":"predecessor","relType":"FS","lagDays":0,"anchorDate":"2027-04-06","sourceRef":{"projectId":"proj-mtx91at2c4f93","projectName":"Site Works Subcontractor","taskId":"task-mtx91atpx0gh11","taskName":"Site ready for main contractor paving","filePath":"examples/showcase-groot-terrein-onderaannemer.ifc"},"sourceMissing":true,"id":"extlink-mtx91d5wg0rl614"}]'),$);
#3393=IFCPROPERTYSET('SXz9QD2fUDE7MtyFNDxHLD',#6,'OPS_ExternalLink',$,(#3392));
#3394=IFCRELDEFINESBYPROPERTIES('hz9xgXh1YvWHDHpHjfERdh',#6,$,$,(#529),#3393);
#3395=IFCPROPERTYSINGLEVALUE('IsHammock',$,IFCBOOLEAN(.T.),$);
#3396=IFCPROPERTYSET('Bjb$6ds1q3gFtfmXuTZ9CF',#6,'OPS_Hammock',$,(#3395));
#3397=IFCRELDEFINESBYPROPERTIES('aXxFBPoH1hnhUThHBjvbfZ',#6,$,$,(#293),#3396);
#3398=IFCPROPERTYSINGLEVALUE('MilestoneKind',$,IFCLABEL('START'),$);
#3399=IFCPROPERTYSET('HRZNSna1296jIRilCZiJI7',#6,'OPS_Milestone',$,(#3398));
#3400=IFCRELDEFINESBYPROPERTIES('sfYL$d6X91NTnPIVYdSBOZ',#6,$,$,(#45),#3399);
#3401=IFCPROPERTYSINGLEVALUE('MilestoneKind',$,IFCLABEL('FINISH'),$);
#3402=IFCPROPERTYSINGLEVALUE('Mandatory',$,IFCBOOLEAN(.T.),$);
#3403=IFCPROPERTYSET('U$7rTRIHv3uf3v2nb5sztj',#6,'OPS_Milestone',$,(#3401,#3402));
#3404=IFCRELDEFINESBYPROPERTIES('f3dhxrVvC3Ided_VzlNLkL',#6,$,$,(#63),#3403);
#3405=IFCPROPERTYSINGLEVALUE('MilestoneKind',$,IFCLABEL('FINISH'),$);
#3406=IFCPROPERTYSINGLEVALUE('Mandatory',$,IFCBOOLEAN(.T.),$);
#3407=IFCPROPERTYSET('EBvT43S1ArBFTLwlNt2lPr',#6,'OPS_Milestone',$,(#3405,#3406));
#3408=IFCRELDEFINESBYPROPERTIES('hdGP1dA1iJ4L61xle5wjo5',#6,$,$,(#113),#3407);
#3409=IFCPROPERTYSINGLEVALUE('MilestoneKind',$,IFCLABEL('FINISH'),$);
#3410=IFCPROPERTYSET('_lPzwvAP19Xbjp3FuhOH1N',#6,'OPS_Milestone',$,(#3409));
#3411=IFCRELDEFINESBYPROPERTIES('9JjPxBNNWb51OXBFhvKjMj',#6,$,$,(#175),#3410);
#3412=IFCPROPERTYSINGLEVALUE('MilestoneKind',$,IFCLABEL('FINISH'),$);
#3413=IFCPROPERTYSET('MdO16TW9LdSjEBoVuT5VG$',#6,'OPS_Milestone',$,(#3412));
#3414=IFCRELDEFINESBYPROPERTIES('ZzSL5hJVXvptFjhFvXTNUp',#6,$,$,(#233),#3413);
#3415=IFCPROPERTYSINGLEVALUE('MilestoneKind',$,IFCLABEL('FINISH'),$);
#3416=IFCPROPERTYSET('bRO$ABNNKt2RFplXPH3NcB',#6,'OPS_Milestone',$,(#3415));
#3417=IFCRELDEFINESBYPROPERTIES('Y17rzhqFW57hQFf1tTZtip',#6,$,$,(#291),#3416);
#3418=IFCPROPERTYSINGLEVALUE('MilestoneKind',$,IFCLABEL('FINISH'),$);
#3419=IFCPROPERTYSINGLEVALUE('Mandatory',$,IFCBOOLEAN(.T.),$);
#3420=IFCPROPERTYSET('8j3t2dTlvNcVghslSxLXyd',#6,'OPS_Milestone',$,(#3418,#3419));
#3421=IFCRELDEFINESBYPROPERTIES('nBvTKr79ZVslzdEXCHzfoR',#6,$,$,(#389),#3420);
#3422=IFCPROPERTYSINGLEVALUE('MilestoneKind',$,IFCLABEL('FINISH'),$);
#3423=IFCPROPERTYSINGLEVALUE('Mandatory',$,IFCBOOLEAN(.T.),$);
#3424=IFCPROPERTYSET('TTmv5npVD7zvMtSH1T4Ttl',#6,'OPS_Milestone',$,(#3422,#3423));
#3425=IFCRELDEFINESBYPROPERTIES('S17B9$AdLPSJ2plXzl7RDF',#6,$,$,(#407),#3424);
#3426=IFCPROPERTYSINGLEVALUE('MilestoneKind',$,IFCLABEL('FINISH'),$);
#3427=IFCPROPERTYSINGLEVALUE('Mandatory',$,IFCBOOLEAN(.T.),$);
#3428=IFCPROPERTYSET('ChztIjr1aXb$4fe$axr1gJ',#6,'OPS_Milestone',$,(#3426,#3427));
#3429=IFCRELDEFINESBYPROPERTIES('Jtaz6zSlznyp43P15LWdFR',#6,$,$,(#425),#3428);
#3430=IFCPROPERTYSINGLEVALUE('MilestoneKind',$,IFCLABEL('FINISH'),$);
#3431=IFCPROPERTYSINGLEVALUE('Mandatory',$,IFCBOOLEAN(.T.),$);
#3432=IFCPROPERTYSET('2lvZ8rePDRJNPTd$GHNhEx',#6,'OPS_Milestone',$,(#3430,#3431));
#3433=IFCRELDEFINESBYPROPERTIES('tjpvNledxn7hMLoF6j1jYD',#6,$,$,(#519),#3432);
#3434=IFCPROPERTYSINGLEVALUE('MilestoneKind',$,IFCLABEL('START'),$);
#3435=IFCPROPERTYSET('3DAvXjcVth5Xsb0XRVLXip',#6,'OPS_Milestone',$,(#3434));
#3436=IFCRELDEFINESBYPROPERTIES('yHrFJZdtzzQXoB_XtP0719',#6,$,$,(#523),#3435);
#3437=IFCPROPERTYSINGLEVALUE('MilestoneKind',$,IFCLABEL('FINISH'),$);
#3438=IFCPROPERTYSINGLEVALUE('Mandatory',$,IFCBOOLEAN(.T.),$);
#3439=IFCPROPERTYSET('AD1rFBXvqZorSPUXrNgTrd',#6,'OPS_Milestone',$,(#3437,#3438));
#3440=IFCRELDEFINESBYPROPERTIES('lf8FxnhHddC5x581opEbnV',#6,$,$,(#541),#3439);
#3441=IFCPROPERTYSINGLEVALUE('MilestoneKind',$,IFCLABEL('FINISH'),$);
#3442=IFCPROPERTYSINGLEVALUE('Mandatory',$,IFCBOOLEAN(.T.),$);
#3443=IFCPROPERTYSET('VzqxAhz$On4DqFt1rDxl9J',#6,'OPS_Milestone',$,(#3441,#3442));
#3444=IFCRELDEFINESBYPROPERTIES('cXztEzpVPdKbVRily7yZTb',#6,$,$,(#545),#3443);
#3445=IFCPROPERTYSINGLEVALUE('MilestoneKind',$,IFCLABEL('FINISH'),$);
#3446=IFCPROPERTYSINGLEVALUE('Mandatory',$,IFCBOOLEAN(.T.),$);
#3447=IFCPROPERTYSET('e3vrpJbV9VLlVnDnlBT9yL',#6,'OPS_Milestone',$,(#3445,#3446));
#3448=IFCRELDEFINESBYPROPERTIES('H5nD5hT129QDKXFXF9k1AP',#6,$,$,(#547),#3447);
#3449=IFCPROPERTYSINGLEVALUE('MilestoneKind',$,IFCLABEL('FINISH'),$);
#3450=IFCPROPERTYSINGLEVALUE('Mandatory',$,IFCBOOLEAN(.T.),$);
#3451=IFCPROPERTYSET('JbTfGtalpPX3NvcH1VHBOz',#6,'OPS_Milestone',$,(#3449,#3450));
#3452=IFCRELDEFINESBYPROPERTIES('qfYLb5$P1LlrG5CHYPazjX',#6,$,$,(#549),#3451);
#3453=IFCPROPERTYSINGLEVALUE('MilestoneKind',$,IFCLABEL('FINISH'),$);
#3454=IFCPROPERTYSINGLEVALUE('Mandatory',$,IFCBOOLEAN(.T.),$);
#3455=IFCPROPERTYSET('Q$dLplGNutdjEhYFv56jUD',#6,'OPS_Milestone',$,(#3453,#3454));
#3456=IFCRELDEFINESBYPROPERTIES('JxvrPN9Nob5$i1hl5rCb1t',#6,$,$,(#557),#3455);
#3457=IFCPROPERTYSINGLEVALUE('MilestoneKind',$,IFCLABEL('START'),$);
#3458=IFCPROPERTYSET('RbelVfu7_38fPT71cvijsz',#6,'OPS_Milestone',$,(#3457));
#3459=IFCRELDEFINESBYPROPERTIES('U19xg5vtljKbdHBnBt_HRx',#6,$,$,(#559),#3458);
#3460=IFCPROPERTYSINGLEVALUE('Notes',$,IFCTEXT('[{"id":"note-mtx91cvxsvxk564","text":"Check kitchen appliance delivery with the supplier","done":false}]'),$);
#3461=IFCPROPERTYSET('SZ0t6z4HthT9Nv6lp7WPzr',#6,'OPS_TaskNotes',$,(#3460));
#3462=IFCRELDEFINESBYPROPERTIES('rfQjnhhlrzetV5u1PrSrCH',#6,$,$,(#435),#3461);
#3463=IFCPROPERTYSINGLEVALUE('Notes',$,IFCTEXT('[{"id":"note-mtx91cxau1r6572","text":"Moisture readings taken on walls","done":true}]'),$);
#3464=IFCPROPERTYSET('uLERW$XPJLNTJVHVVps37R',#6,'OPS_TaskNotes',$,(#3463));
#3465=IFCRELDEFINESBYPROPERTIES('lfOHDlmNqdqZHNSnFbnZr7',#6,$,$,(#449),#3464);
#3466=IFCPROPERTYSINGLEVALUE('Baselines',$,IFCTEXT('[{"id":"baseline-mtx91eeku05h1086","name":"Contract","createdAt":"2026-09-11T17:47:43.533Z","tasks":[{"taskId":"task-mtx91bur0d7x369","start":"2027-03-01","finish":"2027-03-01","duration":0,"isMilestone":true,"milestoneKind":"START"},{"taskId":"task-mtx91buve98x371","start":"2027-03-01","finish":"2027-03-03","duration":3,"isMilestone":false},{"taskId":"task-mtx91buzglek372","start":"2027-03-04","finish":"2027-03-17","duration":10,"isMilestone":false},{"taskId":"task-mtx91bv4ap4t373","start":"2027-03-11","finish":"2027-03-15","duration":3,"isMilestone":false},{"taskId":"task-mtx91bv8gwuc374","start":"2027-03-18","finish":"2027-03-23","duration":4,"isMilestone":false},{"taskId":"task-mtx91bvcepr9375","start":"2027-03-24","finish":"2027-03-25","duration":2,"isMilestone":false},{"taskId":"task-mtx91bvhvav2376","start":"2027-03-30","finish":"2027-04-02","duration":4,"isMilestone":false},{"taskId":"task-mtx91bvl4bkm377","start":"2027-04-05","finish":"2027-04-09","duration":5,"isMilestone":false},{"taskId":"task-mtx91bvpr5cc378","start":"2027-04-09","finish":"2027-04-09","duration":0,"isMilestone":true,"milestoneKind":"FINISH"},{"taskId":"task-mtx91bvyswux380","start":"2027-04-12","finish":"2027-04-13","duration":2,"isMilestone":false},{"taskId":"task-mtx91bw245cw381","start":"2027-04-14","finish":"2027-04-21","duration":6,"isMilestone":false},{"taskId":"task-mtx91bw8pd66382","start":"2027-04-22","finish":"2027-04-29","duration":5,"isMilestone":false},{"taskId":"task-mtx91bwd3i9n383","start":"2027-04-30","finish":"2027-05-07","duration":4,"isMilestone":false},{"taskId":"task-mtx91bwj1p5a384","start":"2027-05-10","finish":"2027-05-12","duration":3,"isMilestone":false},{"taskId":"task-mtx91bwohvfn385","start":"2027-05-13T07:00","finish":"2027-05-20T15:00","duration":5,"isMilestone":false},{"taskId":"task-mtx91bwute2d386","start":"2027-05-21T07:00","finish":"2027-05-27T15:00","duration":5,"isMilestone":false},{"taskId":"task-mtx91bwzt2s3387","start":"2027-05-28T07:00","finish":"2027-06-03T15:00","duration":5,"isMilestone":false},{"taskId":"task-mtx91bx5blkv388","start":"2027-06-04T07:00","finish":"2027-06-10T15:00","duration":5,"isMilestone":false},{"taskId":"task-mtx91bxagven389","start":"2027-05-10","finish":"2027-05-12","duration":3,"isMilestone":false},{"taskId":"task-mtx91bxidznf390","start":"2027-05-13T07:00","finish":"2027-05-20T15:00","duration":5,"isMilestone":false},{"taskId":"task-mtx91bxr7xpc391","start":"2027-05-21T07:00","finish":"2027-05-27T15:00","duration":5,"isMilestone":false},{"taskId":"task-mtx91by1jza6392","start":"2027-05-28T07:00","finish":"2027-06-03T15:00","duration":5,"isMilestone":false},{"taskId":"task-mtx91bybq58k393","start":"2027-06-04T07:00","finish":"2027-06-10T15:00","duration":5,"isMilestone":false},{"taskId":"task-mtx91byk0v5o394","start":"2027-05-10","finish":"2027-05-12","duration":3,"isMilestone":false},{"taskId":"task-mtx91byucccr395","start":"2027-05-13T07:00","finish":"2027-05-20T15:00","duration":5,"isMilestone":false},{"taskId":"task-mtx91bz4fzo1396","start":"2027-05-21T07:00","finish":"2027-05-27T15:00","duration":5,"isMilestone":false},{"taskId":"task-mtx91bzenrej397","start":"2027-05-28T07:00","finish":"2027-06-03T15:00","duration":5,"isMilestone":false},{"taskId":"task-mtx91bzn2n94398","start":"2027-06-04T07:00","finish":"2027-06-10T15:00","duration":5,"isMilestone":false},{"taskId":"task-mtx91bztcxv8399","start":"2027-06-14","finish":"2027-06-16","duration":3,"isMilestone":false},{"taskId":"task-mtx91bzz7bem400","start":"2027-06-17","finish":"2027-06-21","duration":3,"isMilestone":false},{"taskId":"task-mtx91c040c59401","start":"2027-06-22","finish":"2027-06-28","duration":5,"isMilestone":false},{"taskId":"task-mtx91c0as6hh402","start":"2027-06-29","finish":"2027-06-30","duration":2,"isMilestone":false},{"taskId":"task-mtx91c0gedmj403","start":"2027-06-30","finish":"2027-06-30","duration":0,"isMilestone":true,"milestoneKind":"FINISH"},{"taskId":"task-mtx91c0ntk5s405","start":"2027-07-01","finish":"2027-07-05","duration":3,"isMilestone":false},{"taskId":"task-mtx91c105lft407","start":"2027-07-06","finish":"2027-07-09","duration":4,"isMilestone":false},{"taskId":"task-mtx91c15nhw8408","start":"2027-07-12","finish":"2027-07-15","duration":4,"isMilestone":false},{"taskId":"task-mtx91c1ad5ke409","start":"2027-07-14","finish":"2027-07-16","duration":3,"isMilestone":false},{"taskId":"task-mtx91c1fwrvi410","start":"2027-07-19","finish":"2027-07-22","duration":4,"isMilestone":false},{"taskId":"task-mtx91c1n0hqj411","start":"2027-07-21","finish":"2027-07-23","duration":3,"isMilestone":false},{"taskId":"task-mtx91c1wf3mb412","start":"2027-08-16","finish":"2027-08-19","duration":4,"isMilestone":false},{"taskId":"task-mtx91c26jz9f413","start":"2027-08-18","finish":"2027-08-20","duration":3,"isMilestone":false},{"taskId":"task-mtx91c2gdsyk414","start":"2027-08-23","finish":"2027-08-26","duration":4,"isMilestone":false},{"taskId":"task-mtx91c2qxy9d415","start":"2027-08-25","finish":"2027-08-27","duration":3,"isMilestone":false},{"taskId":"task-mtx91c31anu9416","start":"2027-08-30","finish":"2027-09-02","duration":4,"isMilestone":false},{"taskId":"task-mtx91c3bworf417","start":"2027-09-01","finish":"2027-09-03","duration":3,"isMilestone":false},{"taskId":"task-mtx91c3jv129418","start":"2027-09-06","finish":"2027-09-09","duration":4,"isMilestone":false},{"taskId":"task-mtx91c3q9655419","start":"2027-09-08","finish":"2027-09-10","duration":3,"isMilestone":false},{"taskId":"task-mtx91c3x5bcf420","start":"2027-09-13","finish":"2027-09-16","duration":4,"isMilestone":false},{"taskId":"task-mtx91c4486tb421","start":"2027-09-15","finish":"2027-09-17","duration":3,"isMilestone":false},{"taskId":"task-mtx91c4a2zt2422","start":"2027-09-20","finish":"2027-09-23","duration":4,"isMilestone":false},{"taskId":"task-mtx91c4gbwdd423","start":"2027-09-22","finish":"2027-09-24","duration":3,"isMilestone":false},{"taskId":"task-mtx91c4mkiyl424","start":"2027-09-27","finish":"2027-09-30","duration":4,"isMilestone":false},{"taskId":"task-mtx91c4tk51x425","start":"2027-09-29","finish":"2027-10-01","duration":3,"isMilestone":false},{"taskId":"task-mtx91c4zmm8b426","start":"2027-10-04","finish":"2027-10-07","duration":4,"isMilestone":false},{"taskId":"task-mtx91c55r2gs427","start":"2027-10-06","finish":"2027-10-08","duration":3,"isMilestone":false},{"taskId":"task-mtx91c5bcr8t428","start":"2027-10-11","finish":"2027-10-14","duration":4,"isMilestone":false},{"taskId":"task-mtx91c5hyglc429","start":"2027-10-13","finish":"2027-10-15","duration":3,"isMilestone":false},{"taskId":"task-mtx91c5nyfxq430","start":"2027-10-18","finish":"2027-10-21","duration":4,"isMilestone":false},{"taskId":"task-mtx91c5tgcxv431","start":"2027-10-20","finish":"2027-10-22","duration":3,"isMilestone":false},{"taskId":"task-mtx91c60t4vc432","start":"2027-07-06","finish":"2027-09-14","duration":36,"isMilestone":false},{"taskId":"task-mtx91c66psta433","start":"2027-10-25","finish":"2027-10-29","duration":5,"isMilestone":false},{"taskId":"task-mtx91c6c56f5434","start":"2027-10-29","finish":"2027-10-29","duration":0,"isMilestone":true,"milestoneKind":"FINISH"},{"taskId":"task-mtx91c6oct4h436","start":"2027-07-06","finish":"2027-07-09","duration":4,"isMilestone":false},{"taskId":"task-mtx91c6vhb1k437","start":"2027-07-12","finish":"2027-07-15","duration":4,"isMilestone":false},{"taskId":"task-mtx91c718wo0438","start":"2027-07-14","finish":"2027-07-16","duration":3,"isMilestone":false},{"taskId":"task-mtx91c773drc439","start":"2027-07-19","finish":"2027-07-22","duration":4,"isMilestone":false},{"taskId":"task-mtx91c7ewmh1440","start":"2027-07-21","finish":"2027-07-23","duration":3,"isMilestone":false},{"taskId":"task-mtx91c7kemb8441","start":"2027-08-16","finish":"2027-08-19","duration":4,"isMilestone":false},{"taskId":"task-mtx91c7rrupm442","start":"2027-08-18","finish":"2027-08-20","duration":3,"isMilestone":false},{"taskId":"task-mtx91c7yensf443","start":"2027-08-23","finish":"2027-08-26","duration":4,"isMilestone":false},{"taskId":"task-mtx91c841sam444","start":"2027-08-25","finish":"2027-08-27","duration":3,"isMilestone":false},{"taskId":"task-mtx91c8aybis445","start":"2027-08-30","finish":"2027-09-02","duration":4,"isMilestone":false},{"taskId":"task-mtx91c8kg7vx446","start":"2027-09-01","finish":"2027-09-03","duration":3,"isMilestone":false},{"taskId":"task-mtx91c8v0c5r447","start":"2027-09-06","finish":"2027-09-09","duration":4,"isMilestone":false},{"taskId":"task-mtx91c967vpd448","start":"2027-09-08","finish":"2027-09-10","duration":3,"isMilestone":false},{"taskId":"task-mtx91c9gnioh449","start":"2027-09-13","finish":"2027-09-16","duration":4,"isMilestone":false},{"taskId":"task-mtx91c9ra4mr450","start":"2027-09-15","finish":"2027-09-17","duration":3,"isMilestone":false},{"taskId":"task-mtx91ca2hequ451","start":"2027-09-20","finish":"2027-09-23","duration":4,"isMilestone":false},{"taskId":"task-mtx91cachf95452","start":"2027-09-22","finish":"2027-09-24","duration":3,"isMilestone":false},{"taskId":"task-mtx91candlqw453","start":"2027-09-27","finish":"2027-09-30","duration":4,"isMilestone":false},{"taskId":"task-mtx91cavnjnb454","start":"2027-09-29","finish":"2027-10-01","duration":3,"isMilestone":false},{"taskId":"task-mtx91cb6589g455","start":"2027-10-04","finish":"2027-10-07","duration":4,"isMilestone":false},{"taskId":"task-mtx91cbga0db456","start":"2027-10-06","finish":"2027-10-08","duration":3,"isMilestone":false},{"taskId":"task-mtx91cbnepvs457","start":"2027-10-11","finish":"2027-10-14","duration":4,"isMilestone":false},{"taskId":"task-mtx91cbtbhqm458","start":"2027-10-13","finish":"2027-10-15","duration":3,"isMilestone":false},{"taskId":"task-mtx91cc0g7op459","start":"2027-10-18","finish":"2027-10-21","duration":4,"isMilestone":false},{"taskId":"task-mtx91cc89810460","start":"2027-10-20","finish":"2027-10-22","duration":3,"isMilestone":false},{"taskId":"task-mtx91ccfuyjm461","start":"2027-07-06","finish":"2027-09-14","duration":36,"isMilestone":false},{"taskId":"task-mtx91ccluko8462","start":"2027-10-25","finish":"2027-10-29","duration":5,"isMilestone":false},{"taskId":"task-mtx91ccsrc48463","start":"2027-10-29","finish":"2027-10-29","duration":0,"isMilestone":true,"milestoneKind":"FINISH"},{"taskId":"task-mtx91cd6ivgz465","start":"2027-07-06","finish":"2027-07-09","duration":4,"isMilestone":false},{"taskId":"task-mtx91cddya4y466","start":"2027-07-12","finish":"2027-07-15","duration":4,"isMilestone":false},{"taskId":"task-mtx91cdkfo3b467","start":"2027-07-14","finish":"2027-07-16","duration":3,"isMilestone":false},{"taskId":"task-mtx91cdr3izl468","start":"2027-07-19","finish":"2027-07-22","duration":4,"isMilestone":false},{"taskId":"task-mtx91cdy8jn8469","start":"2027-07-21","finish":"2027-07-23","duration":3,"isMilestone":false},{"taskId":"task-mtx91ce5fe8v470","start":"2027-08-16","finish":"2027-08-19","duration":4,"isMilestone":false},{"taskId":"task-mtx91cebpmno471","start":"2027-08-18","finish":"2027-08-20","duration":3,"isMilestone":false},{"taskId":"task-mtx91cejqsbw472","start":"2027-08-23","finish":"2027-08-26","duration":4,"isMilestone":false},{"taskId":"task-mtx91ceqh3cx473","start":"2027-08-25","finish":"2027-08-27","duration":3,"isMilestone":false},{"taskId":"task-mtx91cewpc9r474","start":"2027-08-30","finish":"2027-09-02","duration":4,"isMilestone":false},{"taskId":"task-mtx91cf3k9jq475","start":"2027-09-01","finish":"2027-09-03","duration":3,"isMilestone":false},{"taskId":"task-mtx91cfakle6476","start":"2027-09-06","finish":"2027-09-09","duration":4,"isMilestone":false},{"taskId":"task-mtx91cfhxefe477","start":"2027-09-08","finish":"2027-09-10","duration":3,"isMilestone":false},{"taskId":"task-mtx91cfoq7x7478","start":"2027-09-13","finish":"2027-09-16","duration":4,"isMilestone":false},{"taskId":"task-mtx91cfvy392479","start":"2027-09-15","finish":"2027-09-17","duration":3,"isMilestone":false},{"taskId":"task-mtx91cg2xur1480","start":"2027-09-20","finish":"2027-09-23","duration":4,"isMilestone":false},{"taskId":"task-mtx91cg9fn41481","start":"2027-09-22","finish":"2027-09-24","duration":3,"isMilestone":false},{"taskId":"task-mtx91cgfbst8482","start":"2027-09-27","finish":"2027-09-30","duration":4,"isMilestone":false},{"taskId":"task-mtx91cgmvnnz483","start":"2027-09-29","finish":"2027-10-01","duration":3,"isMilestone":false},{"taskId":"task-mtx91cgtztbi484","start":"2027-10-04","finish":"2027-10-07","duration":4,"isMilestone":false},{"taskId":"task-mtx91ch06x0a485","start":"2027-10-06","finish":"2027-10-08","duration":3,"isMilestone":false},{"taskId":"task-mtx91ch7vboa486","start":"2027-10-11","finish":"2027-10-14","duration":4,"isMilestone":false},{"taskId":"task-mtx91chdbm7h487","start":"2027-10-13","finish":"2027-10-15","duration":3,"isMilestone":false},{"taskId":"task-mtx91chkzoit488","start":"2027-10-18","finish":"2027-10-21","duration":4,"isMilestone":false},{"taskId":"task-mtx91chqtawt489","start":"2027-10-20","finish":"2027-10-22","duration":3,"isMilestone":false},{"taskId":"task-mtx91chwmhsz490","start":"2027-07-06","finish":"2027-09-14","duration":36,"isMilestone":false},{"taskId":"task-mtx91ci2h0is491","start":"2027-10-25","finish":"2027-10-29","duration":5,"isMilestone":false},{"taskId":"task-mtx91ci8cl15492","start":"2027-10-29","finish":"2027-10-29","duration":0,"isMilestone":true,"milestoneKind":"FINISH"},{"taskId":"task-mtx91cigbhmp493","start":"2027-07-06","finish":"2027-10-29","duration":69,"isMilestone":false},{"taskId":"task-mtx91cii0i0b494","start":"2027-11-01","finish":"2027-11-02","duration":2,"isMilestone":false},{"taskId":"task-mtx91cixcx6z497","start":"2027-11-01","finish":"2027-11-03","duration":3,"isMilestone":false},{"taskId":"task-mtx91cj3twc9498","start":"2027-11-04","finish":"2027-11-15","duration":8,"isMilestone":false},{"taskId":"task-mtx91cj9mtfd499","start":"2027-11-16","finish":"2027-11-29","duration":10,"isMilestone":false},{"taskId":"task-mtx91cjgpcpp500","start":"2027-11-30","finish":"2027-12-07","duration":6,"isMilestone":false},{"taskId":"task-mtx91cjm14cz501","start":"2027-11-01","finish":"2027-11-05","duration":5,"isMilestone":false},{"taskId":"task-mtx91cjtu03s502","start":"2027-11-08","finish":"2027-11-12","duration":5,"isMilestone":false},{"taskId":"task-mtx91cjzwkgf503","start":"2027-12-08","finish":"2027-12-14","duration":5,"isMilestone":false},{"taskId":"task-mtx91ck6x1pl504","start":"2027-11-15","finish":"2027-11-17","duration":3,"isMilestone":false},{"taskId":"task-mtx91ckc5p2o505","start":"2027-12-15","finish":"2027-12-16","duration":2,"isMilestone":false},{"taskId":"task-mtx91ckpmmap507","start":"2027-11-01","finish":"2027-11-03","duration":3,"isMilestone":false},{"taskId":"task-mtx91ckvssog508","start":"2027-11-04","finish":"2027-11-15","duration":8,"isMilestone":false},{"taskId":"task-mtx91cl2pd1e509","start":"2027-11-16","finish":"2027-11-29","duration":10,"isMilestone":false},{"taskId":"task-mtx91cl9897y510","start":"2027-11-30","finish":"2027-12-07","duration":6,"isMilestone":false},{"taskId":"task-mtx91clfcur6511","start":"2027-11-01","finish":"2027-11-05","duration":5,"isMilestone":false},{"taskId":"task-mtx91clmjw9j512","start":"2027-11-08","finish":"2027-11-12","duration":5,"isMilestone":false},{"taskId":"task-mtx91cltov4d513","start":"2027-12-08","finish":"2027-12-14","duration":5,"isMilestone":false},{"taskId":"task-mtx91cm061if514","start":"2027-11-15","finish":"2027-11-17","duration":3,"isMilestone":false},{"taskId":"task-mtx91cm766tx515","start":"2027-12-15","finish":"2027-12-16","duration":2,"isMilestone":false},{"taskId":"task-mtx91cmlm7n2517","start":"2027-11-01","finish":"2027-11-03","duration":3,"isMilestone":false},{"taskId":"task-mtx91cmr1ssf518","start":"2027-11-04","finish":"2027-11-15","duration":8,"isMilestone":false},{"taskId":"task-mtx91cmyl62k519","start":"2027-11-16","finish":"2027-11-29","duration":10,"isMilestone":false},{"taskId":"task-mtx91cn58j5v520","start":"2027-11-30","finish":"2027-12-07","duration":6,"isMilestone":false},{"taskId":"task-mtx91cncgep5521","start":"2027-11-01","finish":"2027-11-05","duration":5,"isMilestone":false},{"taskId":"task-mtx91cnjgagr522","start":"2027-11-08","finish":"2027-11-12","duration":5,"isMilestone":false},{"taskId":"task-mtx91cnqmxzh523","start":"2027-12-08","finish":"2027-12-14","duration":5,"isMilestone":false},{"taskId":"task-mtx91cnxp39f524","start":"2027-11-15","finish":"2027-11-17","duration":3,"isMilestone":false},{"taskId":"task-mtx91co4m0yl525","start":"2027-12-15","finish":"2027-12-16","duration":2,"isMilestone":false},{"taskId":"task-mtx91coal9if526","start":"2027-12-17","finish":"2027-12-22","duration":4,"isMilestone":false},{"taskId":"task-mtx91cohuth6527","start":"2027-06-29","finish":"2027-07-05","duration":5,"isMilestone":false},{"taskId":"task-mtx91copwtx3529","start":"2027-12-23","finish":"2027-12-30","duration":6,"isMilestone":false},{"taskId":"task-mtx91cow76yf530","start":"2027-12-31","finish":"2028-01-05","duration":4,"isMilestone":false},{"taskId":"task-mtx91cp2swwv531","start":"2028-01-06","finish":"2028-01-10","duration":3,"isMilestone":false},{"taskId":"task-mtx91cp94ogb532","start":"2028-01-11","finish":"2028-01-14","duration":4,"isMilestone":false},{"taskId":"task-mtx91cpo33xc534","start":"2027-12-17","finish":"2027-12-28","duration":8,"isMilestone":false},{"taskId":"task-mtx91cpv0mwc535","start":"2027-12-21","finish":"2027-12-29","duration":7,"isMilestone":false},{"taskId":"task-mtx91cq20mmo536","start":"2027-12-30","finish":"2028-01-05","duration":5,"isMilestone":false},{"taskId":"task-mtx91cq9nmho537","start":"2028-01-06","finish":"2028-01-12","duration":5,"isMilestone":false},{"taskId":"task-mtx91cqgvhht538","start":"2028-01-13","finish":"2028-01-18","duration":4,"isMilestone":false},{"taskId":"task-mtx91cqntwbz539","start":"2028-01-19","finish":"2028-01-24","duration":4,"isMilestone":false},{"taskId":"task-mtx91cqu8giq540","start":"2028-01-25","finish":"2028-02-07","duration":10,"isMilestone":false},{"taskId":"task-mtx91cr3ycjs541","start":"2028-02-07","finish":"2028-02-07","duration":0,"isMilestone":true,"milestoneKind":"FINISH"},{"taskId":"task-mtx91crgveg0543","start":"2027-12-17","finish":"2027-12-28","duration":8,"isMilestone":false},{"taskId":"task-mtx91crol467544","start":"2027-12-21","finish":"2027-12-29","duration":7,"isMilestone":false},{"taskId":"task-mtx91cru3elf545","start":"2027-12-30","finish":"2028-01-05","duration":5,"isMilestone":false},{"taskId":"task-mtx91cs13mc9546","start":"2028-01-06","finish":"2028-01-12","duration":5,"isMilestone":false},{"taskId":"task-mtx91cs99fms547","start":"2028-01-13","finish":"2028-01-18","duration":4,"isMilestone":false},{"taskId":"task-mtx91cshpijl548","start":"2028-01-19","finish":"2028-01-24","duration":4,"isMilestone":false},{"taskId":"task-mtx91cspsp7v549","start":"2028-01-25","finish":"2028-02-07","duration":10,"isMilestone":false},{"taskId":"task-mtx91csxktud550","start":"2028-02-07","finish":"2028-02-07","duration":0,"isMilestone":true,"milestoneKind":"FINISH"},{"taskId":"task-mtx91ctep5if552","start":"2027-12-17","finish":"2027-12-28","duration":8,"isMilestone":false},{"taskId":"task-mtx91ctoo6yh553","start":"2027-12-21","finish":"2027-12-29","duration":7,"isMilestone":false},{"taskId":"task-mtx91ctxh22e554","start":"2027-12-30","finish":"2028-01-05","duration":5,"isMilestone":false},{"taskId":"task-mtx91cu9gnxq555","start":"2028-01-06","finish":"2028-01-12","duration":5,"isMilestone":false},{"taskId":"task-mtx91cug8fmr556","start":"2028-01-13","finish":"2028-01-18","duration":4,"isMilestone":false},{"taskId":"task-mtx91cunaw08557","start":"2028-01-19","finish":"2028-01-24","duration":4,"isMilestone":false},{"taskId":"task-mtx91cutdudv558","start":"2028-01-25","finish":"2028-02-07","duration":10,"isMilestone":false},{"taskId":"task-mtx91cv3gd6s559","start":"2028-02-07","finish":"2028-02-07","duration":0,"isMilestone":true,"milestoneKind":"FINISH"},{"taskId":"task-mtx91cvjqiy0562","start":"2028-02-08","finish":"2028-02-23","duration":12,"isMilestone":false},{"taskId":"task-mtx91cvrvva3563","start":"2028-02-24","finish":"2028-03-08","duration":10,"isMilestone":false},{"taskId":"task-mtx91cvx7gj9565","start":"2028-03-09","finish":"2028-03-20","duration":8,"isMilestone":false},{"taskId":"task-mtx91cw4i10o566","start":"2028-03-21","finish":"2028-03-29","duration":7,"isMilestone":false},{"taskId":"task-mtx91cwcpnkx567","start":"2028-03-30","finish":"2028-04-10","duration":8,"isMilestone":false},{"taskId":"task-mtx91cwib56s568","start":"2028-04-11","finish":"2028-04-19","duration":5,"isMilestone":false},{"taskId":"task-mtx91cwpy2w8569","start":"2028-04-20","finish":"2028-04-26","duration":5,"isMilestone":false},{"taskId":"task-mtx91cwvj3gb570","start":"2028-04-28","finish":"2028-05-03","duration":4,"isMilestone":false},{"taskId":"task-mtx91cxaigx3573","start":"2028-02-08","finish":"2028-02-23","duration":12,"isMilestone":false},{"taskId":"task-mtx91cxgytlx574","start":"2028-02-24","finish":"2028-03-08","duration":10,"isMilestone":false},{"taskId":"task-mtx91cxnl3i6575","start":"2028-03-09","finish":"2028-03-20","duration":8,"isMilestone":false},{"taskId":"task-mtx91cxuehwq576","start":"2028-03-21","finish":"2028-03-29","duration":7,"isMilestone":false},{"taskId":"task-mtx91cy39ipn577","start":"2028-03-30","finish":"2028-04-10","duration":8,"isMilestone":false},{"taskId":"task-mtx91cydf7z6578","start":"2028-04-11","finish":"2028-04-19","duration":5,"isMilestone":false},{"taskId":"task-mtx91cyplxmg579","start":"2028-04-20","finish":"2028-04-26","duration":5,"isMilestone":false},{"taskId":"task-mtx91cyw65xr580","start":"2028-04-28","finish":"2028-05-03","duration":4,"isMilestone":false},{"taskId":"task-mtx91czdsjc2582","start":"2028-02-08","finish":"2028-02-23","duration":12,"isMilestone":false},{"taskId":"task-mtx91czleuq1583","start":"2028-02-24","finish":"2028-03-08","duration":10,"isMilestone":false},{"taskId":"task-mtx91czsme8f584","start":"2028-03-09","finish":"2028-03-20","duration":8,"isMilestone":false},{"taskId":"task-mtx91czz478e585","start":"2028-03-21","finish":"2028-03-29","duration":7,"isMilestone":false},{"taskId":"task-mtx91d06ik1l586","start":"2028-03-30","finish":"2028-04-10","duration":8,"isMilestone":false},{"taskId":"task-mtx91d0dz8zm587","start":"2028-04-11","finish":"2028-04-19","duration":5,"isMilestone":false},{"taskId":"task-mtx91d0k1atr588","start":"2028-04-20","finish":"2028-04-26","duration":5,"isMilestone":false},{"taskId":"task-mtx91d0rb4st589","start":"2028-04-28","finish":"2028-05-03","duration":4,"isMilestone":false},{"taskId":"task-mtx91d0y5ti3590","start":"2027-12-23","finish":"2027-12-30","duration":6,"isMilestone":false},{"taskId":"task-mtx91d15of1i591","start":"2027-12-31","finish":"2028-01-05","duration":4,"isMilestone":false},{"taskId":"task-mtx91d1c5m52592","start":"2027-12-31","finish":"2028-01-05","duration":4,"isMilestone":false},{"taskId":"task-mtx91d1jfpm9593","start":"2028-01-06","finish":"2028-01-12","duration":5,"isMilestone":false},{"taskId":"task-mtx91d1qeios594","start":"2028-01-13","finish":"2028-01-18","duration":4,"isMilestone":false},{"taskId":"task-mtx91d1w60ct595","start":"2028-01-19","finish":"2028-01-20","duration":2,"isMilestone":false},{"taskId":"task-mtx91d23er22596","start":"2028-01-21","finish":"2028-01-25","duration":3,"isMilestone":false},{"taskId":"task-mtx91d2ipwwj598","start":"2027-07-06","finish":"2027-09-06","duration":30,"isMilestone":false},{"taskId":"task-mtx91d2pah2j599","start":"2027-09-07","finish":"2027-10-08","duration":24,"isMilestone":false},{"taskId":"task-mtx91d2yskn9600","start":"2027-10-11","finish":"2027-11-09","duration":22,"isMilestone":false},{"taskId":"task-mtx91d386wwb601","start":"2027-11-10","finish":"2027-12-01","duration":16,"isMilestone":false},{"taskId":"task-mtx91d3htu1b602","start":"2027-12-02","finish":"2027-12-23","duration":16,"isMilestone":false},{"taskId":"task-mtx91d3ppb11603","start":"2027-12-24","finish":"2028-01-06","duration":10,"isMilestone":false},{"taskId":"task-mtx91d3x8k2f604","start":"2028-01-07","finish":"2028-01-20","duration":10,"isMilestone":false},{"taskId":"task-mtx91d469e6p605","start":"2028-01-21","finish":"2028-02-09","duration":14,"isMilestone":false},{"taskId":"task-mtx91d4dk0w3606","start":"2028-02-10","finish":"2028-02-23","duration":10,"isMilestone":false},{"taskId":"task-mtx91d4l17r9607","start":"2028-02-24","finish":"2028-03-10","duration":12,"isMilestone":false},{"taskId":"task-mtx91d4tcer5608","start":"2028-03-10","finish":"2028-03-10","duration":0,"isMilestone":true,"milestoneKind":"FINISH"},{"taskId":"task-mtx91d51a0s1609","start":"2028-03-13","finish":"2028-03-16","duration":4,"isMilestone":false},{"taskId":"task-mtx91d58miac610","start":"2028-03-17","finish":"2028-03-17","duration":0,"isMilestone":true,"milestoneKind":"START"},{"taskId":"task-mtx91d5f5etu611","start":"2028-03-15","finish":"2028-03-17","duration":3,"isMilestone":false},{"taskId":"task-mtx91d5mllga612","start":"2028-03-17","finish":"2028-03-22","duration":4,"isMilestone":false},{"taskId":"task-mtx91d5u0glm613","start":"2028-03-23","finish":"2028-03-30","duration":6,"isMilestone":false},{"taskId":"task-mtx91d64wrt0615","start":"2028-03-31","finish":"2028-04-04","duration":3,"isMilestone":false},{"taskId":"task-mtx91d6culro616","start":"2028-03-31","finish":"2028-04-06","duration":5,"isMilestone":false},{"taskId":"task-mtx91d6j47h6617","start":"2028-04-07","finish":"2028-04-11","duration":3,"isMilestone":false},{"taskId":"task-mtx91d6r8ch7618","start":"2028-04-12","finish":"2028-04-13","duration":2,"isMilestone":false},{"taskId":"task-mtx91d6zzlpr619","start":"2028-04-18","finish":"2028-04-18","duration":1,"isMilestone":false},{"taskId":"task-mtx91d77e8pp620","start":"2028-04-18","finish":"2028-04-18","duration":0,"isMilestone":true,"milestoneKind":"FINISH"},{"taskId":"task-mtx91d7muzfk622","start":"2028-05-03","finish":"2028-05-03","duration":0,"isMilestone":true,"milestoneKind":"FINISH"},{"taskId":"task-mtx91d7tt28u623","start":"2028-05-03","finish":"2028-05-03","duration":0,"isMilestone":true,"milestoneKind":"FINISH"},{"taskId":"task-mtx91d80zg7f624","start":"2028-05-03","finish":"2028-05-03","duration":0,"isMilestone":true,"milestoneKind":"FINISH"},{"taskId":"task-mtx91d88t4ff625","start":"2028-04-19","finish":"2028-04-21","duration":3,"isMilestone":false},{"taskId":"task-mtx91d8gl70g626","start":"2028-04-28","finish":"2028-05-01","duration":2,"isMilestone":false},{"taskId":"task-mtx91d8nn619627","start":"2028-04-24","finish":"2028-04-26","duration":3,"isMilestone":false},{"taskId":"task-mtx91d8uydpg628","start":"2028-05-01","finish":"2028-05-01","duration":0,"isMilestone":true,"milestoneKind":"FINISH"},{"taskId":"task-mtx91d91ihnb629","start":"2028-05-02","finish":"2028-05-02","duration":0,"isMilestone":true,"milestoneKind":"START"},{"taskId":"task-mtx91d98k0ng630","start":"2028-05-02","finish":"2028-05-02","duration":1,"isMilestone":false}],"projectEnd":"2028-05-03","projectDuration":284},{"id":"baseline-mtx91eh3noyb1090","name":"Re-baseline (variation order)","createdAt":"2026-09-11T17:47:43.623Z","tasks":[{"taskId":"task-mtx91bur0d7x369","start":"2027-03-01","finish":"2027-03-01","duration":0,"isMilestone":true,"milestoneKind":"START"},{"taskId":"task-mtx91buve98x371","start":"2027-03-01","finish":"2027-03-03","duration":3,"isMilestone":false},{"taskId":"task-mtx91buzglek372","start":"2027-03-04","finish":"2027-03-17","duration":10,"isMilestone":false},{"taskId":"task-mtx91bv4ap4t373","start":"2027-03-11","finish":"2027-03-15","duration":3,"isMilestone":false},{"taskId":"task-mtx91bv8gwuc374","start":"2027-03-18","finish":"2027-03-23","duration":4,"isMilestone":false},{"taskId":"task-mtx91bvcepr9375","start":"2027-03-24","finish":"2027-03-25","duration":2,"isMilestone":false},{"taskId":"task-mtx91bvhvav2376","start":"2027-03-30","finish":"2027-04-02","duration":4,"isMilestone":false},{"taskId":"task-mtx91bvl4bkm377","start":"2027-04-05","finish":"2027-04-09","duration":5,"isMilestone":false},{"taskId":"task-mtx91bvpr5cc378","start":"2027-04-09","finish":"2027-04-09","duration":0,"isMilestone":true,"milestoneKind":"FINISH"},{"taskId":"task-mtx91bvyswux380","start":"2027-04-12","finish":"2027-04-13","duration":2,"isMilestone":false},{"taskId":"task-mtx91bw245cw381","start":"2027-04-14","finish":"2027-04-21","duration":6,"isMilestone":false},{"taskId":"task-mtx91bw8pd66382","start":"2027-04-22","finish":"2027-04-29","duration":5,"isMilestone":false},{"taskId":"task-mtx91bwd3i9n383","start":"2027-04-30","finish":"2027-05-07","duration":4,"isMilestone":false},{"taskId":"task-mtx91bwj1p5a384","start":"2027-05-10","finish":"2027-05-12","duration":3,"isMilestone":false},{"taskId":"task-mtx91bwohvfn385","start":"2027-05-13T07:00","finish":"2027-05-20T15:00","duration":5,"isMilestone":false},{"taskId":"task-mtx91bwute2d386","start":"2027-05-21T07:00","finish":"2027-05-27T15:00","duration":5,"isMilestone":false},{"taskId":"task-mtx91bwzt2s3387","start":"2027-05-28T07:00","finish":"2027-06-03T15:00","duration":5,"isMilestone":false},{"taskId":"task-mtx91bx5blkv388","start":"2027-06-04T07:00","finish":"2027-06-10T15:00","duration":5,"isMilestone":false},{"taskId":"task-mtx91bxagven389","start":"2027-05-10","finish":"2027-05-12","duration":3,"isMilestone":false},{"taskId":"task-mtx91bxidznf390","start":"2027-05-13T07:00","finish":"2027-05-20T15:00","duration":5,"isMilestone":false},{"taskId":"task-mtx91bxr7xpc391","start":"2027-05-21T07:00","finish":"2027-05-27T15:00","duration":5,"isMilestone":false},{"taskId":"task-mtx91by1jza6392","start":"2027-05-28T07:00","finish":"2027-06-03T15:00","duration":5,"isMilestone":false},{"taskId":"task-mtx91bybq58k393","start":"2027-06-04T07:00","finish":"2027-06-10T15:00","duration":5,"isMilestone":false},{"taskId":"task-mtx91byk0v5o394","start":"2027-05-10","finish":"2027-05-12","duration":3,"isMilestone":false},{"taskId":"task-mtx91byucccr395","start":"2027-05-13T07:00","finish":"2027-05-20T15:00","duration":5,"isMilestone":false},{"taskId":"task-mtx91bz4fzo1396","start":"2027-05-21T07:00","finish":"2027-05-27T15:00","duration":5,"isMilestone":false},{"taskId":"task-mtx91bzenrej397","start":"2027-05-28T07:00","finish":"2027-06-03T15:00","duration":5,"isMilestone":false},{"taskId":"task-mtx91bzn2n94398","start":"2027-06-04T07:00","finish":"2027-06-10T15:00","duration":5,"isMilestone":false},{"taskId":"task-mtx91bztcxv8399","start":"2027-06-14","finish":"2027-06-16","duration":3,"isMilestone":false},{"taskId":"task-mtx91bzz7bem400","start":"2027-06-17","finish":"2027-06-21","duration":3,"isMilestone":false},{"taskId":"task-mtx91c040c59401","start":"2027-06-22","finish":"2027-06-28","duration":5,"isMilestone":false},{"taskId":"task-mtx91c0as6hh402","start":"2027-06-29","finish":"2027-06-30","duration":2,"isMilestone":false},{"taskId":"task-mtx91c0gedmj403","start":"2027-06-30","finish":"2027-06-30","duration":0,"isMilestone":true,"milestoneKind":"FINISH"},{"taskId":"task-mtx91c0ntk5s405","start":"2027-07-01","finish":"2027-07-05","duration":3,"isMilestone":false},{"taskId":"task-mtx91c105lft407","start":"2027-07-06","finish":"2027-07-09","duration":4,"isMilestone":false},{"taskId":"task-mtx91c15nhw8408","start":"2027-07-12","finish":"2027-07-15","duration":4,"isMilestone":false},{"taskId":"task-mtx91c1ad5ke409","start":"2027-07-14","finish":"2027-07-16","duration":3,"isMilestone":false},{"taskId":"task-mtx91c1fwrvi410","start":"2027-07-19","finish":"2027-07-22","duration":4,"isMilestone":false},{"taskId":"task-mtx91c1n0hqj411","start":"2027-07-21","finish":"2027-07-23","duration":3,"isMilestone":false},{"taskId":"task-mtx91c1wf3mb412","start":"2027-08-16","finish":"2027-08-19","duration":4,"isMilestone":false},{"taskId":"task-mtx91c26jz9f413","start":"2027-08-18","finish":"2027-08-20","duration":3,"isMilestone":false},{"taskId":"task-mtx91c2gdsyk414","start":"2027-08-23","finish":"2027-08-26","duration":4,"isMilestone":false},{"taskId":"task-mtx91c2qxy9d415","start":"2027-08-25","finish":"2027-08-27","duration":3,"isMilestone":false},{"taskId":"task-mtx91c31anu9416","start":"2027-08-30","finish":"2027-09-02","duration":4,"isMilestone":false},{"taskId":"task-mtx91c3bworf417","start":"2027-09-01","finish":"2027-09-03","duration":3,"isMilestone":false},{"taskId":"task-mtx91c3jv129418","start":"2027-09-06","finish":"2027-09-09","duration":4,"isMilestone":false},{"taskId":"task-mtx91c3q9655419","start":"2027-09-08","finish":"2027-09-10","duration":3,"isMilestone":false},{"taskId":"task-mtx91c3x5bcf420","start":"2027-09-13","finish":"2027-09-16","duration":4,"isMilestone":false},{"taskId":"task-mtx91c4486tb421","start":"2027-09-15","finish":"2027-09-17","duration":3,"isMilestone":false},{"taskId":"task-mtx91c4a2zt2422","start":"2027-09-20","finish":"2027-09-23","duration":4,"isMilestone":false},{"taskId":"task-mtx91c4gbwdd423","start":"2027-09-22","finish":"2027-09-24","duration":3,"isMilestone":false},{"taskId":"task-mtx91c4mkiyl424","start":"2027-09-27","finish":"2027-09-30","duration":4,"isMilestone":false},{"taskId":"task-mtx91c4tk51x425","start":"2027-09-29","finish":"2027-10-01","duration":3,"isMilestone":false},{"taskId":"task-mtx91c4zmm8b426","start":"2027-10-04","finish":"2027-10-07","duration":4,"isMilestone":false},{"taskId":"task-mtx91c55r2gs427","start":"2027-10-06","finish":"2027-10-08","duration":3,"isMilestone":false},{"taskId":"task-mtx91c5bcr8t428","start":"2027-10-11","finish":"2027-10-14","duration":4,"isMilestone":false},{"taskId":"task-mtx91c5hyglc429","start":"2027-10-13","finish":"2027-10-15","duration":3,"isMilestone":false},{"taskId":"task-mtx91c5nyfxq430","start":"2027-10-18","finish":"2027-10-21","duration":4,"isMilestone":false},{"taskId":"task-mtx91c5tgcxv431","start":"2027-10-20","finish":"2027-10-22","duration":3,"isMilestone":false},{"taskId":"task-mtx91c60t4vc432","start":"2027-07-06","finish":"2027-09-14","duration":36,"isMilestone":false},{"taskId":"task-mtx91c66psta433","start":"2027-10-25","finish":"2027-10-29","duration":5,"isMilestone":false},{"taskId":"task-mtx91c6c56f5434","start":"2027-10-29","finish":"2027-10-29","duration":0,"isMilestone":true,"milestoneKind":"FINISH"},{"taskId":"task-mtx91c6oct4h436","start":"2027-07-06","finish":"2027-07-09","duration":4,"isMilestone":false},{"taskId":"task-mtx91c6vhb1k437","start":"2027-07-12","finish":"2027-07-15","duration":4,"isMilestone":false},{"taskId":"task-mtx91c718wo0438","start":"2027-07-14","finish":"2027-07-16","duration":3,"isMilestone":false},{"taskId":"task-mtx91c773drc439","start":"2027-07-19","finish":"2027-07-22","duration":4,"isMilestone":false},{"taskId":"task-mtx91c7ewmh1440","start":"2027-07-21","finish":"2027-07-23","duration":3,"isMilestone":false},{"taskId":"task-mtx91c7kemb8441","start":"2027-08-16","finish":"2027-08-19","duration":4,"isMilestone":false},{"taskId":"task-mtx91c7rrupm442","start":"2027-08-18","finish":"2027-08-20","duration":3,"isMilestone":false},{"taskId":"task-mtx91c7yensf443","start":"2027-08-23","finish":"2027-08-26","duration":4,"isMilestone":false},{"taskId":"task-mtx91c841sam444","start":"2027-08-25","finish":"2027-08-27","duration":3,"isMilestone":false},{"taskId":"task-mtx91c8aybis445","start":"2027-08-30","finish":"2027-09-02","duration":4,"isMilestone":false},{"taskId":"task-mtx91c8kg7vx446","start":"2027-09-01","finish":"2027-09-03","duration":3,"isMilestone":false},{"taskId":"task-mtx91c8v0c5r447","start":"2027-09-06","finish":"2027-09-09","duration":4,"isMilestone":false},{"taskId":"task-mtx91c967vpd448","start":"2027-09-08","finish":"2027-09-10","duration":3,"isMilestone":false},{"taskId":"task-mtx91c9gnioh449","start":"2027-09-13","finish":"2027-09-16","duration":4,"isMilestone":false},{"taskId":"task-mtx91c9ra4mr450","start":"2027-09-15","finish":"2027-09-17","duration":3,"isMilestone":false},{"taskId":"task-mtx91ca2hequ451","start":"2027-09-20","finish":"2027-09-23","duration":4,"isMilestone":false},{"taskId":"task-mtx91cachf95452","start":"2027-09-22","finish":"2027-09-24","duration":3,"isMilestone":false},{"taskId":"task-mtx91candlqw453","start":"2027-09-27","finish":"2027-09-30","duration":4,"isMilestone":false},{"taskId":"task-mtx91cavnjnb454","start":"2027-09-29","finish":"2027-10-01","duration":3,"isMilestone":false},{"taskId":"task-mtx91cb6589g455","start":"2027-10-04","finish":"2027-10-07","duration":4,"isMilestone":false},{"taskId":"task-mtx91cbga0db456","start":"2027-10-06","finish":"2027-10-08","duration":3,"isMilestone":false},{"taskId":"task-mtx91cbnepvs457","start":"2027-10-11","finish":"2027-10-14","duration":4,"isMilestone":false},{"taskId":"task-mtx91cbtbhqm458","start":"2027-10-13","finish":"2027-10-15","duration":3,"isMilestone":false},{"taskId":"task-mtx91cc0g7op459","start":"2027-10-18","finish":"2027-10-21","duration":4,"isMilestone":false},{"taskId":"task-mtx91cc89810460","start":"2027-10-20","finish":"2027-10-22","duration":3,"isMilestone":false},{"taskId":"task-mtx91ccfuyjm461","start":"2027-07-06","finish":"2027-09-14","duration":36,"isMilestone":false},{"taskId":"task-mtx91ccluko8462","start":"2027-10-25","finish":"2027-10-29","duration":5,"isMilestone":false},{"taskId":"task-mtx91ccsrc48463","start":"2027-10-29","finish":"2027-10-29","duration":0,"isMilestone":true,"milestoneKind":"FINISH"},{"taskId":"task-mtx91cd6ivgz465","start":"2027-07-06","finish":"2027-07-09","duration":4,"isMilestone":false},{"taskId":"task-mtx91cddya4y466","start":"2027-07-12","finish":"2027-07-15","duration":4,"isMilestone":false},{"taskId":"task-mtx91cdkfo3b467","start":"2027-07-14","finish":"2027-07-16","duration":3,"isMilestone":false},{"taskId":"task-mtx91cdr3izl468","start":"2027-07-19","finish":"2027-07-22","duration":4,"isMilestone":false},{"taskId":"task-mtx91cdy8jn8469","start":"2027-07-21","finish":"2027-07-23","duration":3,"isMilestone":false},{"taskId":"task-mtx91ce5fe8v470","start":"2027-08-16","finish":"2027-08-19","duration":4,"isMilestone":false},{"taskId":"task-mtx91cebpmno471","start":"2027-08-18","finish":"2027-08-20","duration":3,"isMilestone":false},{"taskId":"task-mtx91cejqsbw472","start":"2027-08-23","finish":"2027-08-26","duration":4,"isMilestone":false},{"taskId":"task-mtx91ceqh3cx473","start":"2027-08-25","finish":"2027-08-27","duration":3,"isMilestone":false},{"taskId":"task-mtx91cewpc9r474","start":"2027-08-30","finish":"2027-09-02","duration":4,"isMilestone":false},{"taskId":"task-mtx91cf3k9jq475","start":"2027-09-01","finish":"2027-09-03","duration":3,"isMilestone":false},{"taskId":"task-mtx91cfakle6476","start":"2027-09-06","finish":"2027-09-09","duration":4,"isMilestone":false},{"taskId":"task-mtx91cfhxefe477","start":"2027-09-08","finish":"2027-09-10","duration":3,"isMilestone":false},{"taskId":"task-mtx91cfoq7x7478","start":"2027-09-13","finish":"2027-09-16","duration":4,"isMilestone":false},{"taskId":"task-mtx91cfvy392479","start":"2027-09-15","finish":"2027-09-17","duration":3,"isMilestone":false},{"taskId":"task-mtx91cg2xur1480","start":"2027-09-20","finish":"2027-09-23","duration":4,"isMilestone":false},{"taskId":"task-mtx91cg9fn41481","start":"2027-09-22","finish":"2027-09-24","duration":3,"isMilestone":false},{"taskId":"task-mtx91cgfbst8482","start":"2027-09-27","finish":"2027-09-30","duration":4,"isMilestone":false},{"taskId":"task-mtx91cgmvnnz483","start":"2027-09-29","finish":"2027-10-01","duration":3,"isMilestone":false},{"taskId":"task-mtx91cgtztbi484","start":"2027-10-04","finish":"2027-10-07","duration":4,"isMilestone":false},{"taskId":"task-mtx91ch06x0a485","start":"2027-10-06","finish":"2027-10-08","duration":3,"isMilestone":false},{"taskId":"task-mtx91ch7vboa486","start":"2027-10-11","finish":"2027-10-14","duration":4,"isMilestone":false},{"taskId":"task-mtx91chdbm7h487","start":"2027-10-13","finish":"2027-10-15","duration":3,"isMilestone":false},{"taskId":"task-mtx91chkzoit488","start":"2027-10-18","finish":"2027-10-21","duration":4,"isMilestone":false},{"taskId":"task-mtx91chqtawt489","start":"2027-10-20","finish":"2027-10-22","duration":3,"isMilestone":false},{"taskId":"task-mtx91chwmhsz490","start":"2027-07-06","finish":"2027-09-14","duration":36,"isMilestone":false},{"taskId":"task-mtx91ci2h0is491","start":"2027-10-25","finish":"2027-10-29","duration":5,"isMilestone":false},{"taskId":"task-mtx91ci8cl15492","start":"2027-10-29","finish":"2027-10-29","duration":0,"isMilestone":true,"milestoneKind":"FINISH"},{"taskId":"task-mtx91cigbhmp493","start":"2027-07-06","finish":"2027-10-29","duration":69,"isMilestone":false},{"taskId":"task-mtx91cii0i0b494","start":"2027-11-01","finish":"2027-11-02","duration":2,"isMilestone":false},{"taskId":"task-mtx91cixcx6z497","start":"2027-11-01","finish":"2027-11-03","duration":3,"isMilestone":false},{"taskId":"task-mtx91cj3twc9498","start":"2027-11-04","finish":"2027-11-15","duration":8,"isMilestone":false},{"taskId":"task-mtx91cj9mtfd499","start":"2027-11-16","finish":"2027-11-29","duration":10,"isMilestone":false},{"taskId":"task-mtx91cjgpcpp500","start":"2027-11-30","finish":"2027-12-07","duration":6,"isMilestone":false},{"taskId":"task-mtx91cjm14cz501","start":"2027-11-01","finish":"2027-11-05","duration":5,"isMilestone":false},{"taskId":"task-mtx91cjtu03s502","start":"2027-11-08","finish":"2027-11-12","duration":5,"isMilestone":false},{"taskId":"task-mtx91cjzwkgf503","start":"2027-12-08","finish":"2027-12-14","duration":5,"isMilestone":false},{"taskId":"task-mtx91ck6x1pl504","start":"2027-11-15","finish":"2027-11-17","duration":3,"isMilestone":false},{"taskId":"task-mtx91ckc5p2o505","start":"2027-12-15","finish":"2027-12-16","duration":2,"isMilestone":false},{"taskId":"task-mtx91ckpmmap507","start":"2027-11-01","finish":"2027-11-03","duration":3,"isMilestone":false},{"taskId":"task-mtx91ckvssog508","start":"2027-11-04","finish":"2027-11-15","duration":8,"isMilestone":false},{"taskId":"task-mtx91cl2pd1e509","start":"2027-11-16","finish":"2027-11-29","duration":10,"isMilestone":false},{"taskId":"task-mtx91cl9897y510","start":"2027-11-30","finish":"2027-12-07","duration":6,"isMilestone":false},{"taskId":"task-mtx91clfcur6511","start":"2027-11-01","finish":"2027-11-05","duration":5,"isMilestone":false},{"taskId":"task-mtx91clmjw9j512","start":"2027-11-08","finish":"2027-11-12","duration":5,"isMilestone":false},{"taskId":"task-mtx91cltov4d513","start":"2027-12-08","finish":"2027-12-14","duration":5,"isMilestone":false},{"taskId":"task-mtx91cm061if514","start":"2027-11-15","finish":"2027-11-17","duration":3,"isMilestone":false},{"taskId":"task-mtx91cm766tx515","start":"2027-12-15","finish":"2027-12-16","duration":2,"isMilestone":false},{"taskId":"task-mtx91cmlm7n2517","start":"2027-11-01","finish":"2027-11-03","duration":3,"isMilestone":false},{"taskId":"task-mtx91cmr1ssf518","start":"2027-11-04","finish":"2027-11-15","duration":8,"isMilestone":false},{"taskId":"task-mtx91cmyl62k519","start":"2027-11-16","finish":"2027-11-29","duration":10,"isMilestone":false},{"taskId":"task-mtx91cn58j5v520","start":"2027-11-30","finish":"2027-12-07","duration":6,"isMilestone":false},{"taskId":"task-mtx91cncgep5521","start":"2027-11-01","finish":"2027-11-05","duration":5,"isMilestone":false},{"taskId":"task-mtx91cnjgagr522","start":"2027-11-08","finish":"2027-11-12","duration":5,"isMilestone":false},{"taskId":"task-mtx91cnqmxzh523","start":"2027-12-08","finish":"2027-12-14","duration":5,"isMilestone":false},{"taskId":"task-mtx91cnxp39f524","start":"2027-11-15","finish":"2027-11-17","duration":3,"isMilestone":false},{"taskId":"task-mtx91co4m0yl525","start":"2027-12-15","finish":"2027-12-16","duration":2,"isMilestone":false},{"taskId":"task-mtx91coal9if526","start":"2027-12-17","finish":"2027-12-22","duration":4,"isMilestone":false},{"taskId":"task-mtx91cohuth6527","start":"2027-06-29","finish":"2027-07-05","duration":5,"isMilestone":false},{"taskId":"task-mtx91copwtx3529","start":"2027-12-23","finish":"2027-12-30","duration":6,"isMilestone":false},{"taskId":"task-mtx91cow76yf530","start":"2027-12-31","finish":"2028-01-05","duration":4,"isMilestone":false},{"taskId":"task-mtx91cp2swwv531","start":"2028-01-06","finish":"2028-01-10","duration":3,"isMilestone":false},{"taskId":"task-mtx91cp94ogb532","start":"2028-01-11","finish":"2028-01-14","duration":4,"isMilestone":false},{"taskId":"task-mtx91cpo33xc534","start":"2027-12-17","finish":"2027-12-28","duration":8,"isMilestone":false},{"taskId":"task-mtx91cpv0mwc535","start":"2027-12-21","finish":"2027-12-29","duration":7,"isMilestone":false},{"taskId":"task-mtx91cq20mmo536","start":"2027-12-30","finish":"2028-01-05","duration":5,"isMilestone":false},{"taskId":"task-mtx91cq9nmho537","start":"2028-01-06","finish":"2028-01-12","duration":5,"isMilestone":false},{"taskId":"task-mtx91cqgvhht538","start":"2028-01-13","finish":"2028-01-18","duration":4,"isMilestone":false},{"taskId":"task-mtx91cqntwbz539","start":"2028-01-19","finish":"2028-01-24","duration":4,"isMilestone":false},{"taskId":"task-mtx91cqu8giq540","start":"2028-01-25","finish":"2028-02-07","duration":10,"isMilestone":false},{"taskId":"task-mtx91cr3ycjs541","start":"2028-02-07","finish":"2028-02-07","duration":0,"isMilestone":true,"milestoneKind":"FINISH"},{"taskId":"task-mtx91crgveg0543","start":"2027-12-17","finish":"2027-12-28","duration":8,"isMilestone":false},{"taskId":"task-mtx91crol467544","start":"2027-12-21","finish":"2027-12-29","duration":7,"isMilestone":false},{"taskId":"task-mtx91cru3elf545","start":"2027-12-30","finish":"2028-01-05","duration":5,"isMilestone":false},{"taskId":"task-mtx91cs13mc9546","start":"2028-01-06","finish":"2028-01-12","duration":5,"isMilestone":false},{"taskId":"task-mtx91cs99fms547","start":"2028-01-13","finish":"2028-01-18","duration":4,"isMilestone":false},{"taskId":"task-mtx91cshpijl548","start":"2028-01-19","finish":"2028-01-24","duration":4,"isMilestone":false},{"taskId":"task-mtx91cspsp7v549","start":"2028-01-25","finish":"2028-02-07","duration":10,"isMilestone":false},{"taskId":"task-mtx91csxktud550","start":"2028-02-07","finish":"2028-02-07","duration":0,"isMilestone":true,"milestoneKind":"FINISH"},{"taskId":"task-mtx91ctep5if552","start":"2027-12-17","finish":"2027-12-28","duration":8,"isMilestone":false},{"taskId":"task-mtx91ctoo6yh553","start":"2027-12-21","finish":"2027-12-29","duration":7,"isMilestone":false},{"taskId":"task-mtx91ctxh22e554","start":"2027-12-30","finish":"2028-01-05","duration":5,"isMilestone":false},{"taskId":"task-mtx91cu9gnxq555","start":"2028-01-06","finish":"2028-01-12","duration":5,"isMilestone":false},{"taskId":"task-mtx91cug8fmr556","start":"2028-01-13","finish":"2028-01-18","duration":4,"isMilestone":false},{"taskId":"task-mtx91cunaw08557","start":"2028-01-19","finish":"2028-01-24","duration":4,"isMilestone":false},{"taskId":"task-mtx91cutdudv558","start":"2028-01-25","finish":"2028-02-07","duration":10,"isMilestone":false},{"taskId":"task-mtx91cv3gd6s559","start":"2028-02-07","finish":"2028-02-07","duration":0,"isMilestone":true,"milestoneKind":"FINISH"},{"taskId":"task-mtx91cvjqiy0562","start":"2028-02-08","finish":"2028-02-28","duration":15,"isMilestone":false},{"taskId":"task-mtx91cvrvva3563","start":"2028-02-29","finish":"2028-03-13","duration":10,"isMilestone":false},{"taskId":"task-mtx91cvx7gj9565","start":"2028-03-14","finish":"2028-03-23","duration":8,"isMilestone":false},{"taskId":"task-mtx91cw4i10o566","start":"2028-03-24","finish":"2028-04-03","duration":7,"isMilestone":false},{"taskId":"task-mtx91cwcpnkx567","start":"2028-04-04","finish":"2028-04-13","duration":8,"isMilestone":false},{"taskId":"task-mtx91cwib56s568","start":"2028-04-18","finish":"2028-04-24","duration":5,"isMilestone":false},{"taskId":"task-mtx91cwpy2w8569","start":"2028-04-25","finish":"2028-05-02","duration":5,"isMilestone":false},{"taskId":"task-mtx91cwvj3gb570","start":"2028-05-03","finish":"2028-05-09","duration":4,"isMilestone":false},{"taskId":"task-mtx91cxaigx3573","start":"2028-02-08","finish":"2028-02-28","duration":15,"isMilestone":false},{"taskId":"task-mtx91cxgytlx574","start":"2028-02-29","finish":"2028-03-13","duration":10,"isMilestone":false},{"taskId":"task-mtx91cxnl3i6575","start":"2028-03-14","finish":"2028-03-23","duration":8,"isMilestone":false},{"taskId":"task-mtx91cxuehwq576","start":"2028-03-24","finish":"2028-04-03","duration":7,"isMilestone":false},{"taskId":"task-mtx91cy39ipn577","start":"2028-04-04","finish":"2028-04-13","duration":8,"isMilestone":false},{"taskId":"task-mtx91cydf7z6578","start":"2028-04-18","finish":"2028-04-24","duration":5,"isMilestone":false},{"taskId":"task-mtx91cyplxmg579","start":"2028-04-25","finish":"2028-05-02","duration":5,"isMilestone":false},{"taskId":"task-mtx91cyw65xr580","start":"2028-05-03","finish":"2028-05-09","duration":4,"isMilestone":false},{"taskId":"task-mtx91czdsjc2582","start":"2028-02-08","finish":"2028-02-23","duration":12,"isMilestone":false},{"taskId":"task-mtx91czleuq1583","start":"2028-02-24","finish":"2028-03-08","duration":10,"isMilestone":false},{"taskId":"task-mtx91czsme8f584","start":"2028-03-09","finish":"2028-03-20","duration":8,"isMilestone":false},{"taskId":"task-mtx91czz478e585","start":"2028-03-21","finish":"2028-03-29","duration":7,"isMilestone":false},{"taskId":"task-mtx91d06ik1l586","start":"2028-03-30","finish":"2028-04-10","duration":8,"isMilestone":false},{"taskId":"task-mtx91d0dz8zm587","start":"2028-04-11","finish":"2028-04-19","duration":5,"isMilestone":false},{"taskId":"task-mtx91d0k1atr588","start":"2028-04-20","finish":"2028-04-26","duration":5,"isMilestone":false},{"taskId":"task-mtx91d0rb4st589","start":"2028-04-28","finish":"2028-05-03","duration":4,"isMilestone":false},{"taskId":"task-mtx91d0y5ti3590","start":"2027-12-23","finish":"2027-12-30","duration":6,"isMilestone":false},{"taskId":"task-mtx91d15of1i591","start":"2027-12-31","finish":"2028-01-05","duration":4,"isMilestone":false},{"taskId":"task-mtx91d1c5m52592","start":"2027-12-31","finish":"2028-01-05","duration":4,"isMilestone":false},{"taskId":"task-mtx91d1jfpm9593","start":"2028-01-06","finish":"2028-01-12","duration":5,"isMilestone":false},{"taskId":"task-mtx91d1qeios594","start":"2028-01-13","finish":"2028-01-18","duration":4,"isMilestone":false},{"taskId":"task-mtx91d1w60ct595","start":"2028-01-19","finish":"2028-01-20","duration":2,"isMilestone":false},{"taskId":"task-mtx91d23er22596","start":"2028-01-21","finish":"2028-01-25","duration":3,"isMilestone":false},{"taskId":"task-mtx91d2ipwwj598","start":"2027-07-06","finish":"2027-09-06","duration":30,"isMilestone":false},{"taskId":"task-mtx91d2pah2j599","start":"2027-09-07","finish":"2027-10-08","duration":24,"isMilestone":false},{"taskId":"task-mtx91d2yskn9600","start":"2027-10-11","finish":"2027-11-09","duration":22,"isMilestone":false},{"taskId":"task-mtx91d386wwb601","start":"2027-11-10","finish":"2027-12-01","duration":16,"isMilestone":false},{"taskId":"task-mtx91d3htu1b602","start":"2027-12-02","finish":"2027-12-23","duration":16,"isMilestone":false},{"taskId":"task-mtx91d3ppb11603","start":"2027-12-24","finish":"2028-01-06","duration":10,"isMilestone":false},{"taskId":"task-mtx91d3x8k2f604","start":"2028-01-07","finish":"2028-01-20","duration":10,"isMilestone":false},{"taskId":"task-mtx91d469e6p605","start":"2028-01-21","finish":"2028-02-09","duration":14,"isMilestone":false},{"taskId":"task-mtx91d4dk0w3606","start":"2028-02-10","finish":"2028-02-23","duration":10,"isMilestone":false},{"taskId":"task-mtx91d4l17r9607","start":"2028-02-24","finish":"2028-03-10","duration":12,"isMilestone":false},{"taskId":"task-mtx91d4tcer5608","start":"2028-03-10","finish":"2028-03-10","duration":0,"isMilestone":true,"milestoneKind":"FINISH"},{"taskId":"task-mtx91d51a0s1609","start":"2028-03-13","finish":"2028-03-16","duration":4,"isMilestone":false},{"taskId":"task-mtx91d58miac610","start":"2028-03-17","finish":"2028-03-17","duration":0,"isMilestone":true,"milestoneKind":"START"},{"taskId":"task-mtx91d5f5etu611","start":"2028-03-15","finish":"2028-03-17","duration":3,"isMilestone":false},{"taskId":"task-mtx91d5mllga612","start":"2028-03-17","finish":"2028-03-22","duration":4,"isMilestone":false},{"taskId":"task-mtx91d5u0glm613","start":"2028-03-23","finish":"2028-03-30","duration":6,"isMilestone":false},{"taskId":"task-mtx91d64wrt0615","start":"2028-03-31","finish":"2028-04-04","duration":3,"isMilestone":false},{"taskId":"task-mtx91d6culro616","start":"2028-03-31","finish":"2028-04-06","duration":5,"isMilestone":false},{"taskId":"task-mtx91d6j47h6617","start":"2028-04-07","finish":"2028-04-11","duration":3,"isMilestone":false},{"taskId":"task-mtx91d6r8ch7618","start":"2028-04-12","finish":"2028-04-13","duration":2,"isMilestone":false},{"taskId":"task-mtx91d6zzlpr619","start":"2028-04-18","finish":"2028-04-18","duration":1,"isMilestone":false},{"taskId":"task-mtx91d77e8pp620","start":"2028-04-18","finish":"2028-04-18","duration":0,"isMilestone":true,"milestoneKind":"FINISH"},{"taskId":"task-mtx91d7muzfk622","start":"2028-05-09","finish":"2028-05-09","duration":0,"isMilestone":true,"milestoneKind":"FINISH"},{"taskId":"task-mtx91d7tt28u623","start":"2028-05-09","finish":"2028-05-09","duration":0,"isMilestone":true,"milestoneKind":"FINISH"},{"taskId":"task-mtx91d80zg7f624","start":"2028-05-03","finish":"2028-05-03","duration":0,"isMilestone":true,"milestoneKind":"FINISH"},{"taskId":"task-mtx91d88t4ff625","start":"2028-04-19","finish":"2028-04-21","duration":3,"isMilestone":false},{"taskId":"task-mtx91d8gl70g626","start":"2028-04-28","finish":"2028-05-01","duration":2,"isMilestone":false},{"taskId":"task-mtx91d8nn619627","start":"2028-04-24","finish":"2028-04-26","duration":3,"isMilestone":false},{"taskId":"task-mtx91d8uydpg628","start":"2028-05-01","finish":"2028-05-01","duration":0,"isMilestone":true,"milestoneKind":"FINISH"},{"taskId":"task-mtx91d91ihnb629","start":"2028-05-02","finish":"2028-05-02","duration":0,"isMilestone":true,"milestoneKind":"START"},{"taskId":"task-mtx91d98k0ng630","start":"2028-05-02","finish":"2028-05-02","duration":1,"isMilestone":false},{"taskId":"task-mtx91eepyyhi1087","start":"2027-07-01","finish":"2027-07-08","duration":6,"isMilestone":false}],"projectEnd":"2028-05-09","projectDuration":287}]'),$);
#3467=IFCPROPERTYSINGLEVALUE('TaskGuids',$,IFCTEXT('{"task-mtx91bur0d7x369":"zHF5IHud5Rx1CL2FZ$LlZf","task-mtx91buve98x371":"Ndm7XJ2FeFaBibinQvCRxL","task-mtx91buzglek372":"T3yZW1lvK9wJIF3FSxpd9H","task-mtx91bv4ap4t373":"1FztUNHP5lJfFdoVm$jv5L","task-mtx91bv8gwuc374":"FhJdND1dPPC5RB_XjfcDCH","task-mtx91bvcepr9375":"H9SzURoHFzEvgtilORAtWd","task-mtx91bvhvav2376":"8LAZe3LHLjoBO7IFiXJ77b","task-mtx91bvl4bkm377":"Kx95kJJnKtATBjZlip6J2T","task-mtx91bvpr5cc378":"AN_BNnqFePPrWppnvVz94P","task-mtx91bvyswux380":"0nLH3vnv23GX_vEnQ7KJ_1","task-mtx91bw245cw381":"b5iRalOPjhVb5FhHbxszvb","task-mtx91bw8pd66382":"9tcf8hyl5Hjf9rc$IX7p8j","task-mtx91bwd3i9n383":"B9kH37tfOFqxBDlX5BK5XZ","task-mtx91bwj1p5a384":"GNeHVfOPpbx$43XV6NMZtn","task-mtx91bwohvfn385":"1nZN0Fhl7fcVMNmXgLWdxl","task-mtx91bwute2d386":"FhTNO5o991vpSJ5FoHlzdh","task-mtx91bwzt2s3387":"Gdcjrvc7KfcVIFxleppPfV","task-mtx91bx5blkv388":"W11Tapsd9Bnh_DFV1XlriV","task-mtx91bxagven389":"o7w9kl8dHpuvYNCHUdaBa5","task-mtx91bxidznf390":"sDfjbVDn2NkP8Hv$5lBFjz","task-mtx91bxr7xpc391":"ST8F7PZH$rzfDlLFrjnZ9l","task-mtx91by1jza6392":"IRpPzvPt9rVbFJ5FMHjv19","task-mtx91bybq58k393":"qhb1ArP9b$15pFVXi1fhUF","task-mtx91byk0v5o394":"RxaLpH8dPvuNfRWVXjUnT5","task-mtx91byucccr395":"znhltzDXNF1T55u1s$fh65","task-mtx91bz4fzo1396":"XzKjzhCnSXLH7JHX97CDyL","task-mtx91bzenrej397":"SZOlj$ItxHTda7QH$XnhYl","task-mtx91bzn2n94398":"wnfjHx1PNlLln7onkVfZDJ","task-mtx91bztcxv8399":"1nLHfpfNYv8vIbClc3vD0N","task-mtx91bzz7bem400":"0lF5IFS$6ZIL6D5Hyv4hEx","task-mtx91c040c59401":"8rQNe5gPlDWlZtylhP8$oN","task-mtx91c0as6hh402":"W11ZGf87ERZPO7UnhvKJIr","task-mtx91c0gedmj403":"YVz9wZuvo5$THfqH6tMNQr","task-mtx91c0ntk5s405":"4nfjtVg1ABzf5RaFRxA3pF","task-mtx91c105lft407":"hvShvha$w3cXYZBHZzelVd","task-mtx91c15nhw8408":"xr_VO3hl$L7D8lHVDdqbNZ","task-mtx91c1ad5ke409":"W1FpJXs$GJkLMN0V$$Z9i$","task-mtx91c1fwrvi410":"Er9pNpVdNxN5j1pn1zuFHh","task-mtx91c1n0hqj411":"SVpPbbzlFFi3$LAla5z9Gn","task-mtx91c1wf3mb412":"hZj7TRs1GJ6J615luThl19","task-mtx91c26jz9f413":"D7U1E3JXTDWHxRinojcvfz","task-mtx91c2gdsyk414":"VZeHVNWtJBZtnJJlRV5lDF","task-mtx91c2qxy9d415":"rpVhXtCnGTCxzdUV5nHB0t","task-mtx91c31anu9416":"8jJdFFhHdv8fBDHXRx6JYJ","task-mtx91c3bworf417":"3JM3QDsPPDcXghMHk$rFLt","task-mtx91c3jv129418":"W$lJZ52Nk$t3xld$9PWdtF","task-mtx91c3q9655419":"1pw9U5MPd70FFJ3lgh8$E9","task-mtx91c3x5bcf420":"RR09E16723WHLT5lKpAzDF","task-mtx91c4486tb421":"b$ljLNmNijSjEX5nML8$61","task-mtx91c4a2zt2422":"1JI5M1vt55$Z$VjlPLWPjz","task-mtx91c4gbwdd423":"BjLlNDNNYPajcF919vSriX","task-mtx91c4mkiyl424":"AjD7vPTHhJATz72njtYF3r","task-mtx91c4tk51x425":"yFVhPb_nutHButGV6N6jUj","task-mtx91c4zmm8b426":"c1XzUtrll1orO$P$47CDKp","task-mtx91c55r2gs427":"BpXhJXM$sNLlnvsHqzeHrT","task-mtx91c5bcr8t428":"0FD7lb3HLPSjMNO1RRA9af","task-mtx91c5hyglc429":"$HXhTtBlnnypOPEVqFPJYD","task-mtx91c5nyfxq430":"GtyrFLJV9h3f7p5HqnNTxl","task-mtx91c5tgcxv431":"fd8X0l7tHp0Fxlv1lvu$Az","task-mtx91c60t4vc432":"AjBnBdQXdpYfhTjF$$xX8p","task-mtx91c66psta433":"YVTfmNevGpslnPs1Z1DP7N","task-mtx91c6c56f5434":"gd09sLZ$Y70nZBoXKVbF3h","task-mtx91c6oct4h436":"fvKbuh4HbXZtDTVXCH5Vqz","task-mtx91c6vhb1k437":"2HHR4$Q7m38fzdoXWfUhQl","task-mtx91c718wo0438":"zjQjJZXvGjsZZtClMByZPv","task-mtx91c773drc439":"At_VyZeveP9bPFVXm1j7B3","task-mtx91c7ewmh1440":"1nJPNjh1srpdqrIV2fQDWP","task-mtx91c7kemb8441":"zDY1UbEl5RhlBpN$PLmtCn","task-mtx91c7rrupm442":"hv4Z0HlP5FHJwDBHvbYFpJ","task-mtx91c7yensf443":"DdAT8BGNAB3ffbWXLZZ9ax","task-mtx91c841sam444":"OZj7b1PtrNQVQHbF474hYD","task-mtx91c8aybis445":"9fobexsPDRZPKV9$StYFb1","task-mtx91c8kg7vx446":"nB$r$ZmNQXYfFds$fNQDCn","task-mtx91c8v0c5r447":"7n1Br7Qvel8Nj$jF$$T909","task-mtx91c967vpd448":"6FfJlR5V73GVE$1XA$trGH","task-mtx91c9gnioh449":"rfAZexo9RLT9TBg$ZTSB4h","task-mtx91c9ra4mr450":"4jQjVjA$O7BnfPoVKDwjIB","task-mtx91ca2hequ451":"4pwtwzqXZjCxnv2FxrSBOT","task-mtx91cachf95452":"DPI5QJ6XTV_9xlP$T$R1kL","task-mtx91candlqw453":"rtklBZO7GDsH5xO1OJd5j3","task-mtx91cavnjnb454":"qBfJR$9fKjKzHzf1IX15NV","task-mtx91cb6589g455":"DLJdjVQXb1HBqHTHij_lDl","task-mtx91cbga0db456":"1H$BTb6XHp0nRV3Hwts9qZ","task-mtx91cbnepvs457":"WVjvjzRFYDw10TVVW9gNot","task-mtx91cbtbhqm458":"$llb4VwV911xn7Alax3t8b","task-mtx91cc0g7op459":"ebe1ctKVT$2RbXrnHdqb1f","task-mtx91cc89810460":"vL2BxnJV3Z6JgB_XXJ6P5n","task-mtx91ccfuyjm461":"zH9D7hqFWRRXgfO1mVvpCT","task-mtx91ccluko8462":"6F$rFBd97zmXcFd$4dOHzd","task-mtx91ccsrc48463":"g3Xzw7YN81Y55bSF97SB4L","task-mtx91cd6ivgz465":"V3SLhp67Ir93PnVVCl3fId","task-mtx91cddya4y466":"b1Xzo1_N6TY5tLYFxHJ7Xv","task-mtx91cdkfo3b467":"qfM3Q9qVbXzfXHVVonzti1","task-mtx91cdr3izl468":"YzyBLfevCT2b7$zFWfgZbV","task-mtx91cdy8jn8469":"4F$rHbRVZVEv2PoX0PijMf","task-mtx91ce5fe8v470":"2J6DfjZHn3kdSD$XEDk5J3","task-mtx91cebpmno471":"n7klj$sPxFdrSJBndLOlHl","task-mtx91cejqsbw472":"lfmvLNedJrZ9l37$93fTHB","task-mtx91ceqh3cx473":"Y1Nb4X2F45dru981jbNLsT","task-mtx91cewpc9r474":"F769sBFPF3AH9BQ1IXfZZx","task-mtx91cf3k9jq475":"ErNJbXL1wHO91LEFwDLVSf","task-mtx91cfakle6476":"a17r$z4Hp5FDChUFxlZt85","task-mtx91cfhxefe477":"S$txoT9NwnK3jj71TZ4hsZ","task-mtx91cfoq7x7478":"5HLldRM$wzMn5lFXNJNh_3","task-mtx91cfvy392479":"Hf8XKrHPL7eP03bFi$HzFV","task-mtx91cg2xur1480":"zl9DjXElzFqxd3BFlPyT7N","task-mtx91cg9fn41481":"idOHdRIHhPKRZhAl8hOXmn","task-mtx91cgfbst8482":"uL_Bd9rl5lbXA54F3j6dn5","task-mtx91cgmvnnz483":"ZV5nXj2nqTMzPlZHG$DPPd","task-mtx91cgtztbi484":"0lXhbbZlhpo72jBnr9AtSf","task-mtx91ch06x0a485":"iP8Vany$uX_9jprlJxTNUj","task-mtx91ch7vboa486":"T1dhtzhH1L7p8F5HKVB$61","task-mtx91chdbm7h487":"7Bon9XYFQXUfFvMlAVztWd","task-mtx91chkzoit488":"nh5XObwXNlpt354FvbstCZ","task-mtx91chqtawt489":"0Fb$AFDXVbBnLte1D7G9af","task-mtx91chwmhsz490":"ebOH7hKnI1FLMrc1_R9rqF","task-mtx91ci2h0is491":"lRDPLDktzTsZrDP$K$VDeh","task-mtx91ci8cl15492":"Hb39U5w72No7YNCnKXB$wb","task-mtx91cigbhmp493":"xHDvb$9NSLNZj$DF3lH3j1","task-mtx91cii0i0b494":"YXz9Q9qFWRbVIn5HafgZdd","task-mtx91cixcx6z497":"OTTfif17ExX3htu13joVO3","task-mtx91cj3twc9498":"lbBXKhJXrNQV2vQHxHJ7b5","task-mtx91cj9mtfd499":"YT8nLfGNk$t3fdIXEH$jQh","task-mtx91cjgpcpp500":"ZVZN4X_ni9g3Vxe18L0vzd","task-mtx91cjm14cz501":"NPmPH19Nqz29FJbnyh7DGX","task-mtx91cjtu03s502":"Gfmv$TmfGZCT7DTnoD2BCz","task-mtx91cjzwkgf503":"pPATitBH3zEvsv_FJ9MNch","task-mtx91ck6x1pl504":"t92VapYfaLXR5FxlyLdj6b","task-mtx91ckc5p2o505":"upn5gRpnE5N5NxinQ3NTVZ","task-mtx91ckpmmap507":"wntDNJRVbhBFjjlX$3OX4h","task-mtx91ckvssog508":"8L2rDpv9BzOPeX5nMrCRZf","task-mtx91cl2pd1e509":"IRrVCRh1g7DtNdw1a5xH7b","task-mtx91cl9897y510":"U1vBt$gdhJsZXHN1ED2B0t","task-mtx91clfcur6511":"3n5XyVM$MvZdOVrnR1FTZb","task-mtx91clmjw9j512":"BNcjpjpFYdqxLZDnPn7p4r","task-mtx91cltov4d513":"g7yrDJTl3nKb9N0VnfUh6$","task-mtx91cm061if514":"RRmdFld9R1VbJDTnghuFhf","task-mtx91cm766tx515":"9p7ZaludX5vL2dIXopwJkd","task-mtx91cmlm7n2517":"ibztE1cvGpw1GxyHn9_lDn","task-mtx91cmr1ssf518":"0HtpDl87ALHByN81wj$jAP","task-mtx91cmyl62k519":"CLBF1zSlFZATndUVfDJvb5","task-mtx91cn58j5v520":"9tQfm7sdZjyhsvUnt3FLYn","task-mtx91cncgep5521":"Qxij$3iVVRZdiVt1Wfk5zB","task-mtx91cnjgagr522":"kNuXKrVvmjwj_P_VbbAtuJ","task-mtx91cnqmxzh523":"OR09sH176ZU5plzHwtoV8D","task-mtx91cnxp39f524":"xBkHHVTHzFizThcHhd8$o5","task-mtx91co4m0yl525":"Rx4rzrW9p5lJsxyn$X15nR","task-mtx91coal9if526":"bbuFlxNNoHx$OXzlkVfTJT","task-mtx91cohuth6527":"E7MPBZOd5FfxN5SlzlNLUH","task-mtx91copwtx3529":"1FR$271PV51Z9rM$ph9zvb","task-mtx91cow76yf530":"ypY1U5k9DbJf1XLnRREViX","task-mtx91cp2swwv531":"KxvrJzRFEbZPiRKlO5ER37","task-mtx91cp94ogb532":"Dv2X0ltfALlBy9aFN9UFPv","task-mtx91cpo33xc534":"splbSD6vEHz7YZBl7xwJAZ","task-mtx91cpv0mwc535":"QXJ7rv2fgbx$O$HXXjwPP7","task-mtx91cq20mmo536":"g7iRCdDFEnnDSjzl_55HtD","task-mtx91cq9nmho537":"9DfjNl0tvNMnX581_tgfMj","task-mtx91cqgvhht538":"4FPzMx7tT$M3dlRFe5s3V7","task-mtx91cqntwbz539":"1l7TOzZ1gRhlrDlVzHlzHF","task-mtx91cqu8giq540":"Kd8XyzalxbJNDlhFbRgNEx","task-mtx91cr3ycjs541":"a3qDnFBHf5fx1$N$$1R$cH","task-mtx91crgveg0543":"b19xg$$dBZK39fWXBDTfox","task-mtx91crol467544":"phBFFhRFoxfxJ1ZFAR6dTx","task-mtx91cru3elf545":"RVh$Y9RFU7G1CnHXlrTtWP","task-mtx91cs13mc9546":"P$95ABHPzzUN$$9$ffQD0f","task-mtx91cs99fms547":"TZOlFFLHbB$5bLInGXlBiX","task-mtx91cshpijl548":"vHR1o1YNSBLlVFbHk$R$Ef","task-mtx91cspsp7v549":"XTe1g$7t$BrnJJv1R1dxJT","task-mtx91csxktud550":"nPobuJjFSXZtht8$MlJvdB","task-mtx91ctep5if552":"3D6tYxMPVRptrdIVwpbnTR","task-mtx91ctoo6yh553":"0lXL9ZPt3zkPOdYXphVbHl","task-mtx91ctxh22e554":"ltS3M51PP78fHtu$czlrGF","task-mtx91cu9gnxq555":"lRrXqdr$0L3Nf5KlG1jv75","task-mtx91cug8fmr556":"HbBXGd2n451TzPEXG1hl7R","task-mtx91cunaw08557":"UzibG7UNOdfx7pRl69wdFR","task-mtx91cutdudv558":"KdmdnHNfipuNVnBH3pgTPv","task-mtx91cv3gd6s559":"W$ljLtKVlpm$CrQ$UdyhMp","task-mtx91cvjqiy0562":"K595g1tfSXR$G54lND3tux","task-mtx91cvrvva3563":"_nhHFH9NAfR$035FEjoV8R","task-mtx91cvx7gj9565":"HtyBxlX7qTMzvVv1T38n5n","task-mtx91cw4i10o566":"FBfJP9pV7fslbrs$znpdJ3","task-mtx91cwcpnkx567":"zDkHhJcVB9sZ11v$gBKJYn","task-mtx91cwib56s568":"p7gd5hhlhJoBe$HXJfMTfX","task-mtx91cwpy2w8569":"T1txgR5VJLPJUfaFb5_BOh","task-mtx91cwvj3gb570":"9jLHFn318fR1GL2FL3$x1p","task-mtx91cxaigx3573":"jbRH3vNfMbjNHt81zDk5RX","task-mtx91cxgytlx574":"wLobanyHz3gnBdw$eRQvvR","task-mtx91cxnl3i6575":"vHTfG7gPB3G$yf0VTzWdpJ","task-mtx91cxuehwq576":"eRm7Zxot3nCxH98$6NszX7","task-mtx91cy39ipn577":"BJBnB7gdFZILgNWV$zm9WP","task-mtx91cydf7z6578":"yjIx_LiXLJkL6pxlmXNZNX","task-mtx91cyplxmg579":"8hoRiBNfSBR143nXJRH3Xd","task-mtx91cyw65xr580":"qf6DvLS$wnKzzRe1nRPxR$","task-mtx91czdsjc2582":"ZTe1o$APDxlJUfCH6DhVCH","task-mtx91czleuq1583":"ib5nhtKVxbjffRO1GX93Lj","task-mtx91czsme8f584":"m9yBVjM16nypajRnS9A9CZ","task-mtx91czz478e585":"0FLHLj6Vv96J2D91dHhl75","task-mtx91d06ik1l586":"DB1Bdt3$edFD4NO1GlVpO3","task-mtx91d0dz8zm587":"CB1r5nLlhJQpmBUVBtcvnV","task-mtx91d0k1atr588":"9jxXe3rH33E7ARu1A$7bhD","task-mtx91d0rb4st589":"2JobqPr1iNEvcTHVrjnTPP","task-mtx91d0y5ti3590":"9fwpFFBlFFK3Th2FN9Q7Zt","task-mtx91d15of1i591":"fPuFfH8dZ1EBmxyFr9MfYD","task-mtx91d1c5m52592":"4FlRO5MdXxf5hz7$3J2lN3","task-mtx91d1jfpm9593":"T3ibeZtN2tMzf7cHphFLgt","task-mtx91d1qeios594":"RVJvDD9NahnhY9mVKD_Byd","task-mtx91d1w60ct595":"TT0twdYFA9HBapFVfjVDWd","task-mtx91d23er22596":"X$9xMVJFGDcXkFpnFb1jMN","task-mtx91d2ipwwj598":"0Htp3P5XZjqxjXP1VDYLsz","task-mtx91d2pah2j599":"Lvqp7LCV19HruFBHntstWd","task-mtx91d2yskn9600":"tD7TSjM$2fsH$VZl4P81oR","task-mtx91d386wwb601":"Z1XzAhpVjN3fBJRFiDERfZ","task-mtx91d3htu1b602":"or9pb5Xd9rPJAb8$prTtOZ","task-mtx91d3ppb11603":"P$FpRbh1ANBFXbiHOx6jgj","task-mtx91d3x8k2f604":"LzfbqRB$qPSJoBIVMnfZ3B","task-mtx91d469e6p605":"mtyB5FZ$6nK3dH3HUdi5d7","task-mtx91d4dk0w3606":"8pF5cjg1E5Nx7j71dL8$sZ","task-mtx91d4l17r9607":"BNcj$ZOP$NDPOP6$iVB16X","task-mtx91d4tcer5608":"MdWNmfuPxRx1GL2n7$nZZ5","task-mtx91d51a0s1609":"pvMdpFSH5xXzVxO$$TqRtp","task-mtx91d58miac610":"lfGdFFjVR1NZJVf$I$Z98b","task-mtx91d5f5etu611":"F7cfKhz$WRTPGrM$ZZSBKj","task-mtx91d5mllga612":"2nhH37XPVv51OVRFaRl3Bz","task-mtx91d5u0glm613":"3pMd5BffOdV3l3XXEJAtup","task-mtx91d64wrt0615":"_ltp$dYnkr7Dapf$rNgT3L","task-mtx91d6culro616":"tt_V8hiVLjM3JpBH7x_Byd","task-mtx91d6j47h6617":"idm7h9a$g7RVcZN$VlXD4L","task-mtx91d6r8ch7618":"yFVLDHePXvBFLfSndlb$ER","task-mtx91d6zzlpr619":"T$fR8JxXHVsHNRmVCzuFDp","task-mtx91d77e8pp620":"YZe$6vE9nT6jUTRHYd4TFR","task-mtx91d7muzfk622":"pvoFlx$PnTkL6prH5Hzf_X","task-mtx91d7tt28u623":"yJQjNH0tBTypWjFXZ3WdJz","task-mtx91d80zg7f624":"$HtDJX_FKp8NnPA$dF9375","task-mtx91d88t4ff625":"gPGvdNnPhpovs7AHGH7bfz","task-mtx91d8gl70g626":"6HjP9ZPtFHG$O$VV8h8$6b","task-mtx91d8nn619627":"o7MP$P6VpPX3FDN$T3el3d","task-mtx91d8uydpg628":"6hk5U9DVx57hA5alXpAzPh","task-mtx91d91ihnb629":"lbDdFl$vMdvLYfilexwJkh","task-mtx91d98k0ng630":"p7on13CVXd7Lsb81lvOX47","task-mtx91eepyyhi1087":"I5FpHVZHfFX3b1nXZz07LD"}'),$);
#3468=IFCPROPERTYSINGLEVALUE('ActiveBaselineId',$,IFCTEXT('baseline-mtx91eeku05h1086'),$);
#3469=IFCPROPERTYSET('XXh1w34HTJCTF7clPLWdrv',#6,'OPS_Baselines',$,(#3466,#3467,#3468));
#3470=IFCRELDEFINESBYPROPERTIES('Oz1Z43KV$BzN1$1VwJtr4B',#6,$,$,(#40),#3469);
#3471=IFCPROPERTYSINGLEVALUE('SchedulingOptions',$,IFCTEXT('{"nearCriticalThreshold":3,"floatPaths":{"enabled":true,"method":"FREE_FLOAT","maxPaths":8}}'),$);
#3472=IFCPROPERTYSET('spnx2BGNQ1Qp4tKnwf2BOr',#6,'OPS_SchedulingOptions',$,(#3471));
#3473=IFCRELDEFINESBYPROPERTIES('HtqxALBHJh1xJXd$lh1xdP',#6,$,$,(#40),#3472);
ENDSEC;
END-ISO-10303-21;
