ISO-10303-21;
HEADER;
FILE_DESCRIPTION(('ViewDefinition [SchedulingView]'),'2;1');
FILE_NAME('6 New Terraced Houses, De Akkers.ifc','2026-09-11T17:47:40',('Site manager'),('Van der Meer Construction BV'),'Open Planner Studio 0.1','Open Planner Studio','');
FILE_SCHEMA(('IFC4X3'));
ENDSEC;
DATA;
#1=IFCPERSON($,'Site manager',$,$,$,$,$,$);
#2=IFCORGANIZATION($,'Van der Meer Construction BV',$,$,$);
#3=IFCPERSONANDORGANIZATION(#1,#2,$);
#4=IFCORGANIZATION($,'OpenAEC Foundation',$,$,$);
#5=IFCAPPLICATION(#4,'0.1','Open Planner Studio','OPS');
#6=IFCOWNERHISTORY(#3,#5,$,.NOCHANGE.,$,$,$,1789148860);
#7=IFCSIUNIT(*,.LENGTHUNIT.,$,.METRE.);
#8=IFCSIUNIT(*,.TIMEUNIT.,$,.SECOND.);
#9=IFCUNITASSIGNMENT((#7,#8));
#10=IFCCARTESIANPOINT((0.,0.,0.));
#11=IFCAXIS2PLACEMENT3D(#10,$,$);
#12=IFCGEOMETRICREPRESENTATIONCONTEXT($,'Plan',3,1.0E-05,#11,$);
#13=IFCPROJECT('GfmdTNP9lXQXMBs$9dGNMj',#6,'6 New Terraced Houses, De Akkers','New-build block of six identical terraced houses — repeating structure, resources and progress reporting.',$,$,$,(#12),#9);
#14=IFCTIMEPERIOD('07:00:00','16:00:00');
#15=IFCRECURRENCEPATTERN(.WEEKLY.,$,(1,2,3,4,5),$,$,$,$,(#14));
#16=IFCWORKTIME('Standard work week',.PREDICTED.,$,#15,$,$);
#17=IFCWORKTIME('New Year''s Day',.PREDICTED.,$,$,'2027-01-01','2027-01-01');
#18=IFCWORKTIME('Good Friday',.PREDICTED.,$,$,'2027-03-26','2027-03-26');
#19=IFCWORKTIME('Easter',.PREDICTED.,$,$,'2027-03-28','2027-03-29');
#20=IFCWORKTIME('King''s Day',.PREDICTED.,$,$,'2027-04-27','2027-04-27');
#21=IFCWORKTIME('Liberation Day',.PREDICTED.,$,$,'2027-05-05','2027-05-05');
#22=IFCWORKTIME('Ascension Day',.PREDICTED.,$,$,'2027-05-06','2027-05-06');
#23=IFCWORKTIME('Whitsun',.PREDICTED.,$,$,'2027-05-16','2027-05-17');
#24=IFCWORKTIME('Christmas',.PREDICTED.,$,$,'2027-12-25','2027-12-26');
#25=IFCWORKTIME('Construction holiday (northern region)',.PREDICTED.,$,$,'2027-07-26','2027-08-15');
#26=IFCWORKTIME('New Year''s Day',.PREDICTED.,$,$,'2028-01-01','2028-01-01');
#27=IFCWORKTIME('Good Friday',.PREDICTED.,$,$,'2028-04-14','2028-04-14');
#28=IFCWORKTIME('Easter',.PREDICTED.,$,$,'2028-04-16','2028-04-17');
#29=IFCWORKTIME('King''s Day',.PREDICTED.,$,$,'2028-04-27','2028-04-27');
#30=IFCWORKTIME('Liberation Day',.PREDICTED.,$,$,'2028-05-05','2028-05-05');
#31=IFCWORKTIME('Ascension Day',.PREDICTED.,$,$,'2028-05-25','2028-05-25');
#32=IFCWORKTIME('Whitsun',.PREDICTED.,$,$,'2028-06-04','2028-06-05');
#33=IFCWORKTIME('Christmas',.PREDICTED.,$,$,'2028-12-25','2028-12-26');
#34=IFCWORKTIME('Construction holiday (northern region)',.PREDICTED.,$,$,'2028-07-24','2028-08-13');
#35=IFCWORKTIME('Frost delay, foundations',.PREDICTED.,$,$,'2027-03-23','2027-03-28');
#36=IFCWORKCALENDAR('_HlbW$VPl1Yxnv_nBDbFBd',#6,'Construction calendar NL','Standard construction calendar: Mon-Fri 07:00-16:00',$,(#16),(#17,#18,#19,#20,#21,#22,#23,#24,#25,#26,#27,#28,#29,#30,#31,#32,#33,#34,#35),.FIRSTSHIFT.);
#37=IFCPROPERTYSINGLEVALUE('HoursPerDay',$,IFCREAL(8),$);
#38=IFCPROPERTYSET('qL5XmPUFgdlJ6X9$WtAtOZ',#6,'OPS_Calendar',$,(#37));
#39=IFCRELDEFINESBYPROPERTIES('bXh12hy$qvOdOP_VbbYntl',#6,$,$,(#36),#38);
#40=IFCWORKPLAN('ezt5AlffmTK31Bc1UhVbTf',#6,'6 New Terraced Houses, De Akkers','New-build block of six identical terraced houses — repeating structure, resources and progress reporting.',$,$,'2026-09-11T17:47:40',$,$,$,$,$,'2027-03-01T07:00:00','2027-03-08T07:00:00',.PLANNED.);
#41=IFCWORKSCHEDULE('Bjz9oZXvW51TbL2FRbEVm1',#6,'Construction schedule v1.0',$,$,$,'2026-09-11T17:47:40',$,$,$,$,$,'2027-03-01T07:00:00','2027-03-08T07:00:00',.PLANNED.);
#42=IFCWORKSCHEDULE('SXL1_Pr14RjNvDblgHjvHl',#6,'Baseline at start',$,$,$,'2026-09-11T17:47:40.008Z',$,$,$,$,$,$,'2027-08-16T07:00:00',.BASELINE.);
#43=IFCRELAGGREGATES('X$Ph9TPtbVDd8te$ftI1sz',#6,$,$,#40,(#41,#42));
#44=IFCTASKTIME('Start of construction Time',.PREDICTED.,$,.WORKTIME.,'P0Y0M0D','2027-03-01T07:00:00','2027-03-01T07:00:00','2027-03-01T07:00:00','2027-03-01T07:00:00','2027-02-16T07:00:00','2027-02-16T07:00:00','P0Y0M0D','P0Y0M-9D',.F.,'2027-05-20T07:00:00',$,'2027-03-01T07:00:00','2027-03-01T07:00:00','P0Y0M0D',1.00);
#45=IFCTASK('RxyBxnrl9rNTtroVCFtzJ1',#6,'Start of construction',$,$,'1',$,$,$,.T.,$,#44,.CONSTRUCTION.);
#46=IFCTASKTIME('1. Site set-up Time',.PREDICTED.,$,.WORKTIME.,'P0Y0M5D','2027-03-01T07:00:00','2027-03-05T07:00:00','2027-03-01T07:00:00','2027-03-12T07:00:00','2027-02-16T07:00:00','2027-02-26T07:00:00','P0Y0M-1D','P0Y0M-10D',.F.,$,$,$,$,$,0.00);
#47=IFCTASK('EBP3IJzl9LJ7oX5F_5bFn5',#6,'1. Site set-up',$,$,'2',$,$,$,.F.,$,#46,.LOGISTIC.);
#48=IFCTASKTIME('Install site board & safety fencing Time',.PREDICTED.,$,.WORKTIME.,'P0Y0M1D','2027-03-01T07:00:00','2027-03-01T07:00:00','2027-03-01T07:00:00','2027-03-02T07:00:00','2027-02-16T07:00:00','2027-02-16T07:00:00','P0Y0M-1D','P0Y0M-10D',.F.,'2027-05-20T07:00:00',$,'2027-03-01T07:00:00','2027-03-02T07:00:00','P0Y0M0D',1.00);
#49=IFCTASK('zHNJLNud1BrFbXDHT1zfsT',#6,'Install site board & safety fencing',$,$,'2.1',$,$,$,.F.,$,#48,.LOGISTIC.);
#50=IFCTASKTIME('Construct site road Time',.PREDICTED.,$,.WORKTIME.,'P0Y0M3D','2027-03-01T07:00:00','2027-03-03T07:00:00','2027-03-02T07:00:00','2027-03-05T07:00:00','2027-02-17T07:00:00','2027-02-19T07:00:00','P0Y0M-1D','P0Y0M-10D',.F.,'2027-05-20T07:00:00',$,'2027-03-02T07:00:00','2027-03-05T07:00:00','P0Y0M0D',1.00);
#51=IFCTASK('yp_VC79feFCZVHXXQzfT3r',#6,'Construct site road',$,$,'2.2',$,$,$,.F.,$,#50,.LOGISTIC.);
#52=IFCTASKTIME('Place site huts Time',.PREDICTED.,$,.WORKTIME.,'P0Y0M2D','2027-03-01T07:00:00','2027-03-02T07:00:00','2027-03-05T07:00:00','2027-03-09T07:00:00','2027-02-22T07:00:00','2027-02-23T07:00:00','P0Y0M-1D','P0Y0M-10D',.F.,'2027-05-20T07:00:00',$,'2027-03-05T07:00:00','2027-03-09T07:00:00','P0Y0M0D',1.00);
#53=IFCTASK('l9iRi95FCT_bxnpFvVRnzh',#6,'Place site huts',$,$,'2.3',$,$,$,.F.,$,#52,.LOGISTIC.);
#54=IFCTASKTIME('Install utility connections Time',.PREDICTED.,$,.WORKTIME.,'P0Y0M3D','2027-03-01T07:00:00','2027-03-03T07:00:00','2027-03-09T07:00:00','2027-03-12T07:00:00','2027-02-24T07:00:00','2027-02-26T07:00:00','P0Y0M-1D','P0Y0M-10D',.F.,'2027-05-20T07:00:00',$,'2027-03-09T07:00:00','2027-03-12T07:00:00','P0Y0M0D',1.00);
#55=IFCTASK('YZWN43qXVd9bJJ7$Z38$_X',#6,'Install utility connections','Pinned (priority 1000): the connection date is fixed by the utility company and must not move.',$,'2.4',$,$,$,.F.,1000,#54,.LOGISTIC.);
#56=IFCTASKTIME('2. Foundations (shared) Time',.PREDICTED.,$,.WORKTIME.,'P0Y0M5D','2027-03-01T07:00:00','2027-03-05T07:00:00','2027-03-12T07:00:00','2027-04-07T07:00:00','2027-03-01T07:00:00','2027-03-30T07:00:00','P0Y0M-1D','P0Y0M-10D',.F.,$,$,$,$,$,0.00);
#57=IFCTASK('SXBVCPjn0Lj7klFXlvmty7',#6,'2. Foundations (shared)',$,$,'3',$,$,$,.F.,$,#56,.CONSTRUCTION.);
#58=IFCTASKTIME('Excavation, building pit Time',.PREDICTED.,$,.WORKTIME.,'P0Y0M5D','2027-03-01T07:00:00','2027-03-05T07:00:00','2027-03-12T07:00:00','2027-03-19T07:00:00','2027-03-01T07:00:00','2027-03-05T07:00:00','P0Y0M-1D','P0Y0M-10D',.F.,'2027-05-20T07:00:00',$,'2027-03-12T07:00:00','2027-03-19T07:00:00','P0Y0M0D',1.00);
#59=IFCTASK('d1dLH1lvWbp9b$XXeDJvfZ',#6,'Excavation, building pit',$,$,'3.1',$,$,$,.F.,$,#58,.CONSTRUCTION.);
#60=IFCTASKTIME('Pour foundation beams Time',.PREDICTED.,$,.WORKTIME.,'P0Y0M5D','2027-03-01T07:00:00','2027-03-05T07:00:00','2027-03-19T07:00:00','2027-03-22T07:00:00','2027-03-08T07:00:00','2027-03-12T07:00:00','P0Y0M2D','P0Y0M-6D',.F.,'2027-05-20T07:00:00',$,'2027-03-19T07:00:00','2027-03-29T07:00:00','P0Y0M0D',1.00);
#61=IFCTASK('LZpdFHv9lpG$WDLl5hun79',#6,'Pour foundation beams',$,$,'3.2',$,$,$,.F.,$,#60,.CONSTRUCTION.);
#62=IFCTASKTIME('Pour ground floor slab Time',.PREDICTED.,$,.WORKTIME.,'P0Y0M4D','2027-03-01T07:00:00','2027-03-04T07:00:00','2027-04-01T07:00:00','2027-04-07T07:00:00','2027-03-18T07:00:00','2027-03-30T07:00:00','P0Y0M0D','P0Y0M-6D',.F.,'2027-05-20T07:00:00',$,'2027-04-01T07:00:00','2027-04-07T07:00:00','P0Y0M0D',1.00);
#63=IFCTASK('WV5FxFT$_tg3xlVVUBj7Hl',#6,'Pour ground floor slab',$,$,'3.3',$,$,$,.F.,$,#62,.CONSTRUCTION.);
#64=IFCTASKTIME('Foundation inspection Time',.PREDICTED.,$,.WORKTIME.,'P0Y0M0D','2027-03-01T07:00:00','2027-03-01T07:00:00','2027-04-07T07:00:00','2027-04-07T07:00:00','2027-03-30T07:00:00','2027-03-30T07:00:00','P0Y0M-1D','P0Y0M-6D',.F.,'2027-05-20T07:00:00',$,'2027-04-07T07:00:00','2027-04-07T07:00:00','P0Y0M0D',1.00);
#65=IFCTASK('fTL1YffNu$ErSdYV5HJvBZ',#6,'Foundation inspection',$,$,'3.4',$,$,$,.T.,$,#64,.CONSTRUCTION.);
#66=IFCTASKTIME('3. Structural works per house Time',.PREDICTED.,$,.WORKTIME.,'P0Y0M5D','2027-03-01T07:00:00','2027-03-05T07:00:00','2027-04-07T07:00:00','2027-06-25T07:00:00','2027-03-31T07:00:00','2027-08-17T07:00:00','P0Y0M-1D','P0Y0M-8D',.T.,$,$,$,$,$,0.00);
#67=IFCTASK('qtAvDDPtNb3v2DXV4BhlpF',#6,'3. Structural works per house',$,$,'4',$,$,$,.F.,$,#66,.CONSTRUCTION.);
#68=IFCTASKTIME('Ground floor masonry — House 1 Time',.PREDICTED.,$,.WORKTIME.,'P0Y0M6D','2027-03-01T07:00:00','2027-03-08T07:00:00','2027-04-07T07:00:00','2027-04-15T07:00:00','2027-03-31T07:00:00','2027-04-07T07:00:00','P0Y0M-1D','P0Y0M-6D',.F.,'2027-05-20T07:00:00',$,'2027-04-07T07:00:00','2027-04-15T07:00:00','P0Y0M0D',1.00);
#69=IFCTASK('BfM3oVs1GD2tXRCHEJMf65',#6,'Ground floor masonry — House 1',$,$,'4.1',$,$,$,.F.,$,#68,.CONSTRUCTION.);
#70=IFCTASKTIME('Upper floor slab — House 1 Time',.PREDICTED.,$,.WORKTIME.,'P0Y0M4D','2027-03-01T07:00:00','2027-03-04T07:00:00','2027-04-15T07:00:00','2027-04-21T07:00:00','2027-05-27T07:00:00','2027-06-01T07:00:00','P0Y0M-1D','P0Y0M25D',.F.,'2027-05-20T07:00:00',$,'2027-04-15T07:00:00','2027-04-21T07:00:00','P0Y0M0D',1.00);
#71=IFCTASK('I9Szo$_fgvx1SdM1j5J7pH',#6,'Upper floor slab — House 1',$,$,'4.2',$,$,$,.F.,$,#70,.CONSTRUCTION.);
#72=IFCTASKTIME('Upper floor masonry — House 1 Time',.PREDICTED.,$,.WORKTIME.,'P0Y0M6D','2027-03-01T07:00:00','2027-03-08T07:00:00','2027-04-21T07:00:00','2027-04-29T07:00:00','2027-06-02T07:00:00','2027-06-09T07:00:00','P0Y0M-1D','P0Y0M26D',.F.,'2027-05-20T07:00:00',$,'2027-04-21T07:00:00','2027-04-29T07:00:00','P0Y0M0D',1.00);
#73=IFCTASK('PV3tALT1ExtbZBg$zJs9KD',#6,'Upper floor masonry — House 1',$,$,'4.3',$,$,$,.F.,$,#72,.CONSTRUCTION.);
#74=IFCTASKTIME('Roof structure — House 1 Time',.PREDICTED.,$,.WORKTIME.,'P0Y0M5D','2027-03-01T07:00:00','2027-03-05T07:00:00','2027-04-29T07:00:00','2027-05-04T07:00:00','2027-06-10T07:00:00','2027-06-16T07:00:00','P0Y0M8D','P0Y0M28D',.F.,'2027-05-20T07:00:00',$,'2027-04-29T07:00:00','2027-05-06T07:00:00','P0Y0M0D',1.00);
#75=IFCTASK('ovU12B09zFK3dHbn4vi5NX',#6,'Roof structure — House 1',$,$,'4.4',$,$,$,.F.,$,#74,.CONSTRUCTION.);
#76=IFCTASKTIME('Ground floor masonry — House 2 Time',.PREDICTED.,$,.WORKTIME.,'P0Y0M6D','2027-03-01T07:00:00','2027-03-08T07:00:00','2027-04-15T07:00:00','2027-04-23T07:00:00','2027-04-08T07:00:00','2027-04-15T07:00:00','P0Y0M-1D','P0Y0M-6D',.F.,'2027-05-20T07:00:00',$,'2027-04-15T07:00:00','2027-04-23T07:00:00','P0Y0M0D',1.00);
#77=IFCTASK('yD_X0HHd9L3NvjVVQPOXS5',#6,'Ground floor masonry — House 2',$,$,'4.5',$,$,$,.F.,$,#76,.CONSTRUCTION.);
#78=IFCTASKTIME('Upper floor slab — House 2 Time',.PREDICTED.,$,.WORKTIME.,'P0Y0M4D','2027-03-01T07:00:00','2027-03-04T07:00:00','2027-04-23T07:00:00','2027-04-29T07:00:00','2027-05-26T07:00:00','2027-05-31T07:00:00','P0Y0M-1D','P0Y0M19D',.F.,'2027-05-20T07:00:00',$,'2027-04-23T07:00:00','2027-04-29T07:00:00','P0Y0M0D',1.00);
#79=IFCTASK('6BU$w7ottVzfNxyFbVDdrd',#6,'Upper floor slab — House 2',$,$,'4.6',$,$,$,.F.,$,#78,.CONSTRUCTION.);
#80=IFCTASKTIME('Upper floor masonry — House 2 Time',.PREDICTED.,$,.WORKTIME.,'P0Y0M6D','2027-03-01T07:00:00','2027-03-08T07:00:00','2027-04-29T07:00:00','2027-05-07T07:00:00','2027-06-01T07:00:00','2027-06-08T07:00:00','P0Y0M-1D','P0Y0M21D',.F.,'2027-05-20T07:00:00',$,'2027-04-29T07:00:00','2027-05-07T07:00:00','P0Y0M0D',1.00);
#81=IFCTASK('Gt4rrdkl5Fvhg9ylVF5HRb',#6,'Upper floor masonry — House 2',$,$,'4.7',$,$,$,.F.,$,#80,.CONSTRUCTION.);
#82=IFCTASKTIME('Roof structure — House 2 Time',.PREDICTED.,$,.WORKTIME.,'P0Y0M5D','2027-03-01T07:00:00','2027-03-05T07:00:00','2027-05-07T07:00:00','2027-05-14T07:00:00','2027-06-09T07:00:00','2027-06-15T07:00:00','P0Y0M2D','P0Y0M21D',.F.,'2027-05-20T07:00:00',$,'2027-05-07T07:00:00','2027-05-14T07:00:00','P0Y0M0D',1.00);
#83=IFCTASK('ErfjP9Z1wFCxPZP1GVvD4v',#6,'Roof structure — House 2',$,$,'4.8',$,$,$,.F.,$,#82,.CONSTRUCTION.);
#84=IFCTASKTIME('Ground floor masonry — House 3 Time',.PREDICTED.,$,.WORKTIME.,'P0Y0M6D','2027-03-01T07:00:00','2027-03-08T07:00:00','2027-04-23T07:00:00','2027-05-03T07:00:00','2027-04-16T07:00:00','2027-04-23T07:00:00','P0Y0M-1D','P0Y0M-5D',.F.,'2027-05-20T07:00:00',$,'2027-04-23T07:00:00','2027-05-03T07:00:00','P0Y0M0D',1.00);
#85=IFCTASK('GvEFVpotP7mV_dYVn96Pzh',#6,'Ground floor masonry — House 3',$,$,'4.9',$,$,$,.F.,$,#84,.CONSTRUCTION.);
#86=IFCTASKTIME('Upper floor slab — House 3 Time',.PREDICTED.,$,.WORKTIME.,'P0Y0M4D','2027-03-01T07:00:00','2027-03-04T07:00:00','2027-05-03T07:00:00','2027-05-07T07:00:00','2027-05-26T07:00:00','2027-05-31T07:00:00','P0Y0M-1D','P0Y0M15D',.F.,'2027-05-20T07:00:00',$,'2027-05-03T07:00:00','2027-05-07T07:00:00','P0Y0M0D',1.00);
#87=IFCTASK('8DtDrTePhPSJQT71UL9zJ1',#6,'Upper floor slab — House 3',$,$,'4.10',$,$,$,.F.,$,#86,.CONSTRUCTION.);
#88=IFCTASKTIME('Upper floor masonry — House 3 Time',.PREDICTED.,$,.WORKTIME.,'P0Y0M6D','2027-03-01T07:00:00','2027-03-08T07:00:00','2027-05-07T07:00:00','2027-05-14T07:00:00','2027-06-01T07:00:00','2027-06-08T07:00:00','P0Y0M-1D','P0Y0M16D',.F.,'2027-05-20T07:00:00',$,'2027-05-07T07:00:00','2027-05-17T07:00:00','P0Y0M0D',1.00);
#89=IFCTASK('OZpddxo9t1fTTfmXuZBFxn',#6,'Upper floor masonry — House 3',$,$,'4.11',$,$,$,.F.,$,#88,.CONSTRUCTION.);
#90=IFCTASKTIME('Roof structure — House 3 Time',.PREDICTED.,$,.WORKTIME.,'P0Y0M5D','2027-03-01T07:00:00','2027-03-05T07:00:00','2027-05-17T07:00:00','2027-05-20T07:00:00','2027-06-09T07:00:00','2027-06-15T07:00:00','P0Y0M0D','P0Y0M18D',.F.,'2027-05-20T07:00:00',$,'2027-05-17T07:00:00','2027-05-20T07:00:00','P0Y0M0D',1.00);
#91=IFCTASK('yj_BVD67_38vUZhl3l1J_$',#6,'Roof structure — House 3',$,$,'4.12',$,$,$,.F.,$,#90,.CONSTRUCTION.);
#92=IFCTASKTIME('Ground floor masonry — House 4 Time',.PREDICTED.,$,.WORKTIME.,'P0Y0M6D','2027-03-01T07:00:00','2027-03-08T07:00:00','2027-05-04T07:00:00','2027-05-11T07:00:00','2027-04-26T07:00:00','2027-05-04T07:00:00','P0Y0M-1D','P0Y0M-3D',.F.,'2027-05-20T07:00:00',$,'2027-05-04T07:00:00','2027-05-11T07:00:00','P0Y0M0D',1.00);
#93=IFCTASK('JNGP5rtNs9NTndA1dndJIB',#6,'Ground floor masonry — House 4',$,$,'4.13',$,$,$,.F.,$,#92,.CONSTRUCTION.);
#94=IFCTASKTIME('Upper floor slab — House 4 Time',.PREDICTED.,$,.WORKTIME.,'P0Y0M4D','2027-03-01T07:00:00','2027-03-04T07:00:00','2027-05-11T07:00:00','2027-05-21T07:00:00','2027-05-26T07:00:00','2027-05-31T07:00:00','P0Y0M0D','P0Y0M6D',.F.,'2027-05-20T07:00:00',$,'2027-05-11T07:00:00',$,'P0Y0M2D',0.50);
#95=IFCTASK('F7IHDlOPPpEvg9KlqFlrWv',#6,'Upper floor slab — House 4',$,$,'4.14',$,$,$,.F.,$,#94,.CONSTRUCTION.);
#96=IFCTASKTIME('Upper floor masonry — House 4 Time',.PREDICTED.,$,.WORKTIME.,'P0Y0M6D','2027-03-01T07:00:00','2027-03-08T07:00:00','2027-05-24T07:00:00','2027-05-31T07:00:00','2027-06-01T07:00:00','2027-06-08T07:00:00','P0Y0M0D','P0Y0M6D',.F.,$,$,$,$,$,0.00);
#97=IFCTASK('lRh$2d5VVPPB8NSltdmfEN',#6,'Upper floor masonry — House 4',$,$,'4.15',$,$,$,.F.,$,#96,.CONSTRUCTION.);
#98=IFCTASKTIME('Roof structure — House 4 Time',.PREDICTED.,$,.WORKTIME.,'P0Y0M5D','2027-03-01T07:00:00','2027-03-05T07:00:00','2027-06-01T07:00:00','2027-06-07T07:00:00','2027-06-09T07:00:00','2027-06-15T07:00:00','P0Y0M0D','P0Y0M6D',.F.,$,$,$,$,$,0.00);
#99=IFCTASK('mtKRC7n72fMFp35FgFvpup',#6,'Roof structure — House 4',$,$,'4.16',$,$,$,.F.,$,#98,.CONSTRUCTION.);
#100=IFCTASKTIME('Ground floor masonry — House 5 Time',.PREDICTED.,$,.WORKTIME.,'P0Y0M6D','2027-03-01T07:00:00','2027-03-08T07:00:00','2027-05-20T07:00:00','2027-05-27T07:00:00','2027-05-07T07:00:00','2027-05-14T07:00:00','P0Y0M0D','P0Y0M-8D',.T.,$,$,$,$,$,0.00);
#101=IFCTASK('vnXLvBudj9dj272nzHfL6X',#6,'Ground floor masonry — House 5',$,$,'4.17',$,$,$,.F.,$,#100,.CONSTRUCTION.);
#102=IFCTASKTIME('Upper floor slab — House 5 Time',.PREDICTED.,$,.WORKTIME.,'P0Y0M4D','2027-03-01T07:00:00','2027-03-04T07:00:00','2027-05-28T07:00:00','2027-06-02T07:00:00','2027-05-26T07:00:00','2027-05-31T07:00:00','P0Y0M0D','P0Y0M-2D',.T.,$,$,$,$,$,0.00);
#103=IFCTASK('AfERCdDns9djkld1DPSrWd',#6,'Upper floor slab — House 5',$,$,'4.18',$,$,$,.F.,$,#102,.CONSTRUCTION.);
#104=IFCTASKTIME('Upper floor masonry — House 5 Time',.PREDICTED.,$,.WORKTIME.,'P0Y0M6D','2027-03-01T07:00:00','2027-03-08T07:00:00','2027-06-03T07:00:00','2027-06-10T07:00:00','2027-06-01T07:00:00','2027-06-08T07:00:00','P0Y0M0D','P0Y0M-2D',.T.,$,$,$,$,$,0.00);
#105=IFCTASK('zFpvFLpVj9vDKV1XeRMNUD',#6,'Upper floor masonry — House 5',$,$,'4.19',$,$,$,.F.,$,#104,.CONSTRUCTION.);
#106=IFCTASKTIME('Roof structure — House 5 Time',.PREDICTED.,$,.WORKTIME.,'P0Y0M5D','2027-03-01T07:00:00','2027-03-05T07:00:00','2027-06-11T07:00:00','2027-06-17T07:00:00','2027-06-09T07:00:00','2027-06-15T07:00:00','P0Y0M0D','P0Y0M-2D',.T.,$,$,$,$,$,0.00);
#107=IFCTASK('rjrnlRTH5RjfdTP107G9St',#6,'Roof structure — House 5',$,$,'4.20',$,$,$,.F.,$,#106,.CONSTRUCTION.);
#108=IFCTASKTIME('Ground floor masonry — House 6 Time',.PREDICTED.,$,.WORKTIME.,'P0Y0M6D','2027-03-01T07:00:00','2027-03-08T07:00:00','2027-05-28T07:00:00','2027-06-04T07:00:00','2027-05-18T07:00:00','2027-05-25T07:00:00','P0Y0M0D','P0Y0M-8D',.T.,$,$,$,$,$,0.00);
#109=IFCTASK('S$vrb1lvGD_999iHWfEbJ1',#6,'Ground floor masonry — House 6',$,$,'4.21',$,$,$,.F.,$,#108,.CONSTRUCTION.);
#110=IFCTASKTIME('Upper floor slab — House 6 Time',.PREDICTED.,$,.WORKTIME.,'P0Y0M4D','2027-03-01T07:00:00','2027-03-04T07:00:00','2027-06-07T07:00:00','2027-06-10T07:00:00','2027-05-26T07:00:00','2027-05-31T07:00:00','P0Y0M0D','P0Y0M-8D',.T.,$,$,$,$,$,0.00);
#111=IFCTASK('mNGdXtaHZ1sTtBUV5H3fwx',#6,'Upper floor slab — House 6',$,$,'4.22',$,$,$,.F.,$,#110,.CONSTRUCTION.);
#112=IFCTASKTIME('Upper floor masonry — House 6 Time',.PREDICTED.,$,.WORKTIME.,'P0Y0M6D','2027-03-01T07:00:00','2027-03-08T07:00:00','2027-06-11T07:00:00','2027-06-18T07:00:00','2027-06-01T07:00:00','2027-06-08T07:00:00','P0Y0M0D','P0Y0M-8D',.T.,$,$,$,$,$,0.00);
#113=IFCTASK('WXDPvBmNCvePKxO15rar8b',#6,'Upper floor masonry — House 6',$,$,'4.23',$,$,$,.F.,$,#112,.CONSTRUCTION.);
#114=IFCTASKTIME('Roof structure — House 6 Time',.PREDICTED.,$,.WORKTIME.,'P0Y0M5D','2027-03-01T07:00:00','2027-03-05T07:00:00','2027-06-21T07:00:00','2027-06-25T07:00:00','2027-06-09T07:00:00','2027-06-15T07:00:00','P0Y0M0D','P0Y0M-8D',.T.,$,$,$,$,$,0.00);
#115=IFCTASK('3HPzInCVLdSr4t4HPL07Pr',#6,'Roof structure — House 6',$,$,'4.24',$,$,$,.F.,$,#114,.CONSTRUCTION.);
#116=IFCTASKTIME('Topping out reached Time',.PREDICTED.,$,.WORKTIME.,'P0Y0M0D','2027-03-01T07:00:00','2027-03-01T07:00:00','2027-06-25T07:00:00','2027-06-25T07:00:00','2027-08-17T07:00:00','2027-08-17T07:00:00','P0Y0M22D','P0Y0M22D',.F.,$,$,$,$,$,0.00);
#117=IFCTASK('_HF5Yx2No57LklVXgHBnvN',#6,'Topping out reached',$,$,'4.25',$,$,$,.T.,$,#116,.CONSTRUCTION.);
#118=IFCTASKTIME('4. Building services Time',.PREDICTED.,$,.WORKTIME.,'P0Y0M5D','2027-03-01T07:00:00','2027-03-05T07:00:00','2027-05-20T07:00:00','2027-07-06T07:00:00','2027-06-16T07:00:00','2027-06-24T07:00:00','P0Y0M0D','P0Y0M-8D',.T.,$,$,$,$,$,0.00);
#119=IFCTASK('$FjddxI9nFi3DTf$PLeHbR',#6,'4. Building services',$,$,'5',$,$,$,.F.,$,#118,.INSTALLATION.);
#120=IFCTASKTIME('Plumbing — House 1 Time',.PREDICTED.,$,.WORKTIME.,'P0Y0M3D','2027-03-01T07:00:00','2027-03-03T07:00:00','2027-05-20T07:00:00','2027-05-24T07:00:00','2027-06-17T07:00:00','2027-06-21T07:00:00','P0Y0M0D','P0Y0M20D',.F.,$,$,$,$,$,0.00);
#121=IFCTASK('YZWfW$nvIrVblZRl6JVp8j',#6,'Plumbing — House 1',$,$,'5.1',$,$,$,.F.,$,#120,.INSTALLATION.);
#122=IFCTASKTIME('Electrical — House 1 Time',.PREDICTED.,$,.WORKTIME.,'P0Y0M3D','2027-03-01T07:00:00','2027-03-03T07:00:00','2027-05-25T07:00:00','2027-05-27T07:00:00','2027-06-22T07:00:00','2027-06-24T07:00:00','P0Y0M0D','P0Y0M20D',.F.,$,$,$,$,$,0.00);
#123=IFCTASK('jRJ7NFiVHDOtvXv$FNszJV',#6,'Electrical — House 1',$,$,'5.2',$,$,$,.F.,$,#122,.INSTALLATION.);
#124=IFCTASKTIME('Services commissioning inspection — House 1 Time',.PREDICTED.,$,.WORKTIME.,'P0Y0M1D','2027-03-01T07:00:00','2027-03-01T07:00:00','2027-05-27T07:00:00','2027-05-27T07:00:00','2027-06-24T07:00:00','2027-06-24T07:00:00','P0Y0M0D','P0Y0M20D',.F.,$,$,$,$,$,0.00);
#125=IFCTASK('MPGd9ZFPDPlJgtaFv1FZ5l',#6,'Services commissioning inspection — House 1',$,$,'5.3',$,$,$,.F.,$,#124,.ATTENDANCE.);
#126=IFCTASKTIME('Plumbing — House 2 Time',.PREDICTED.,$,.WORKTIME.,'P0Y0M3D','2027-03-01T07:00:00','2027-03-03T07:00:00','2027-05-20T07:00:00','2027-05-24T07:00:00','2027-06-16T07:00:00','2027-06-18T07:00:00','P0Y0M0D','P0Y0M19D',.F.,$,$,$,$,$,0.00);
#127=IFCTASK('WVbl5LDVjt93zb0Vvb6Pdv',#6,'Plumbing — House 2',$,$,'5.4',$,$,$,.F.,$,#126,.INSTALLATION.);
#128=IFCTASKTIME('Electrical — House 2 Time',.PREDICTED.,$,.WORKTIME.,'P0Y0M3D','2027-03-01T07:00:00','2027-03-03T07:00:00','2027-05-25T07:00:00','2027-05-27T07:00:00','2027-06-21T07:00:00','2027-06-23T07:00:00','P0Y0M0D','P0Y0M19D',.F.,$,$,$,$,$,0.00);
#129=IFCTASK('D7QNy1k9nFqZ9LQl3jcvzv',#6,'Electrical — House 2',$,$,'5.5',$,$,$,.F.,$,#128,.INSTALLATION.);
#130=IFCTASKTIME('Services commissioning inspection — House 2 Time',.PREDICTED.,$,.WORKTIME.,'P0Y0M1D','2027-03-01T07:00:00','2027-03-01T07:00:00','2027-05-28T07:00:00','2027-05-28T07:00:00','2027-06-24T07:00:00','2027-06-24T07:00:00','P0Y0M0D','P0Y0M19D',.F.,$,$,$,$,$,0.00);
#131=IFCTASK('9pPz6zKXbLTtzbu1PriJMt',#6,'Services commissioning inspection — House 2',$,$,'5.6',$,$,$,.F.,$,#130,.ATTENDANCE.);
#132=IFCTASKTIME('Plumbing — House 3 Time',.PREDICTED.,$,.WORKTIME.,'P0Y0M3D','2027-03-01T07:00:00','2027-03-03T07:00:00','2027-05-21T07:00:00','2027-05-25T07:00:00','2027-06-16T07:00:00','2027-06-18T07:00:00','P0Y0M0D','P0Y0M18D',.F.,$,$,$,$,$,0.00);
#133=IFCTASK('G9a3Ytbn_9sZ9Bw$a9stWP',#6,'Plumbing — House 3',$,$,'5.7',$,$,$,.F.,$,#132,.INSTALLATION.);
#134=IFCTASKTIME('Electrical — House 3 Time',.PREDICTED.,$,.WORKTIME.,'P0Y0M3D','2027-03-01T07:00:00','2027-03-03T07:00:00','2027-05-26T07:00:00','2027-05-28T07:00:00','2027-06-21T07:00:00','2027-06-23T07:00:00','P0Y0M0D','P0Y0M18D',.F.,$,$,$,$,$,0.00);
#135=IFCTASK('rf2r7vNf63YNzdc1AbEVOr',#6,'Electrical — House 3',$,$,'5.8',$,$,$,.F.,$,#134,.INSTALLATION.);
#136=IFCTASKTIME('Services commissioning inspection — House 3 Time',.PREDICTED.,$,.WORKTIME.,'P0Y0M1D','2027-03-01T07:00:00','2027-03-01T07:00:00','2027-05-31T07:00:00','2027-05-31T07:00:00','2027-06-24T07:00:00','2027-06-24T07:00:00','P0Y0M0D','P0Y0M18D',.F.,$,$,$,$,$,0.00);
#137=IFCTASK('hzfbyXcVvZqTf54nFtoVmX',#6,'Services commissioning inspection — House 3',$,$,'5.9',$,$,$,.F.,$,#136,.ATTENDANCE.);
#138=IFCTASKTIME('Plumbing — House 4 Time',.PREDICTED.,$,.WORKTIME.,'P0Y0M3D','2027-03-01T07:00:00','2027-03-03T07:00:00','2027-06-08T07:00:00','2027-06-10T07:00:00','2027-06-16T07:00:00','2027-06-18T07:00:00','P0Y0M0D','P0Y0M6D',.F.,$,$,$,$,$,0.00);
#139=IFCTASK('C969sr79hpgnPnlX$3eVij',#6,'Plumbing — House 4',$,$,'5.10',$,$,$,.F.,$,#138,.INSTALLATION.);
#140=IFCTASKTIME('Electrical — House 4 Time',.PREDICTED.,$,.WORKTIME.,'P0Y0M3D','2027-03-01T07:00:00','2027-03-03T07:00:00','2027-06-11T07:00:00','2027-06-15T07:00:00','2027-06-21T07:00:00','2027-06-23T07:00:00','P0Y0M0D','P0Y0M6D',.F.,$,$,$,$,$,0.00);
#141=IFCTASK('NdWfy1o9$rrntNO$KVhV8b',#6,'Electrical — House 4',$,$,'5.11',$,$,$,.F.,$,#140,.INSTALLATION.);
#142=IFCTASKTIME('Services commissioning inspection — House 4 Time',.PREDICTED.,$,.WORKTIME.,'P0Y0M1D','2027-03-01T07:00:00','2027-03-01T07:00:00','2027-06-16T07:00:00','2027-06-16T07:00:00','2027-06-24T07:00:00','2027-06-24T07:00:00','P0Y0M0D','P0Y0M6D',.F.,$,$,$,$,$,0.00);
#143=IFCTASK('mfunR$NfgdlJQlTlWt6Prd',#6,'Services commissioning inspection — House 4',$,$,'5.12',$,$,$,.F.,$,#142,.ATTENDANCE.);
#144=IFCTASKTIME('Plumbing — House 5 Time',.PREDICTED.,$,.WORKTIME.,'P0Y0M3D','2027-03-01T07:00:00','2027-03-03T07:00:00','2027-06-18T07:00:00','2027-06-22T07:00:00','2027-06-16T07:00:00','2027-06-18T07:00:00','P0Y0M0D','P0Y0M-2D',.T.,$,$,$,$,$,0.00);
#145=IFCTASK('xHrnv7NNkhpPmr_XLzlruR',#6,'Plumbing — House 5',$,$,'5.13',$,$,$,.F.,$,#144,.INSTALLATION.);
#146=IFCTASKTIME('Electrical — House 5 Time',.PREDICTED.,$,.WORKTIME.,'P0Y0M3D','2027-03-01T07:00:00','2027-03-03T07:00:00','2027-06-23T07:00:00','2027-06-25T07:00:00','2027-06-21T07:00:00','2027-06-23T07:00:00','P0Y0M0D','P0Y0M-2D',.T.,$,$,$,$,$,0.00);
#147=IFCTASK('DPcjzBO7ylRVUNyndheXm$',#6,'Electrical — House 5',$,$,'5.14',$,$,$,.F.,$,#146,.INSTALLATION.);
#148=IFCTASKTIME('Services commissioning inspection — House 5 Time',.PREDICTED.,$,.WORKTIME.,'P0Y0M1D','2027-03-01T07:00:00','2027-03-01T07:00:00','2027-06-28T07:00:00','2027-06-28T07:00:00','2027-06-24T07:00:00','2027-06-24T07:00:00','P0Y0M0D','P0Y0M-2D',.T.,$,$,$,$,$,0.00);
#149=IFCTASK('tjp7tVol5Rx189O$hTR16b',#6,'Services commissioning inspection — House 5',$,$,'5.15',$,$,$,.F.,$,#148,.ATTENDANCE.);
#150=IFCTASKTIME('Plumbing — House 6 Time',.PREDICTED.,$,.WORKTIME.,'P0Y0M3D','2027-03-01T07:00:00','2027-03-03T07:00:00','2027-06-28T07:00:00','2027-06-30T07:00:00','2027-06-16T07:00:00','2027-06-18T07:00:00','P0Y0M0D','P0Y0M-8D',.T.,$,$,$,$,$,0.00);
#151=IFCTASK('Rx4ZC5$dvf_tR$HVDvm9mX',#6,'Plumbing — House 6',$,$,'5.16',$,$,$,.F.,$,#150,.INSTALLATION.);
#152=IFCTASKTIME('Electrical — House 6 Time',.PREDICTED.,$,.WORKTIME.,'P0Y0M3D','2027-03-01T07:00:00','2027-03-03T07:00:00','2027-07-01T07:00:00','2027-07-05T07:00:00','2027-06-21T07:00:00','2027-06-23T07:00:00','P0Y0M0D','P0Y0M-8D',.T.,$,$,$,$,$,0.00);
#153=IFCTASK('a1$T0l$v2t6J2v6lTV93nV',#6,'Electrical — House 6',$,$,'5.17',$,$,$,.F.,$,#152,.INSTALLATION.);
#154=IFCTASKTIME('Services commissioning inspection — House 6 Time',.PREDICTED.,$,.WORKTIME.,'P0Y0M1D','2027-03-01T07:00:00','2027-03-01T07:00:00','2027-07-06T07:00:00','2027-07-06T07:00:00','2027-06-24T07:00:00','2027-06-24T07:00:00','P0Y0M0D','P0Y0M-8D',.T.,$,$,$,$,$,0.00);
#155=IFCTASK('U3qpBT09p7Dt3RO1h3$xV3',#6,'Services commissioning inspection — House 6',$,$,'5.18',$,$,$,.F.,$,#154,.ATTENDANCE.);
#156=IFCTASKTIME('5. Fit-out Time',.PREDICTED.,$,.WORKTIME.,'P0Y0M5D','2027-03-01T07:00:00','2027-03-05T07:00:00','2027-05-28T07:00:00','2027-08-17T07:00:00','2027-06-25T07:00:00','2027-07-15T07:00:00','P0Y0M0D','P0Y0M-8D',.T.,$,$,$,$,$,0.00);
#157=IFCTASK('lf8VGPcXl12RfvonUBxXmV',#6,'5. Fit-out',$,$,'6',$,$,$,.F.,$,#156,.CONSTRUCTION.);
#158=IFCTASKTIME('Plastering — House 1 Time',.PREDICTED.,$,.WORKTIME.,'P0Y0M5D','2027-03-01T07:00:00','2027-03-05T07:00:00','2027-05-28T07:00:00','2027-06-03T07:00:00','2027-06-25T07:00:00','2027-07-01T07:00:00','P0Y0M0D','P0Y0M20D',.F.,$,$,$,$,$,0.00);
#159=IFCTASK('7nFxE3Rnwlm18NqlIVPjgj',#6,'Plastering — House 1',$,$,'6.1',$,$,$,.F.,$,#158,.CONSTRUCTION.);
#160=IFCTASKTIME('Tiling — House 1 Time',.PREDICTED.,$,.WORKTIME.,'P0Y0M3D','2027-03-01T07:00:00','2027-03-03T07:00:00','2027-06-04T07:00:00','2027-06-08T07:00:00','2027-07-06T07:00:00','2027-07-08T07:00:00','P0Y0M0D','P0Y0M22D',.F.,$,$,$,$,$,0.00);
#161=IFCTASK('dXDdbxv91h7Dyz9$epTN2$',#6,'Tiling — House 1',$,$,'6.2',$,$,$,.F.,$,#160,.INSTALLATION.);
#162=IFCTASKTIME('Install sanitary fittings — House 1 Time',.PREDICTED.,$,.WORKTIME.,'P0Y0M3D','2027-03-01T07:00:00','2027-03-03T07:00:00','2027-06-09T07:00:00','2027-06-11T07:00:00','2027-07-09T07:00:00','2027-07-13T07:00:00','P0Y0M0D','P0Y0M22D',.F.,$,$,$,$,$,0.00);
#163=IFCTASK('P1VzEzBHDRp9vVnVPrqbPh',#6,'Install sanitary fittings — House 1',$,$,'6.3',$,$,$,.F.,$,#162,.INSTALLATION.);
#164=IFCTASKTIME('Painting — House 1 Time',.PREDICTED.,$,.WORKTIME.,'P0Y0M4D','2027-03-01T07:00:00','2027-03-04T07:00:00','2027-06-10T07:00:00','2027-06-15T07:00:00','2027-07-12T07:00:00','2027-07-15T07:00:00','P0Y0M0D','P0Y0M22D',.F.,$,$,$,$,$,0.00);
#165=IFCTASK('6Lg3ct4$yHZdajBnB9I$s7',#6,'Painting — House 1',$,$,'6.4',$,$,$,.F.,$,#164,.CONSTRUCTION.);
#166=IFCTASKTIME('Plastering — House 2 Time',.PREDICTED.,$,.WORKTIME.,'P0Y0M5D','2027-03-01T07:00:00','2027-03-05T07:00:00','2027-05-31T07:00:00','2027-06-04T07:00:00','2027-06-25T07:00:00','2027-07-01T07:00:00','P0Y0M0D','P0Y0M19D',.F.,$,$,$,$,$,0.00);
#167=IFCTASK('9ts7nrlPNxtbTBUX3jYnnx',#6,'Plastering — House 2',$,$,'6.5',$,$,$,.F.,$,#166,.CONSTRUCTION.);
#168=IFCTASKTIME('Tiling — House 2 Time',.PREDICTED.,$,.WORKTIME.,'P0Y0M3D','2027-03-01T07:00:00','2027-03-03T07:00:00','2027-06-07T07:00:00','2027-06-09T07:00:00','2027-07-02T07:00:00','2027-07-06T07:00:00','P0Y0M0D','P0Y0M19D',.F.,$,$,$,$,$,0.00);
#169=IFCTASK('ktCDRbbVXxVz5npFBJFTh9',#6,'Tiling — House 2',$,$,'6.6',$,$,$,.F.,$,#168,.INSTALLATION.);
#170=IFCTASKTIME('Install sanitary fittings — House 2 Time',.PREDICTED.,$,.WORKTIME.,'P0Y0M3D','2027-03-01T07:00:00','2027-03-03T07:00:00','2027-06-10T07:00:00','2027-06-14T07:00:00','2027-07-07T07:00:00','2027-07-09T07:00:00','P0Y0M0D','P0Y0M19D',.F.,$,$,$,$,$,0.00);
#171=IFCTASK('d5Cpl179LDEvIHnXbXB1wX',#6,'Install sanitary fittings — House 2',$,$,'6.7',$,$,$,.F.,$,#170,.INSTALLATION.);
#172=IFCTASKTIME('Painting — House 2 Time',.PREDICTED.,$,.WORKTIME.,'P0Y0M4D','2027-03-01T07:00:00','2027-03-04T07:00:00','2027-06-15T07:00:00','2027-06-18T07:00:00','2027-07-12T07:00:00','2027-07-15T07:00:00','P0Y0M0D','P0Y0M19D',.F.,$,$,$,$,$,0.00);
#173=IFCTASK('uDfJ7vH7CvePSjRn8r4T9n',#6,'Painting — House 2',$,$,'6.8',$,$,$,.F.,$,#172,.CONSTRUCTION.);
#174=IFCTASKTIME('Plastering — House 3 Time',.PREDICTED.,$,.WORKTIME.,'P0Y0M5D','2027-03-01T07:00:00','2027-03-05T07:00:00','2027-06-01T07:00:00','2027-06-07T07:00:00','2027-06-25T07:00:00','2027-07-01T07:00:00','P0Y0M0D','P0Y0M18D',.F.,$,$,$,$,$,0.00);
#175=IFCTASK('VzCpRRTlF36103rnfjHzVd',#6,'Plastering — House 3',$,$,'6.9',$,$,$,.F.,$,#174,.CONSTRUCTION.);
#176=IFCTASKTIME('Tiling — House 3 Time',.PREDICTED.,$,.WORKTIME.,'P0Y0M3D','2027-03-01T07:00:00','2027-03-03T07:00:00','2027-06-08T07:00:00','2027-06-10T07:00:00','2027-07-02T07:00:00','2027-07-06T07:00:00','P0Y0M0D','P0Y0M18D',.F.,$,$,$,$,$,0.00);
#177=IFCTASK('pvQNe5APJhPj6jnV5lR$QB',#6,'Tiling — House 3',$,$,'6.10',$,$,$,.F.,$,#176,.INSTALLATION.);
#178=IFCTASKTIME('Install sanitary fittings — House 3 Time',.PREDICTED.,$,.WORKTIME.,'P0Y0M3D','2027-03-01T07:00:00','2027-03-03T07:00:00','2027-06-11T07:00:00','2027-06-15T07:00:00','2027-07-07T07:00:00','2027-07-09T07:00:00','P0Y0M0D','P0Y0M18D',.F.,$,$,$,$,$,0.00);
#179=IFCTASK('n7onFhZ1cX_9rP61ODztGF',#6,'Install sanitary fittings — House 3',$,$,'6.11',$,$,$,.F.,$,#178,.INSTALLATION.);
#180=IFCTASKTIME('Painting — House 3 Time',.PREDICTED.,$,.WORKTIME.,'P0Y0M4D','2027-03-01T07:00:00','2027-03-04T07:00:00','2027-06-16T07:00:00','2027-06-21T07:00:00','2027-07-12T07:00:00','2027-07-15T07:00:00','P0Y0M0D','P0Y0M18D',.F.,$,$,$,$,$,0.00);
#181=IFCTASK('h7yZGtCFSrJ7ohcl5HZ9WP',#6,'Painting — House 3',$,$,'6.12',$,$,$,.F.,$,#180,.CONSTRUCTION.);
#182=IFCTASKTIME('Plastering — House 4 Time',.PREDICTED.,$,.WORKTIME.,'P0Y0M5D','2027-03-01T07:00:00','2027-03-05T07:00:00','2027-06-17T07:00:00','2027-06-23T07:00:00','2027-06-25T07:00:00','2027-07-01T07:00:00','P0Y0M0D','P0Y0M6D',.F.,$,$,$,$,$,0.00);
#183=IFCTASK('tD$rr7c7GjcpuHd1BpTfkL',#6,'Plastering — House 4',$,$,'6.13',$,$,$,.F.,$,#182,.CONSTRUCTION.);
#184=IFCTASKTIME('Tiling — House 4 Time',.PREDICTED.,$,.WORKTIME.,'P0Y0M3D','2027-03-01T07:00:00','2027-03-03T07:00:00','2027-06-24T07:00:00','2027-06-28T07:00:00','2027-07-02T07:00:00','2027-07-06T07:00:00','P0Y0M0D','P0Y0M6D',.F.,$,$,$,$,$,0.00);
#185=IFCTASK('ObG7XJklPpkdmLAHmllz3v',#6,'Tiling — House 4',$,$,'6.14',$,$,$,.F.,$,#184,.INSTALLATION.);
#186=IFCTASKTIME('Install sanitary fittings — House 4 Time',.PREDICTED.,$,.WORKTIME.,'P0Y0M3D','2027-03-01T07:00:00','2027-03-03T07:00:00','2027-06-29T07:00:00','2027-07-01T07:00:00','2027-07-07T07:00:00','2027-07-09T07:00:00','P0Y0M0D','P0Y0M6D',.F.,$,$,$,$,$,0.00);
#187=IFCTASK('K7S3ETndDvhHj$5lWt6dZx',#6,'Install sanitary fittings — House 4',$,$,'6.15',$,$,$,.F.,$,#186,.INSTALLATION.);
#188=IFCTASKTIME('Painting — House 4 Time',.PREDICTED.,$,.WORKTIME.,'P0Y0M4D','2027-03-01T07:00:00','2027-03-04T07:00:00','2027-07-02T07:00:00','2027-07-07T07:00:00','2027-07-12T07:00:00','2027-07-15T07:00:00','P0Y0M0D','P0Y0M6D',.F.,$,$,$,$,$,0.00);
#189=IFCTASK('Z$vrLNGNWxFDOdg$xlR$wR',#6,'Painting — House 4',$,$,'6.16',$,$,$,.F.,$,#188,.CONSTRUCTION.);
#190=IFCTASKTIME('Plastering — House 5 Time',.PREDICTED.,$,.WORKTIME.,'P0Y0M5D','2027-03-01T07:00:00','2027-03-05T07:00:00','2027-06-29T07:00:00','2027-07-05T07:00:00','2027-06-25T07:00:00','2027-07-01T07:00:00','P0Y0M0D','P0Y0M-2D',.T.,$,$,$,$,$,0.00);
#191=IFCTASK('wBoFhfW9Zpm$KVVXgnnhwV',#6,'Plastering — House 5',$,$,'6.17',$,$,$,.F.,$,#190,.CONSTRUCTION.);
#192=IFCTASKTIME('Tiling — House 5 Time',.PREDICTED.,$,.WORKTIME.,'P0Y0M3D','2027-03-01T07:00:00','2027-03-03T07:00:00','2027-07-06T07:00:00','2027-07-08T07:00:00','2027-07-02T07:00:00','2027-07-06T07:00:00','P0Y0M0D','P0Y0M-2D',.T.,$,$,$,$,$,0.00);
#193=IFCTASK('mf09EXA1ePN5Tt4FZ307J$',#6,'Tiling — House 5',$,$,'6.18',$,$,$,.F.,$,#192,.INSTALLATION.);
#194=IFCTASKTIME('Install sanitary fittings — House 5 Time',.PREDICTED.,$,.WORKTIME.,'P0Y0M3D','2027-03-01T07:00:00','2027-03-03T07:00:00','2027-07-09T07:00:00','2027-07-13T07:00:00','2027-07-07T07:00:00','2027-07-09T07:00:00','P0Y0M0D','P0Y0M-2D',.T.,$,$,$,$,$,0.00);
#195=IFCTASK('RR8VW179jNpde72FxBK5lL',#6,'Install sanitary fittings — House 5',$,$,'6.19',$,$,$,.F.,$,#194,.INSTALLATION.);
#196=IFCTASKTIME('Painting — House 5 Time',.PREDICTED.,$,.WORKTIME.,'P0Y0M4D','2027-03-01T07:00:00','2027-03-04T07:00:00','2027-07-14T07:00:00','2027-07-19T07:00:00','2027-07-12T07:00:00','2027-07-15T07:00:00','P0Y0M0D','P0Y0M-2D',.T.,$,$,$,$,$,0.00);
#197=IFCTASK('zps777l78tXb1LknWfoRnX',#6,'Painting — House 5',$,$,'6.20',$,$,$,.F.,$,#196,.CONSTRUCTION.);
#198=IFCTASKTIME('Plastering — House 6 Time',.PREDICTED.,$,.WORKTIME.,'P0Y0M5D','2027-03-01T07:00:00','2027-03-05T07:00:00','2027-07-07T07:00:00','2027-07-13T07:00:00','2027-06-25T07:00:00','2027-07-01T07:00:00','P0Y0M0D','P0Y0M-8D',.T.,$,$,$,$,$,0.00);
#199=IFCTASK('ADHbmfO7u$oBqLwlRbQvfz',#6,'Plastering — House 6',$,$,'6.21',$,$,$,.F.,$,#198,.CONSTRUCTION.);
#200=IFCTASKTIME('Tiling — House 6 Time',.PREDICTED.,$,.WORKTIME.,'P0Y0M3D','2027-03-01T07:00:00','2027-03-03T07:00:00','2027-07-14T07:00:00','2027-07-16T07:00:00','2027-07-02T07:00:00','2027-07-06T07:00:00','P0Y0M0D','P0Y0M-8D',.T.,$,$,$,$,$,0.00);
#201=IFCTASK('NvCxALLHZ1_RFJpHv1vRll',#6,'Tiling — House 6',$,$,'6.22',$,$,$,.F.,$,#200,.INSTALLATION.);
#202=IFCTASKTIME('Install sanitary fittings — House 6 Time',.PREDICTED.,$,.WORKTIME.,'P0Y0M3D','2027-03-01T07:00:00','2027-03-03T07:00:00','2027-07-19T07:00:00','2027-07-21T07:00:00','2027-07-07T07:00:00','2027-07-09T07:00:00','P0Y0M0D','P0Y0M-8D',.T.,$,$,$,$,$,0.00);
#203=IFCTASK('tptp7LqVHVslpHJlFNMZPP',#6,'Install sanitary fittings — House 6',$,$,'6.23',$,$,$,.F.,$,#202,.INSTALLATION.);
#204=IFCTASKTIME('Painting — House 6 Time',.PREDICTED.,$,.WORKTIME.,'P0Y0M4D','2027-03-01T07:00:00','2027-03-04T07:00:00','2027-07-22T07:00:00','2027-08-17T07:00:00','2027-07-12T07:00:00','2027-07-15T07:00:00','P0Y0M0D','P0Y0M-8D',.T.,$,$,$,$,$,0.00);
#205=IFCTASK('oBvTSFalRhhlVlnXZzelpn',#6,'Painting — House 6',$,$,'6.24',$,$,$,.F.,$,#204,.CONSTRUCTION.);
#206=IFCTASKTIME('6. Handover Time',.PREDICTED.,$,.WORKTIME.,'P0Y0M5D','2027-03-01T07:00:00','2027-03-05T07:00:00','2027-06-15T07:00:00','2027-08-17T07:00:00','2027-07-15T07:00:00','2027-07-15T07:00:00','P0Y0M-8D','P0Y0M-8D',.T.,$,$,$,$,$,0.00);
#207=IFCTASK('DP_B7Pr$4ntbHZDFxhGNMf',#6,'6. Handover',$,$,'7',$,$,$,.F.,$,#206,.ATTENDANCE.);
#208=IFCTASKTIME('Handover inspection — House 1 Time',.PREDICTED.,$,.WORKTIME.,'P0Y0M0D','2027-03-01T07:00:00','2027-03-01T07:00:00','2027-06-15T07:00:00','2027-06-15T07:00:00','2027-07-15T07:00:00','2027-07-15T07:00:00','P0Y0M30D','P0Y0M22D',.F.,$,$,$,$,$,0.00);
#209=IFCTASK('DBfjfnKFAh7pS7sHexEb7b',#6,'Handover inspection — House 1',$,$,'7.1',$,$,$,.T.,$,#208,.CONSTRUCTION.);
#210=IFCTASKTIME('Handover inspection — House 2 Time',.PREDICTED.,$,.WORKTIME.,'P0Y0M0D','2027-03-01T07:00:00','2027-03-01T07:00:00','2027-06-18T07:00:00','2027-06-18T07:00:00','2027-07-15T07:00:00','2027-07-15T07:00:00','P0Y0M27D','P0Y0M19D',.F.,$,$,$,$,$,0.00);
#211=IFCTASK('1JsZSna$M5NxvDxHi$NL_1',#6,'Handover inspection — House 2',$,$,'7.2',$,$,$,.T.,$,#210,.CONSTRUCTION.);
#212=IFCTASKTIME('Handover inspection — House 3 Time',.PREDICTED.,$,.WORKTIME.,'P0Y0M0D','2027-03-01T07:00:00','2027-03-01T07:00:00','2027-06-21T07:00:00','2027-06-21T07:00:00','2027-07-15T07:00:00','2027-07-15T07:00:00','P0Y0M26D','P0Y0M18D',.F.,$,$,$,$,$,0.00);
#213=IFCTASK('PVpdHXh$g5ljw$DnLzHr8b',#6,'Handover inspection — House 3',$,$,'7.3',$,$,$,.T.,$,#212,.CONSTRUCTION.);
#214=IFCTASKTIME('Handover inspection — House 4 Time',.PREDICTED.,$,.WORKTIME.,'P0Y0M0D','2027-03-01T07:00:00','2027-03-01T07:00:00','2027-07-07T07:00:00','2027-07-07T07:00:00','2027-07-15T07:00:00','2027-07-15T07:00:00','P0Y0M14D','P0Y0M6D',.F.,$,$,$,$,$,0.00);
#215=IFCTASK('7rA7NHOP$NBFPlBFDhnhQr',#6,'Handover inspection — House 4',$,$,'7.4',$,$,$,.T.,$,#214,.CONSTRUCTION.);
#216=IFCTASKTIME('Handover inspection — House 5 Time',.PREDICTED.,$,.WORKTIME.,'P0Y0M0D','2027-03-01T07:00:00','2027-03-01T07:00:00','2027-07-19T07:00:00','2027-07-19T07:00:00','2027-07-15T07:00:00','2027-07-15T07:00:00','P0Y0M6D','P0Y0M-2D',.T.,$,$,$,$,$,0.00);
#217=IFCTASK('rJ5V0njXRXrFPnf1rtMNo9',#6,'Handover inspection — House 5',$,$,'7.5',$,$,$,.T.,$,#216,.CONSTRUCTION.);
#218=IFCTASKTIME('Handover inspection — House 6 Time',.PREDICTED.,$,.WORKTIME.,'P0Y0M0D','2027-03-01T07:00:00','2027-03-01T07:00:00','2027-08-17T07:00:00','2027-08-17T07:00:00','2027-07-15T07:00:00','2027-07-15T07:00:00','P0Y0M0D','P0Y0M-8D',.T.,$,$,$,$,$,0.00);
#219=IFCTASK('X1$Zmf0t$Lnhsb0XDLdjYD',#6,'Handover inspection — House 6',$,$,'7.6',$,$,$,.T.,$,#218,.CONSTRUCTION.);
#220=IFCTASKTIME('Contractual project handover Time',.PREDICTED.,$,.WORKTIME.,'P0Y0M0D','2027-03-01T07:00:00','2027-03-01T07:00:00','2027-08-17T07:00:00','2027-08-17T07:00:00','2027-07-15T07:00:00','2027-07-15T07:00:00','P0Y0M-8D','P0Y0M-8D',.T.,$,$,$,$,$,0.00);
#221=IFCTASK('ivq5shpV5bhHl90VXHXDy7',#6,'Contractual project handover','Contractual completion date agreed with the client; the deadline deliberately falls before the earliest achievable date (negative total float).',$,'7.7',$,$,$,.T.,$,#220,.CONSTRUCTION.);
#222=IFCRELNESTS('BNcjHxVdPJ_Rp3plVpYhMp',#6,'WBS 1. Site set-up',$,#47,( #49,#51,#53,#55));
#223=IFCRELNESTS('BpVhVNmNu9FLcnN1FtoXKp',#6,'WBS 2. Foundations (shared)',$,#57,( #59,#61,#63,#65));
#224=IFCRELNESTS('bb8n3rOPXdFp4tyldLeX8R',#6,'WBS 3. Structural works per house',$,#67,( #69,#71,#73,#75,#77,#79,#81,#83,#85,#87,#89,#91,#93,#95,#97,#99,#101,#103,#105,#107,#109,#111,#113,#115,#117));
#225=IFCRELNESTS('eZRH1P6XHD87_jTlafYLA3',#6,'WBS 4. Building services',$,#119,( #121,#123,#125,#127,#129,#131,#133,#135,#137,#139,#141,#143,#145,#147,#149,#151,#153,#155));
#226=IFCRELNESTS('8hsZuDNNwn4pWjv1dryTPP',#6,'WBS 5. Fit-out',$,#157,( #159,#161,#163,#165,#167,#169,#171,#173,#175,#177,#179,#181,#183,#185,#187,#189,#191,#193,#195,#197,#199,#201,#203,#205));
#227=IFCRELNESTS('cRWNGPUnobp9HThljtQvRb',#6,'WBS 6. Handover',$,#207,( #209,#211,#213,#215,#217,#219,#221));
#228=IFCRELNESTS('tjjP5r1vgdnD4TBHzDgTrv',#6,'WBS Hoofd',$,#41,(#45,#47,#57,#67,#119,#157,#207));
#229=IFCRELSEQUENCE('vlz9U5YfKN_tFD9171$Jo9',#6,$,$,#45,#49,$,.FINISH_START.,$);
#230=IFCRELSEQUENCE('ChjPzv$PPd4LMBYXXlFTd7',#6,$,$,#49,#51,$,.FINISH_START.,$);
#231=IFCRELSEQUENCE('F7MddxYNGZaJwJf1cTBFjZ',#6,$,$,#51,#53,$,.FINISH_START.,$);
#232=IFCRELSEQUENCE('W$7rDp1dFZIL2jrnBtEXqT',#6,$,$,#53,#55,$,.FINISH_START.,$);
#233=IFCRELSEQUENCE('uD9Dbbzl5lz7IFzFW92Hzd',#6,$,$,#55,#59,$,.FINISH_START.,$);
#234=IFCRELSEQUENCE('uLULhDEt$L15j$BH11BFFb',#6,$,$,#59,#61,$,.FINISH_START.,$);
#235=IFCLAGTIME('Lag',.PREDICTED.,$,IFCDURATION('P3D'),.ELAPSEDTIME.);
#236=IFCRELSEQUENCE('1DQfanaHn3Mnv1jF5lLln$',#6,$,$,#61,#63,#235,.FINISH_START.,$);
#237=IFCRELSEQUENCE('0H1rfHOvCv8vwDLHrpJvvx',#6,$,$,#63,#65,$,.FINISH_START.,$);
#238=IFCRELSEQUENCE('HRRlFHFPzl0FVR4nRXbn7N',#6,$,$,#69,#71,$,.FINISH_START.,$);
#239=IFCRELSEQUENCE('sNYhZtT1MPnpqn$VsVhV0f',#6,$,$,#71,#73,$,.FINISH_START.,$);
#240=IFCRELSEQUENCE('qtonrPs$4Rz7wJlXb5AzhJ',#6,$,$,#73,#75,$,.FINISH_START.,$);
#241=IFCRELSEQUENCE('XTm79XIHZjSJ6$ZnAbk1IL',#6,$,$,#77,#79,$,.FINISH_START.,$);
#242=IFCRELSEQUENCE('WXz9oZnP1L9z71bHElvR19',#6,$,$,#79,#81,$,.FINISH_START.,$);
#243=IFCRELSEQUENCE('nhjPdboHHDOdmLclldazpH',#6,$,$,#81,#83,$,.FINISH_START.,$);
#244=IFCRELSEQUENCE('5rIlP5ot3Hu7InRHI$3N2V',#6,$,$,#69,#77,$,.FINISH_START.,$);
#245=IFCRELSEQUENCE('KxvB7vXdp5HJQzjlFNQpmV',#6,$,$,#85,#87,$,.FINISH_START.,$);
#246=IFCRELSEQUENCE('JfunPf17QDmXAvclPhm9Cn',#6,$,$,#87,#89,$,.FINISH_START.,$);
#247=IFCRELSEQUENCE('0FJd3v7tbr933R0VH7GNkr',#6,$,$,#89,#91,$,.FINISH_START.,$);
#248=IFCRELSEQUENCE('Ddg3ct4HhvuNBJbnyLHrWP',#6,$,$,#77,#85,$,.FINISH_START.,$);
#249=IFCRELSEQUENCE('KP0967k9dDcVMtKFQzNTnx',#6,$,$,#93,#95,$,.FINISH_START.,$);
#250=IFCRELSEQUENCE('DLrnNHmf812R9tCFyrBn5l',#6,$,$,#95,#97,$,.FINISH_START.,$);
#251=IFCRELSEQUENCE('4jAZuB87cVgn1LAl0vGfMt',#6,$,$,#97,#99,$,.FINISH_START.,$);
#252=IFCRELSEQUENCE('bbeHxLZ1_NE7kRCFSRH3JV',#6,$,$,#85,#93,$,.FINISH_START.,$);
#253=IFCRELSEQUENCE('G94rj3T$_Nw1qhUFzjI$21',#6,$,$,#101,#103,$,.FINISH_START.,$);
#254=IFCRELSEQUENCE('N7KJ7dZlJNxXohsl4rzfMD',#6,$,$,#103,#105,$,.FINISH_START.,$);
#255=IFCRELSEQUENCE('IfGPNp$PhJYxbrUVj5TN2z',#6,$,$,#105,#107,$,.FINISH_START.,$);
#256=IFCRELSEQUENCE('$pIHNJ3lV7rFpZP1at2HrZ',#6,$,$,#93,#101,$,.FINISH_START.,$);
#257=IFCRELSEQUENCE('JNO1Y52fQXslBDHXJNYhgp',#6,$,$,#109,#111,$,.FINISH_START.,$);
#258=IFCRELSEQUENCE('xlp7nrdtV7JfN5inQ7qb1N',#6,$,$,#111,#113,$,.FINISH_START.,$);
#259=IFCRELSEQUENCE('RxqxQtqFWRz7cn1XcTxVK$',#6,$,$,#113,#115,$,.FINISH_START.,$);
#260=IFCRELSEQUENCE('5FfJJTPtdJATl9mVYdKjwb',#6,$,$,#101,#109,$,.FINISH_START.,$);
#261=IFCRELSEQUENCE('dxyTOZFPhjsTXnbHsXB$kB',#6,$,$,#65,#69,$,.FINISH_START.,$);
#262=IFCRELSEQUENCE('qBdzIjh1_38vs5KlmXdJ2Z',#6,$,$,#75,#117,$,.FINISH_START.,$);
#263=IFCRELSEQUENCE('oBFxwPg1QXIPm5aFTVNZrv',#6,$,$,#83,#117,$,.FINISH_START.,$);
#264=IFCRELSEQUENCE('d5ShP5gPX5Vz9fO1afQpK$',#6,$,$,#91,#117,$,.FINISH_START.,$);
#265=IFCRELSEQUENCE('Q1XzslvtXxPB0Zt1bbQ7rZ',#6,$,$,#99,#117,$,.FINISH_START.,$);
#266=IFCRELSEQUENCE('nPobm7sdlVMF$BoVuz1x79',#6,$,$,#107,#117,$,.FINISH_START.,$);
#267=IFCRELSEQUENCE('P$XzIDXPR$lrqHpH$zGfYj',#6,$,$,#115,#117,$,.FINISH_START.,$);
#268=IFCRELSEQUENCE('vrY1oX6VzHOtTBkXwjH3Zf',#6,$,$,#75,#121,$,.FINISH_START.,$);
#269=IFCRELSEQUENCE('nhrnpJ3HtLDdy3VVAbEXiD',#6,$,$,#121,#123,$,.FINISH_START.,$);
#270=IFCLAGTIME('Lag',.PREDICTED.,$,IFCDURATION('-P1D'),.WORKTIME.);
#271=IFCRELSEQUENCE('n7QN8J5VL7G1ib4H9zlrGn',#6,$,$,#123,#125,#270,.FINISH_START.,$);
#272=IFCRELSEQUENCE('iPOHFHNfS$fTZtKli1FTPv',#6,$,$,#83,#127,$,.FINISH_START.,$);
#273=IFCRELSEQUENCE('6rQNSFaH3HWHfbu1r9YF1J',#6,$,$,#127,#129,$,.FINISH_START.,$);
#274=IFCRELSEQUENCE('Cfk5IjTlVRLHpF1X29MNIr',#6,$,$,#129,#131,$,.FINISH_START.,$);
#275=IFCRELSEQUENCE('6F$rrP6XxRx1qrYV$XFLUn',#6,$,$,#91,#133,$,.FINISH_START.,$);
#276=IFCRELSEQUENCE('xh_Bflmf_fQXcHLnlh9zlF',#6,$,$,#133,#135,$,.FINISH_START.,$);
#277=IFCRELSEQUENCE('xL2rXjEHNFlJsR81Phelzv',#6,$,$,#135,#137,$,.FINISH_START.,$);
#278=IFCRELSEQUENCE('MduVuLCnCdSBO$d183nhQF',#6,$,$,#99,#139,$,.FINISH_START.,$);
#279=IFCRELSEQUENCE('4FtpLjYFo5Fpqlbnmn39Sb',#6,$,$,#139,#141,$,.FINISH_START.,$);
#280=IFCRELSEQUENCE('xLsZaFSHv9EBi$BHnfQp4h',#6,$,$,#141,#143,$,.FINISH_START.,$);
#281=IFCRELSEQUENCE('yHJdR5dtBfQXs5al$ZKJ2T',#6,$,$,#107,#145,$,.FINISH_START.,$);
#282=IFCRELSEQUENCE('vLIxUNd9NR5$uNyFTTyLgf',#6,$,$,#145,#147,$,.FINISH_START.,$);
#283=IFCRELSEQUENCE('WXBV0H17QDmXwj7$3D_ru5',#6,$,$,#147,#149,$,.FINISH_START.,$);
#284=IFCRELSEQUENCE('qf_Bt1gd5bx$mRO$8h0vf3',#6,$,$,#115,#151,$,.FINISH_START.,$);
#285=IFCRELSEQUENCE('f3NbW179n32ttNGVsbk1cF',#6,$,$,#151,#153,$,.FINISH_START.,$);
#286=IFCRELSEQUENCE('aVBXOzhlRhjvEr2Xj9wdFR',#6,$,$,#153,#155,$,.FINISH_START.,$);
#287=IFCRELSEQUENCE('CrvTCvvtLJkLA7AHyh9zVv',#6,$,$,#125,#159,$,.FINISH_START.,$);
#288=IFCRELSEQUENCE('X1dLJVA$qdq5HtGXaRnZnx',#6,$,$,#159,#161,$,.FINISH_START.,$);
#289=IFCRELSEQUENCE('5nP32ha$2Tqx9r2XxBazll',#6,$,$,#161,#163,$,.FINISH_START.,$);
#290=IFCLAGTIME('Lag',.PREDICTED.,$,IFCRATIOMEASURE(0.4),.WORKTIME.);
#291=IFCRELSEQUENCE('1nLHBTGN0r1x7Jf1ITqD09',#6,$,$,#163,#165,#290,.START_START.,$);
#292=IFCRELSEQUENCE('rpn5EVklX7x1iRKFMh0vLp',#6,$,$,#131,#167,$,.FINISH_START.,$);
#293=IFCRELSEQUENCE('EP_rfnal9XrFfPoVurqpqZ',#6,$,$,#167,#169,$,.FINISH_START.,$);
#294=IFCRELSEQUENCE('Oz$TGdElZ$g3$LslyPWd3L',#6,$,$,#169,#171,$,.FINISH_START.,$);
#295=IFCRELSEQUENCE('VVZfyVs1uVAl1$t$ZXvp4v',#6,$,$,#171,#173,$,.FINISH_START.,$);
#296=IFCRELSEQUENCE('6BsvxFhHrz8vUfqHITixLf',#6,$,$,#137,#175,$,.FINISH_START.,$);
#297=IFCRELSEQUENCE('NzfR0npV79ILYtmVw92HVv',#6,$,$,#175,#177,$,.FINISH_START.,$);
#298=IFCRELSEQUENCE('j9q5gXxVnlWHLTTn6NULch',#6,$,$,#177,#179,$,.FINISH_START.,$);
#299=IFCRELSEQUENCE('LdWNWXL$MRzvMB6$0PCbjV',#6,$,$,#179,#181,$,.FINISH_START.,$);
#300=IFCRELSEQUENCE('xlb1cfmfgxtR1rQ12ts9CT',#6,$,$,#143,#183,$,.FINISH_START.,$);
#301=IFCRELSEQUENCE('DvoF$34lvTaJQ3hnjtoVCH',#6,$,$,#183,#185,$,.FINISH_START.,$);
#302=IFCRELSEQUENCE('UZO$w3inI17pyNWXb5cpGn',#6,$,$,#185,#187,$,.FINISH_START.,$);
#303=IFCRELSEQUENCE('lxljB7QvylhH$VTleppd1p',#6,$,$,#187,#189,$,.FINISH_START.,$);
#304=IFCRELSEQUENCE('uhsT0H79HpuvcTHVbRk1_Z',#6,$,$,#149,#191,$,.FINISH_START.,$);
#305=IFCRELSEQUENCE('yHztYbklf5Fpy94F$VNTlL',#6,$,$,#191,#193,$,.FINISH_START.,$);
#306=IFCRELSEQUENCE('xnXLNDffMP$ZhTbHEHFZpp',#6,$,$,#193,#195,$,.FINISH_START.,$);
#307=IFCRELSEQUENCE('d1Fppl8dNHrF$LAHODJvPr',#6,$,$,#195,#197,$,.FINISH_START.,$);
#308=IFCRELSEQUENCE('ohb$sHHddjUxzPA$Z$Ll3P',#6,$,$,#155,#199,$,.FINISH_START.,$);
#309=IFCRELSEQUENCE('P$FphJM1_tM3pZd1WtI1YJ',#6,$,$,#199,#201,$,.FINISH_START.,$);
#310=IFCRELSEQUENCE('JtSzAFhHPvePGhoFwJXpK$',#6,$,$,#201,#203,$,.FINISH_START.,$);
#311=IFCRELSEQUENCE('W1t5M5tNqv0Fz5iFkXFLsv',#6,$,$,#203,#205,$,.FINISH_START.,$);
#312=IFCRELSEQUENCE('dRWfq7P9$t$5xxe$v19r09',#6,$,$,#159,#167,$,.START_START.,$);
#313=IFCRELSEQUENCE('_ldzctallpufZtaFnRHztp',#6,$,$,#165,#209,$,.FINISH_START.,$);
#314=IFCRELSEQUENCE('XZmdNJh1kVBnBd2VLZBF5F',#6,$,$,#163,#209,$,.FINISH_START.,$);
#315=IFCRELSEQUENCE('yl5VKNd9HVcVAds$xBi57N',#6,$,$,#173,#211,$,.FINISH_START.,$);
#316=IFCRELSEQUENCE('$pU1MXr145nDSdc1s1$jk7',#6,$,$,#171,#211,$,.FINISH_START.,$);
#317=IFCRELSEQUENCE('SXrXW11dHJyDGRmXm1J7DH',#6,$,$,#181,#213,$,.FINISH_START.,$);
#318=IFCRELSEQUENCE('7Hz9gVB$Wb37EBUXDBDPb$',#6,$,$,#179,#213,$,.FINISH_START.,$);
#319=IFCRELSEQUENCE('ypMdTf9f_fovoLclR1$j_z',#6,$,$,#189,#215,$,.FINISH_START.,$);
#320=IFCRELSEQUENCE('h3HjPtJVnHuNthAH4rrFF5',#6,$,$,#187,#215,$,.FINISH_START.,$);
#321=IFCRELSEQUENCE('aZWNW1P9b$15NRO1KVJv3v',#6,$,$,#197,#217,$,.FINISH_START.,$);
#322=IFCRELSEQUENCE('e5q5ctKXhJcDKxu1gnt3rz',#6,$,$,#195,#217,$,.FINISH_START.,$);
#323=IFCRELSEQUENCE('O54ZaD6voRBn7XXXA1dxTR',#6,$,$,#205,#219,$,.FINISH_START.,$);
#324=IFCRELSEQUENCE('Evon91AdhPqxZ9SHT$LH7x',#6,$,$,#203,#219,$,.FINISH_START.,$);
#325=IFCRELSEQUENCE('exyT8JjnmjsT7jXVojwdj3',#6,$,$,#209,#221,$,.FINISH_START.,$);
#326=IFCRELSEQUENCE('VTe$AhpVlDe9$LUnldKjs7',#6,$,$,#211,#221,$,.FINISH_START.,$);
#327=IFCRELSEQUENCE('3JMzQNmfIVR1mh6HNNk5tl',#6,$,$,#213,#221,$,.FINISH_START.,$);
#328=IFCRELSEQUENCE('TTWN4V2FCzcVMBkVwfcpOz',#6,$,$,#215,#221,$,.FINISH_START.,$);
#329=IFCRELSEQUENCE('BjJdH179ZXkPqBM19Zjvf3',#6,$,$,#217,#221,$,.FINISH_START.,$);
#330=IFCRELSEQUENCE('TVxF9V2FqvWlXnBHv5gThf',#6,$,$,#219,#221,$,.FINISH_START.,$);
#331=IFCCREWRESOURCE('HRj7rv67k$NZPzpHlBxXub',#6,'Masonry crew','Overarching masonry crew (moves from house to house)',$,$,$,$,.USERDEFINED.);
#332=IFCLABORRESOURCE('xLg3UNldVP7LUtWVPFXbj1',#6,'Bricklayers',$,$,$,$,$,.USERDEFINED.);
#333=IFCLABORRESOURCE('L7yBlbh1_TajMrs$5hWP3h',#6,'Carpenters',$,$,$,$,$,.USERDEFINED.);
#334=IFCLABORRESOURCE('tpPzcfmNoFX3NPA1pdaBWP',#6,'MEP fitters',$,$,$,$,$,.USERDEFINED.);
#335=IFCLABORRESOURCE('8DFxEXUn_ZiRfv6lRb2Hpl',#6,'Plasterers',$,$,$,$,$,.USERDEFINED.);
#336=IFCLABORRESOURCE('7nPzETnPHJK3DZd10dKJ65',#6,'Painters',$,$,$,$,$,.USERDEFINED.);
#337=IFCCONSTRUCTIONMATERIALRESOURCE('X3ShVfOdTJarSjDlBjtBCH',#6,'Concrete C20/25',$,$,$,$,$,.USERDEFINED.);
#338=IFCPROPERTYSINGLEVALUE('Color',$,IFCTEXT('#1E293B'),$);
#339=IFCPROPERTYSET('b5a3Q94ldp29pzTlabtBiV',#6,'OPS_Resource',$,(#338));
#340=IFCRELDEFINESBYPROPERTIES('CfQj$TO7iDO9DzLnlBTt4P',#6,$,$,(#331),#339);
#341=IFCPROPERTYSINGLEVALUE('MaxUnits',$,IFCREAL(6),$);
#342=IFCPROPERTYSINGLEVALUE('CostPerHour',$,IFCMONETARYMEASURE(46),$);
#343=IFCPROPERTYSINGLEVALUE('Color',$,IFCTEXT('#B91C1C'),$);
#344=IFCPROPERTYSINGLEVALUE('ParentGuid',$,IFCTEXT('HRj7rv67k$NZPzpHlBxXub'),$);
#345=IFCPROPERTYSET('dVztklOvutXRpzDHtPG9Sb',#6,'OPS_Resource',$,(#341,#342,#343,#344));
#346=IFCRELDEFINESBYPROPERTIES('0lvZqxNfcpG$CFv$MraBux',#6,$,$,(#332),#345);
#347=IFCPROPERTYSINGLEVALUE('MaxUnits',$,IFCREAL(2),$);
#348=IFCPROPERTYSINGLEVALUE('CostPerHour',$,IFCMONETARYMEASURE(45),$);
#349=IFCPROPERTYSINGLEVALUE('Color',$,IFCTEXT('#DB2777'),$);
#350=IFCPROPERTYSET('1HFx_7tfeP$THNanhzNZpD',#6,'OPS_Resource',$,(#347,#348,#349));
#351=IFCRELDEFINESBYPROPERTIES('cbe1srVvGDo7Q3THm$rFB7',#6,$,$,(#333),#350);
#352=IFCPROPERTYSINGLEVALUE('MaxUnits',$,IFCREAL(4),$);
#353=IFCPROPERTYSINGLEVALUE('CostPerHour',$,IFCMONETARYMEASURE(48),$);
#354=IFCPROPERTYSINGLEVALUE('Color',$,IFCTEXT('#C2410C'),$);
#355=IFCPROPERTYSET('BtklVN87obbX_7IFy74Lch',#6,'OPS_Resource',$,(#352,#353,#354));
#356=IFCRELDEFINESBYPROPERTIES('ohz9QNO7KJyD8HXV6fMTL9',#6,$,$,(#334),#355);
#357=IFCPROPERTYSINGLEVALUE('MaxUnits',$,IFCREAL(2),$);
#358=IFCPROPERTYSINGLEVALUE('CostPerHour',$,IFCMONETARYMEASURE(42),$);
#359=IFCPROPERTYSINGLEVALUE('Color',$,IFCTEXT('#6366F1'),$);
#360=IFCPROPERTYSET('qfIxkny1yH37A72FNtMfUn',#6,'OPS_Resource',$,(#357,#358,#359));
#361=IFCRELDEFINESBYPROPERTIES('DLztwZudRBdjgrA$rjl3Xd',#6,$,$,(#335),#360);
#362=IFCPROPERTYSINGLEVALUE('MaxUnits',$,IFCREAL(8),$);
#363=IFCPROPERTYSINGLEVALUE('CostPerHour',$,IFCMONETARYMEASURE(38),$);
#364=IFCPROPERTYSINGLEVALUE('Color',$,IFCTEXT('#0D9488'),$);
#365=IFCPROPERTYSET('pvkHfpH7GzufhTZFARI$6X',#6,'OPS_Resource',$,(#362,#363,#364));
#366=IFCRELDEFINESBYPROPERTIES('Ch392Linc1QDmrYXNjnTtH',#6,$,$,(#336),#365);
#367=IFCPROPERTYSINGLEVALUE('MaxUnits',$,IFCREAL(999),$);
#368=IFCPROPERTYSINGLEVALUE('UnitOfMeasure',$,IFCLABEL('m³'),$);
#369=IFCPROPERTYSINGLEVALUE('Color',$,IFCTEXT('#D97706'),$);
#370=IFCPROPERTYSET('rDlRmtKXZ$Yxbrs$Dd4LAP',#6,'OPS_Resource',$,(#367,#368,#369));
#371=IFCRELDEFINESBYPROPERTIES('SXL1_7FvkXDPi1jnXHH3tj',#6,$,$,(#337),#370);
#372=IFCRELNESTS('rNkxE1o9HDG103xnoDMZr7',#6,'Ploeg Masonry crew',$,#331,(#332));
#373=IFCRELASSIGNSTOPROCESS('xrw9ALrldJsTVH$VmHPxDD',#6,$,$,(#337),$,#61,$);
#374=IFCRELASSIGNSTOPROCESS('GvQfO5AdX7zv2Pw$eDDPpD',#6,$,$,(#337),$,#63,$);
#375=IFCRELASSIGNSTOPROCESS('5F7Tal0tPvmVoBw1K$XpGH',#6,$,$,(#331,#332),$,#69,$);
#376=IFCRELASSIGNSTOPROCESS('tts7v7Fvon1ZJVt$G$b1EN',#6,$,$,(#332),$,#73,$);
#377=IFCRELASSIGNSTOPROCESS('2H1rxFBl5FHjgBs1RbQ7Nz',#6,$,$,(#333),$,#75,$);
#378=IFCRELASSIGNSTOPROCESS('qBVLVfGNWxdBi5u$J5r$61',#6,$,$,(#331,#332),$,#77,$);
#379=IFCRELASSIGNSTOPROCESS('WXZfKBtfk$nhEhUntThlhj',#6,$,$,(#332),$,#81,$);
#380=IFCRELASSIGNSTOPROCESS('YZWNCbZHRBtzjDhllLFL_V',#6,$,$,(#333),$,#83,$);
#381=IFCRELASSIGNSTOPROCESS('0llbmf8PJfhHTN81oF5HZ9',#6,$,$,(#331,#332),$,#85,$);
#382=IFCRELASSIGNSTOPROCESS('urIlLJYFkBXbTr6$eb2HT9',#6,$,$,(#332),$,#89,$);
#383=IFCRELASSIGNSTOPROCESS('CLp7NFS1kXj7_JDlf9MNER',#6,$,$,(#333),$,#91,$);
#384=IFCRELASSIGNSTOPROCESS('TXbHVfuP3nSr0Tv$kVfZlB',#6,$,$,(#331,#332),$,#93,$);
#385=IFCRELASSIGNSTOPROCESS('1Don1Z09ZVov6JnXlvOlHF',#6,$,$,(#332),$,#97,$);
#386=IFCRELASSIGNSTOPROCESS('WXDdLjQVTDWHDn$XoJA9KJ',#6,$,$,(#333),$,#99,$);
#387=IFCRELASSIGNSTOPROCESS('NdOHTfXvqdarmLAHS5j7v5',#6,$,$,(#331,#332),$,#101,$);
#388=IFCRELASSIGNSTOPROCESS('J9iRiBfN4bRVEhAHyrJvtD',#6,$,$,(#332),$,#105,$);
#389=IFCRELASSIGNSTOPROCESS('RxyT4XkHzZQDmhclPheHpH',#6,$,$,(#333),$,#107,$);
#390=IFCRELASSIGNSTOPROCESS('qfMzEXYn2NslNbu1cPG98j',#6,$,$,(#331,#332),$,#109,$);
#391=IFCRELASSIGNSTOPROCESS('m7kHrza1IhxV_jTl0vu$_3',#6,$,$,(#332),$,#113,$);
#392=IFCRELASSIGNSTOPROCESS('jNmv9XA$edPBmroXurSzDn',#6,$,$,(#333),$,#115,$);
#393=IFCRELASSIGNSTOPROCESS('k5PhNpn7Q$cpytSl7Xz9O3',#6,$,$,(#334),$,#121,$);
#394=IFCRELASSIGNSTOPROCESS('zpEF13SlLjoBGBkVYdSzln',#6,$,$,(#334),$,#123,$);
#395=IFCRELASSIGNSTOPROCESS('Gv6tUxcve7bV2JJHTTyhcn',#6,$,$,(#334),$,#127,$);
#396=IFCRELASSIGNSTOPROCESS('zF5XGfOPdpslpF1VoHnZHr',#6,$,$,(#334),$,#129,$);
#397=IFCRELASSIGNSTOPROCESS('WVxF$zSlBzePOVxFI30v1N',#6,$,$,(#334),$,#133,$);
#398=IFCRELASSIGNSTOPROCESS('xF1Blx1PZ1AZNxCFiDgTZ5',#6,$,$,(#334),$,#135,$);
#399=IFCRELASSIGNSTOPROCESS('ynPzUNnP3FCxh3nXVnTfYF',#6,$,$,(#334),$,#139,$);
#400=IFCRELASSIGNSTOPROCESS('PXrXOTVv4HhHTtynHPi5DD',#6,$,$,(#334),$,#141,$);
#401=IFCRELASSIGNSTOPROCESS('hvKbyzSHD7RVoB2XNNUh_1',#6,$,$,(#334),$,#145,$);
#402=IFCRELASSIGNSTOPROCESS('3lXLH1XdFledSjxFsxcpux',#6,$,$,(#334),$,#147,$);
#403=IFCRELASSIGNSTOPROCESS('LzPLxBnP5brn5l$XWNIxJT',#6,$,$,(#334),$,#151,$);
#404=IFCRELASSIGNSTOPROCESS('CNk5YxE9nzYfN5Sl$zmfcB',#6,$,$,(#334),$,#153,$);
#405=IFCRELASSIGNSTOPROCESS('fdO$wPkHTJCxvpxlCzeXyd',#6,$,$,(#335),$,#159,$);
#406=IFCRELASSIGNSTOPROCESS('AJBFDjxVbVLldTVVyLHreL',#6,$,$,(#336),$,#165,$);
#407=IFCRELASSIGNSTOPROCESS('7HBFXJ2FGJ2R1hUFXlvbXv',#6,$,$,(#335),$,#167,$);
#408=IFCRELASSIGNSTOPROCESS('OR8VSDottXDPmR0VBtYn9l',#6,$,$,(#336),$,#173,$);
#409=IFCRELASSIGNSTOPROCESS('Hx95QpsPdpUfVHd$RbMfox',#6,$,$,(#335),$,#175,$);
#410=IFCRELASSIGNSTOPROCESS('b1dhl$XdXPdrCL6lTVvpmn',#6,$,$,(#336),$,#181,$);
#411=IFCRELASSIGNSTOPROCESS('PRWNOZ9fE5tRB7cH5lrFr7',#6,$,$,(#335),$,#183,$);
#412=IFCRELASSIGNSTOPROCESS('pd_rFrfNqdqxBp91pveVGn',#6,$,$,(#336),$,#189,$);
#413=IFCRELASSIGNSTOPROCESS('sDlRifnP9X5Xorc1glLlbx',#6,$,$,(#335),$,#191,$);
#414=IFCRELASSIGNSTOPROCESS('pLZNW1fNYParajplDPyLUD',#6,$,$,(#336),$,#197,$);
#415=IFCRELASSIGNSTOPROCESS('cRuX4TWt5H51Ghonk1pd$D',#6,$,$,(#335),$,#199,$);
#416=IFCRELASSIGNSTOPROCESS('YZmPJ$EtXRjfrpnXvbYnxH',#6,$,$,(#336),$,#205,$);
#417=IFCPROPERTYSINGLEVALUE('X3ShVfOdTJarSjDlBjtBCH#0',$,IFCTEXT('60|FRONT_LOADED'),$);
#418=IFCPROPERTYSET('SVbHl$$Px5tRDZP$CZCpKp',#6,'OPS_Assignments',$,(#417));
#419=IFCRELDEFINESBYPROPERTIES('LzFDJ$ItfRzvoVzl_f_Bup',#6,$,$,(#61),#418);
#420=IFCPROPERTYSINGLEVALUE('X3ShVfOdTJarSjDlBjtBCH#0',$,IFCTEXT('50|FRONT_LOADED'),$);
#421=IFCPROPERTYSET('P5qDxB1vUjg3lZbHcvSr8J',#6,'OPS_Assignments',$,(#420));
#422=IFCRELDEFINESBYPROPERTIES('W$HjXJM$gbZPyNO$y7Sz9J',#6,$,$,(#63),#421);
#423=IFCPROPERTYSINGLEVALUE('HRj7rv67k$NZPzpHlBxXub#0',$,IFCTEXT('1|UNIFORM'),$);
#424=IFCPROPERTYSINGLEVALUE('xLg3UNldVP7LUtWVPFXbj1#1',$,IFCTEXT('2|UNIFORM'),$);
#425=IFCPROPERTYSET('Ib3tMbh1Ih3Nn7_FZ1zNUp',#6,'OPS_Assignments',$,(#423,#424));
#426=IFCRELDEFINESBYPROPERTIES('BtQNyXwXr38vE$71on39Cn',#6,$,$,(#69),#425);
#427=IFCPROPERTYSINGLEVALUE('xLg3UNldVP7LUtWVPFXbj1#0',$,IFCTEXT('2|UNIFORM'),$);
#428=IFCPROPERTYSET('WVh1QjIlDRLl7j$XG15XiD',#6,'OPS_Assignments',$,(#427));
#429=IFCRELDEFINESBYPROPERTIES('P$X3AFpVzletvVXX6DbFZx',#6,$,$,(#73),#428);
#430=IFCPROPERTYSINGLEVALUE('L7yBlbh1_TajMrs$5hWP3h#0',$,IFCTEXT('2|UNIFORM'),$);
#431=IFCPROPERTYSET('L3$TqRDn23G$OdQ12b1JUl',#6,'OPS_Assignments',$,(#430));
#432=IFCRELDEFINESBYPROPERTIES('oPkxABv9911x1XBnv5cpyL',#6,$,$,(#75),#431);
#433=IFCPROPERTYSINGLEVALUE('HRj7rv67k$NZPzpHlBxXub#0',$,IFCTEXT('1|UNIFORM'),$);
#434=IFCPROPERTYSINGLEVALUE('xLg3UNldVP7LUtWVPFXbj1#1',$,IFCTEXT('2|UNIFORM'),$);
#435=IFCPROPERTYSET('r9_X0lnPFzgnfPIVQTj7zd',#6,'OPS_Assignments',$,(#433,#434));
#436=IFCRELDEFINESBYPROPERTIES('4jwpFFz$aBJ7E1v$k$R$UJ',#6,$,$,(#77),#435);
#437=IFCPROPERTYSINGLEVALUE('xLg3UNldVP7LUtWVPFXbj1#0',$,IFCTEXT('2|UNIFORM'),$);
#438=IFCPROPERTYSET('9jhHvLCXTjKRrdkXYdyThN',#6,'OPS_Assignments',$,(#437));
#439=IFCRELDEFINESBYPROPERTIES('GfunXjwXj97p4zFXL7K5PP',#6,$,$,(#81),#438);
#440=IFCPROPERTYSINGLEVALUE('L7yBlbh1_TajMrs$5hWP3h#0',$,IFCTEXT('2|UNIFORM'),$);
#441=IFCPROPERTYSET('7lrnNHOPtBdJs7UFfDpdxl',#6,'OPS_Assignments',$,(#440));
#442=IFCRELDEFINESBYPROPERTIES('EhBFpJbXfFdr0zxFsV5ltj',#6,$,$,(#83),#441);
#443=IFCPROPERTYSINGLEVALUE('HRj7rv67k$NZPzpHlBxXub#0',$,IFCTEXT('1|UNIFORM'),$);
#444=IFCPROPERTYSINGLEVALUE('xLg3UNldVP7LUtWVPFXbj1#1',$,IFCTEXT('2|UNIFORM'),$);
#445=IFCPROPERTYSET('NznpbRzHN5NxjVf1IVfTjT',#6,'OPS_Assignments',$,(#443,#444));
#446=IFCRELDEFINESBYPROPERTIES('GPcJ5npXJ97Dap7$_fAzPL',#6,$,$,(#85),#445);
#447=IFCPROPERTYSINGLEVALUE('xLg3UNldVP7LUtWVPFXbj1#0',$,IFCTEXT('2|UNIFORM'),$);
#448=IFCPROPERTYSET('XVDdP5k9VvTdePQ1cdmNo9',#6,'OPS_Assignments',$,(#447));
#449=IFCRELDEFINESBYPROPERTIES('OzPLDna1Y78v_vknmHNhUn',#6,$,$,(#89),#448);
#450=IFCPROPERTYSINGLEVALUE('L7yBlbh1_TajMrs$5hWP3h#0',$,IFCTEXT('2|UNIFORM'),$);
#451=IFCPROPERTYSET('Bf2rfFqnWRpt9tiFQ3NZ$J',#6,'OPS_Assignments',$,(#450));
#452=IFCRELDEFINESBYPROPERTIES('ypY$6PA1OnC5bhsl4dunpD',#6,$,$,(#91),#451);
#453=IFCPROPERTYSINGLEVALUE('HRj7rv67k$NZPzpHlBxXub#0',$,IFCTEXT('1|UNIFORM'),$);
#454=IFCPROPERTYSINGLEVALUE('xLg3UNldVP7LUtWVPFXbj1#1',$,IFCTEXT('2|UNIFORM'),$);
#455=IFCPROPERTYSET('Cr$rHbRX3lWlL3nXJ5RnFb',#6,'OPS_Assignments',$,(#453,#454));
#456=IFCRELDEFINESBYPROPERTIES('jtqp9TFPBTCx9LwHLZhHvb',#6,$,$,(#93),#455);
#457=IFCPROPERTYSINGLEVALUE('xLg3UNldVP7LUtWVPFXbj1#0',$,IFCTEXT('2|UNIFORM'),$);
#458=IFCPROPERTYSET('eTJ77vXPNRrn35CHcznL_$',#6,'OPS_Assignments',$,(#457));
#459=IFCRELDEFINESBYPROPERTIES('lxvrJ3LHLDcVQTXX4L$x5H',#6,$,$,(#97),#458);
#460=IFCPROPERTYSINGLEVALUE('L7yBlbh1_TajMrs$5hWP3h#0',$,IFCTEXT('2|UNIFORM'),$);
#461=IFCPROPERTYSET('tjb$AnbFQJqZpFFXrt2H3P',#6,'OPS_Assignments',$,(#460));
#462=IFCRELDEFINESBYPROPERTIES('mf8XWXxXrfIPGLQHB9I1ot',#6,$,$,(#99),#461);
#463=IFCPROPERTYSINGLEVALUE('HRj7rv67k$NZPzpHlBxXub#0',$,IFCTEXT('1|UNIFORM'),$);
#464=IFCPROPERTYSINGLEVALUE('xLg3UNldVP7LUtWVPFXbj1#1',$,IFCTEXT('2|UNIFORM'),$);
#465=IFCPROPERTYSET('0FjdFl$vw3cXo$t11TaryL',#6,'OPS_Assignments',$,(#463,#464));
#466=IFCRELDEFINESBYPROPERTIES('vHjPJXwVRrNZVlXXsRoV4h',#6,$,$,(#101),#465);
#467=IFCPROPERTYSINGLEVALUE('xLg3UNldVP7LUtWVPFXbj1#0',$,IFCTEXT('2|UNIFORM'),$);
#468=IFCPROPERTYSET('4jI5c9yl19NZNRmXgra3JX',#6,'OPS_Assignments',$,(#467));
#469=IFCRELDEFINESBYPROPERTIES('zlfjrvsPZpmXE$XV07GNMf',#6,$,$,(#105),#468);
#470=IFCPROPERTYSINGLEVALUE('L7yBlbh1_TajMrs$5hWP3h#0',$,IFCTEXT('2|UNIFORM'),$);
#471=IFCPROPERTYSET('ynNJlRDFsfT9nD91HBrn5H',#6,'OPS_Assignments',$,(#470));
#472=IFCRELDEFINESBYPROPERTIES('BDlbKN1v2ZqT7jP17VJ7rZ',#6,$,$,(#107),#471);
#473=IFCPROPERTYSINGLEVALUE('HRj7rv67k$NZPzpHlBxXub#0',$,IFCTEXT('1|UNIFORM'),$);
#474=IFCPROPERTYSINGLEVALUE('xLg3UNldVP7LUtWVPFXbj1#1',$,IFCTEXT('2|UNIFORM'),$);
#475=IFCPROPERTYSET('ZZOl5h5FeFaBSDv1MheH1N',#6,'OPS_Assignments',$,(#473,#474));
#476=IFCRELDEFINESBYPROPERTIES('aXxFHbZlNlx$4f0XLPuFvN',#6,$,$,(#109),#475);
#477=IFCPROPERTYSINGLEVALUE('xLg3UNldVP7LUtWVPFXbj1#0',$,IFCTEXT('2|UNIFORM'),$);
#478=IFCPROPERTYSET('d5yrnrPtnFKzhfiHOjdxrv',#6,'OPS_Assignments',$,(#477));
#479=IFCRELDEFINESBYPROPERTIES('W1dhJX2FGD_9h9WVrj9rWv',#6,$,$,(#113),#478);
#480=IFCPROPERTYSINGLEVALUE('L7yBlbh1_TajMrs$5hWP3h#0',$,IFCTEXT('2|UNIFORM'),$);
#481=IFCPROPERTYSET('yp_VCxXdDbz7cl5n6jNh_X',#6,'OPS_Assignments',$,(#480));
#482=IFCRELDEFINESBYPROPERTIES('zFR$67UNW5XzrdYVdBKJEf',#6,$,$,(#115),#481);
#483=IFCPROPERTYSINGLEVALUE('tpPzcfmNoFX3NPA1pdaBWP#0',$,IFCTEXT('1|UNIFORM'),$);
#484=IFCPROPERTYSET('f74Tur8vYvOPSjRnql3fAZ',#6,'OPS_Assignments',$,(#483));
#485=IFCRELDEFINESBYPROPERTIES('YzyTKhz14Rp9xFrl$$rFDJ',#6,$,$,(#121),#484);
#486=IFCPROPERTYSINGLEVALUE('tpPzcfmNoFX3NPA1pdaBWP#0',$,IFCTEXT('1|UNIFORM'),$);
#487=IFCPROPERTYSET('QVJvfHmN0B931LYFTTCpOT',#6,'OPS_Assignments',$,(#486));
#488=IFCRELDEFINESBYPROPERTIES('j57BjZNNShHBCBEXyBb$wX',#6,$,$,(#123),#487);
#489=IFCPROPERTYSINGLEVALUE('tpPzcfmNoFX3NPA1pdaBWP#0',$,IFCTEXT('1|UNIFORM'),$);
#490=IFCPROPERTYSET('PxKJJZHdfxNxj1RlI15XO3',#6,'OPS_Assignments',$,(#489));
#491=IFCRELDEFINESBYPROPERTIES('W$FDNDF7oHrF5HnX$V15zr',#6,$,$,(#127),#490);
#492=IFCPROPERTYSINGLEVALUE('tpPzcfmNoFX3NPA1pdaBWP#0',$,IFCTEXT('1|UNIFORM'),$);
#493=IFCPROPERTYSET('ixt5YRM1AN3NXFbl_toV85',#6,'OPS_Assignments',$,(#492));
#494=IFCRELDEFINESBYPROPERTIES('DdcJbXJF0BlB0Z$XgnHBql',#6,$,$,(#129),#493);
#495=IFCPROPERTYSINGLEVALUE('tpPzcfmNoFX3NPA1pdaBWP#0',$,IFCTEXT('1|UNIFORM'),$);
#496=IFCPROPERTYSET('9jJdxhpVVbbXsPIV_twPVT',#6,'OPS_Assignments',$,(#495));
#497=IFCRELDEFINESBYPROPERTIES('mNGvRV5VnHWllNinYPqDyd',#6,$,$,(#133),#496);
#498=IFCPROPERTYSINGLEVALUE('tpPzcfmNoFX3NPA1pdaBWP#0',$,IFCTEXT('1|UNIFORM'),$);
#499=IFCPROPERTYSET('kbBX8jpFwHm1O191bxYhcn',#6,'OPS_Assignments',$,(#498));
#500=IFCRELDEFINESBYPROPERTIES('r9U1sFz$4n9bzbWX3npdr7',#6,$,$,(#135),#499);
#501=IFCPROPERTYSINGLEVALUE('tpPzcfmNoFX3NPA1pdaBWP#0',$,IFCTEXT('1|UNIFORM'),$);
#502=IFCPROPERTYSET('j5fRGfGNUpsHPzJl$XtzDH',#6,'OPS_Assignments',$,(#501));
#503=IFCRELDEFINESBYPROPERTIES('CN2rLN8vkhpPWj7$tTBFFx',#6,$,$,(#139),#502);
#504=IFCPROPERTYSINGLEVALUE('tpPzcfmNoFX3NPA1pdaBWP#0',$,IFCTEXT('1|UNIFORM'),$);
#505=IFCPROPERTYSET('G9iRKNff4bZPG5CHUPSBCF',#6,'OPS_Assignments',$,(#504));
#506=IFCRELDEFINESBYPROPERTIES('N7yT8hiVX5$ZxRSlvVbFB7',#6,$,$,(#141),#505);
#507=IFCPROPERTYSINGLEVALUE('tpPzcfmNoFX3NPA1pdaBWP#0',$,IFCTEXT('1|UNIFORM'),$);
#508=IFCPROPERTYSET('_JkxQN8Pp7bXQZHVpdyZ3B',#6,'OPS_Assignments',$,(#507));
#509=IFCRELDEFINESBYPROPERTIES('xnfjR1ffMx1TtrIVsRcvLD',#6,$,$,(#145),#508);
#510=IFCPROPERTYSINGLEVALUE('tpPzcfmNoFX3NPA1pdaBWP#0',$,IFCTEXT('1|UNIFORM'),$);
#511=IFCPROPERTYSET('KRh1ABV745PBGhknuzHreh',#6,'OPS_Assignments',$,(#510));
#512=IFCRELDEFINESBYPROPERTIES('p7_XqvFvEnX3ZBEVmlP5Zb',#6,$,$,(#147),#511);
#513=IFCPROPERTYSINGLEVALUE('tpPzcfmNoFX3NPA1pdaBWP#0',$,IFCTEXT('1|UNIFORM'),$);
#514=IFCPROPERTYSET('KPuVCR5Vz3Yf7jP15hmtSt',#6,'OPS_Assignments',$,(#513));
#515=IFCRELDEFINESBYPROPERTIES('RRuXGvEthJQDixO$$zmfs7',#6,$,$,(#151),#514);
#516=IFCPROPERTYSINGLEVALUE('tpPzcfmNoFX3NPA1pdaBWP#0',$,IFCTEXT('1|UNIFORM'),$);
#517=IFCPROPERTYSET('TTG7jTd9LPSBCH3HgrS3$9',#6,'OPS_Assignments',$,(#516));
#518=IFCRELDEFINESBYPROPERTIES('SVpdNDfN_9Mz5FRH2RVDKp',#6,$,$,(#153),#517);
#519=IFCPROPERTYSINGLEVALUE('8DFxEXUn_ZiRfv6lRb2Hpl#0',$,IFCTEXT('2|UNIFORM'),$);
#520=IFCPROPERTYSET('0F3t2rO78fJ76DTF6jtrS9',#6,'OPS_Assignments',$,(#519));
#521=IFCRELDEFINESBYPROPERTIES('7Hz9IH8dxxXzhNCHEpgZJ3',#6,$,$,(#159),#520);
#522=IFCPROPERTYSINGLEVALUE('7nPzETnPHJK3DZd10dKJ65#0',$,IFCTEXT('2|BACK_LOADED'),$);
#523=IFCPROPERTYSET('DPg3QNuv6HO9rdYXxHzN2T',#6,'OPS_Assignments',$,(#522));
#524=IFCRELDEFINESBYPROPERTIES('6ron7dr1OnKbzR0XLvi5N1',#6,$,$,(#165),#523);
#525=IFCPROPERTYSINGLEVALUE('8DFxEXUn_ZiRfv6lRb2Hpl#0',$,IFCTEXT('2|UNIFORM'),$);
#526=IFCPROPERTYSET('Gvs7PNldDbTdi$5lml9BOr',#6,'OPS_Assignments',$,(#525));
#527=IFCRELDEFINESBYPROPERTIES('tfwD9zbnsrLH9rEXKXJvNT',#6,$,$,(#167),#526);
#528=IFCPROPERTYSINGLEVALUE('7nPzETnPHJK3DZd10dKJ65#0',$,IFCTEXT('2|FRONT_LOADED'),$);
#529=IFCPROPERTYSET('$nTNW$d9vTSr49ynvR2lDF',#6,'OPS_Assignments',$,(#528));
#530=IFCRELDEFINESBYPROPERTIES('8JTf4VoHlp0nNdA$znr1gN',#6,$,$,(#173),#529);
#531=IFCPROPERTYSINGLEVALUE('8DFxEXUn_ZiRfv6lRb2Hpl#0',$,IFCTEXT('2|UNIFORM'),$);
#532=IFCPROPERTYSET('OReHbbpnI$HBCBIXYdixzr',#6,'OPS_Assignments',$,(#531));
#533=IFCRELDEFINESBYPROPERTIES('XZelnHX7itgzr72FjtoXa9',#6,$,$,(#175),#532);
#534=IFCPROPERTYSINGLEVALUE('7nPzETnPHJK3DZd10dKJ65#0',$,IFCTEXT('2|UNIFORM'),$);
#535=IFCPROPERTYSET('oLR16ZGNC3YfXlHX9v4ZR$',#6,'OPS_Assignments',$,(#534));
#536=IFCRELDEFINESBYPROPERTIES('LdGd$PM$IXjvc3xnwD5l3P',#6,$,$,(#181),#535);
#537=IFCPROPERTYSINGLEVALUE('8DFxEXUn_ZiRfv6lRb2Hpl#0',$,IFCTEXT('2|UNIFORM'),$);
#538=IFCPROPERTYSET('_npvrvgdp7jfnvkn4rzNYF',#6,'OPS_Assignments',$,(#537));
#539=IFCRELDEFINESBYPROPERTIES('9JBFPf9NoHjfxx815Ftz$f',#6,$,$,(#183),#538);
#540=IFCPROPERTYSINGLEVALUE('7nPzETnPHJK3DZd10dKJ65#0',$,IFCTEXT('2|BACK_LOADED'),$);
#541=IFCPROPERTYSET('a3aLzvffQjyL6$jFVnr$6$',#6,'OPS_Assignments',$,(#540));
#542=IFCRELDEFINESBYPROPERTIES('ZVJ77PpnIBlBqL2FXpMTdv',#6,$,$,(#189),#541);
#543=IFCPROPERTYSINGLEVALUE('8DFxEXUn_ZiRfv6lRb2Hpl#0',$,IFCTEXT('2|UNIFORM'),$);
#544=IFCPROPERTYSET('pvoFLfmNevBFPFVVSNwJEf',#6,'OPS_Assignments',$,(#543));
#545=IFCRELDEFINESBYPROPERTIES('wLYhVNmNMxPBibKl0dqp8x',#6,$,$,(#191),#544);
#546=IFCPROPERTYSINGLEVALUE('7nPzETnPHJK3DZd10dKJ65#0',$,IFCTEXT('2|FRONT_LOADED'),$);
#547=IFCPROPERTYSET('stEF$Zu7wZAZDnHX9d8Frv',#6,'OPS_Assignments',$,(#546));
#548=IFCRELDEFINESBYPROPERTIES('zJEbG76vwZ2Rz5CHEFJ7r3',#6,$,$,(#197),#547);
#549=IFCPROPERTYSINGLEVALUE('8DFxEXUn_ZiRfv6lRb2Hpl#0',$,IFCTEXT('2|UNIFORM'),$);
#550=IFCPROPERTYSET('3FTfGNePPjY5fb0V5FNZTR',#6,'OPS_Assignments',$,(#549));
#551=IFCRELDEFINESBYPROPERTIES('AJTNq7Fv_ZibFDnXVlFZxn',#6,$,$,(#199),#550);
#552=IFCPROPERTYSINGLEVALUE('7nPzETnPHJK3DZd10dKJ65#0',$,IFCTEXT('2|UNIFORM'),$);
#553=IFCPROPERTYSET('7lxXq5n7wHmXMNu1s$Nhcl',#6,'OPS_Assignments',$,(#552));
#554=IFCRELDEFINESBYPROPERTIES('oLxXezT1I1dJgBUVzjcvXP',#6,$,$,(#205),#553);
#555=IFCRELASSIGNSTOCONTROL('rDVhNjbXHjyDCF$VkTSruD',#6,$,$,(#45,#47,#49,#51,#53,#55,#57,#59,#61,#63,#65,#67,#69,#71,#73,#75,#77,#79,#81,#83,#85,#87,#89,#91,#93,#95,#97,#99,#101,#103,#105,#107,#109,#111,#113,#115,#117,#119,#121,#123,#125,#127,#129,#131,#133,#135,#137,#139,#141,#143,#145,#147,#149,#151,#153,#155,#157,#159,#161,#163,#165,#167,#169,#171,#173,#175,#177,#179,#181,#183,#185,#187,#189,#191,#193,#195,#197,#199,#201,#203,#205,#207,#209,#211,#213,#215,#217,#219,#221),$,#41);
#556=IFCPROPERTYSINGLEVALUE('InternalProjectId',$,IFCTEXT('proj-mtx91axxjut078'),$);
#557=IFCPROPERTYSINGLEVALUE('wbsAutoNumber',$,IFCBOOLEAN(.T.),$);
#558=IFCPROPERTYSINGLEVALUE('DefaultTaskDurationUnit',$,IFCLABEL('days'),$);
#559=IFCPROPERTYSINGLEVALUE('StatusDate',$,IFCDATE('2027-05-20'),$);
#560=IFCPROPERTYSINGLEVALUE('ProjectStartDate',$,IFCDATE('2027-03-01'),$);
#561=IFCPROPERTYSINGLEVALUE('ProjectEndDate',$,$,$);
#562=IFCPROPERTYSINGLEVALUE('CreatedAt',$,IFCTEXT('2026-09-11T17:47:39.045Z'),$);
#563=IFCPROPERTYSINGLEVALUE('ModifiedAt',$,IFCTEXT('2026-09-11T17:47:40.011Z'),$);
#564=IFCPROPERTYSET('e5a3ArlP$tNZvpDF1ZK5n5',#6,'OPS_ProjectSettings',$,(#556,#557,#558,#559,#560,#561,#562,#563));
#565=IFCRELDEFINESBYPROPERTIES('0Hdzo1sPJhdjQlBF$1BF9l',#6,$,$,(#13),#564);
#566=IFCPROPERTYSINGLEVALUE('structure',$,IFCTEXT('{"activityCodeTypes":[{"id":"act-mtx91axz0yz079","name":"House","values":[{"code":"1","description":"House 1","id":"acv-mtx91ay007l280"},{"code":"2","description":"House 2","id":"acv-mtx91ay12bcf81"},{"code":"3","description":"House 3","id":"acv-mtx91ay29i6u82"},{"code":"4","description":"House 4","id":"acv-mtx91ay4pb8183"},{"code":"5","description":"House 5","id":"acv-mtx91ay5j0d484"},{"code":"6","description":"House 6","id":"acv-mtx91ay7413a85"},{"code":"GEN","description":"General / site","color":"#6b7280","id":"acv-mtx91ay8d4mv86"}]},{"id":"act-mtx91ay9js3y87","name":"Discipline","values":[{"code":"STR","description":"Structural works","color":"#b45309","id":"acv-mtx91ayahvxc88"},{"code":"MEP","description":"Building services","color":"#0891b2","id":"acv-mtx91aybjc1b89"},{"code":"FIT","description":"Fit-out","color":"#7c3aed","id":"acv-mtx91ayczg1a90"}]}],"customFieldDefs":[{"id":"cfd-mtx91ayegtah91","name":"Cost estimate","type":"cost"}]}'),$);
#567=IFCPROPERTYSET('d1lJfFqnq7WHJVnX3jMfA7',#6,'OPS_StructureMeta',$,(#566));
#568=IFCRELDEFINESBYPROPERTIES('$p_Xq51dhpYNtr61aNobxL',#6,$,$,(#13),#567);
#569=IFCSIMPLEPROPERTYTEMPLATE('MzdhfDNfkBXRJDpFxBCDql',#6,'Cost estimate',$,.P_SINGLEVALUE.,'IfcMonetaryMeasure',$,$,$,$,$,$);
#570=IFCPROPERTYSETTEMPLATE('gv4T8LKngvJN55WVXp_rmX',#6,'OPS_CustomFields',$,.PSET_OCCURRENCEDRIVEN.,'IfcTask',(#569));
#571=IFCPROPERTYENUMERATION('House',(IFCLABEL('1'),IFCLABEL('2'),IFCLABEL('3'),IFCLABEL('4'),IFCLABEL('5'),IFCLABEL('6'),IFCLABEL('GEN')),$);
#572=IFCSIMPLEPROPERTYTEMPLATE('J9yr1ZudV5Hjwj7$NjvbvR',#6,'House',$,.P_ENUMERATEDVALUE.,$,$,#571,$,$,$,$);
#573=IFCPROPERTYENUMERATION('Discipline',(IFCLABEL('STR'),IFCLABEL('MEP'),IFCLABEL('FIT')),$);
#574=IFCSIMPLEPROPERTYTEMPLATE('YTe$oX6Vhj_RFpHV3nLXyr',#6,'Discipline',$,.P_ENUMERATEDVALUE.,$,$,#573,$,$,$,$);
#575=IFCPROPERTYSETTEMPLATE('tJJd1dA$aLdjIl71vxYhUl',#6,'OPS_ActivityCodes',$,.PSET_OCCURRENCEDRIVEN.,'IfcTask',(#572,#574));
#576=IFCRELDECLARES('SXbHJ$I9R1lB4ZTn_bVpab',#6,$,$,#13,(#570,#575));
#577=IFCPROPERTYENUMERATEDVALUE('House',$,(IFCLABEL('GEN')),$);
#578=IFCPROPERTYSET('L3HJJZV7GzG14Ne$KX5lPB',#6,'OPS_ActivityCodes',$,(#577));
#579=IFCRELDEFINESBYPROPERTIES('3ldzQD6vMdnpmxynL74hIh',#6,$,$,(#45),#578);
#580=IFCPROPERTYENUMERATEDVALUE('House',$,(IFCLABEL('GEN')),$);
#581=IFCPROPERTYSET('2pQN4$67ArBnTL_nrphXu5',#6,'OPS_ActivityCodes',$,(#580));
#582=IFCRELDEFINESBYPROPERTIES('c1fRO5o955FpKVnXlveHZf',#6,$,$,(#47),#581);
#583=IFCPROPERTYENUMERATEDVALUE('House',$,(IFCLABEL('GEN')),$);
#584=IFCPROPERTYSET('DdoRKr9foRx$i13FGXPjcF',#6,'OPS_ActivityCodes',$,(#583));
#585=IFCRELDEFINESBYPROPERTIES('R54rLfePPJwjU9mXIzuFdd',#6,$,$,(#49),#584);
#586=IFCPROPERTYENUMERATEDVALUE('House',$,(IFCLABEL('GEN')),$);
#587=IFCPROPERTYSET('ib3tEVIHXPX3H3N$YdCp8j',#6,'OPS_ActivityCodes',$,(#586));
#588=IFCRELDEFINESBYPROPERTIES('iP0tMxn7sfR18HXVQdWdh9',#6,$,$,(#51),#587);
#589=IFCPROPERTYENUMERATEDVALUE('House',$,(IFCLABEL('GEN')),$);
#590=IFCPROPERTYSET('$FLH17_N2NEvo$N1nNoRJX',#6,'OPS_ActivityCodes',$,(#589));
#591=IFCRELDEFINESBYPROPERTIES('fTxnfl8PPvOtdlzHMFVbln',#6,$,$,(#53),#590);
#592=IFCPROPERTYENUMERATEDVALUE('House',$,(IFCLABEL('GEN')),$);
#593=IFCPROPERTYSET('or9pVfedR$lBWjd1bb_HHl',#6,'OPS_ActivityCodes',$,(#592));
#594=IFCRELDEFINESBYPROPERTIES('sNIxcD2Nst15lt0VhvCbB3',#6,$,$,(#55),#593);
#595=IFCPROPERTYENUMERATEDVALUE('House',$,(IFCLABEL('GEN')),$);
#596=IFCPROPERTYSET('i7qpl$1PdPCZDHhnrpJvFX',#6,'OPS_ActivityCodes',$,(#595));
#597=IFCRELDEFINESBYPROPERTIES('4jsZOzbnYpMFHTbHYvWP5l',#6,$,$,(#57),#596);
#598=IFCPROPERTYENUMERATEDVALUE('House',$,(IFCLABEL('GEN')),$);
#599=IFCPROPERTYSET('N7az67w7gRRXUNqHwJP5XZ',#6,'OPS_ActivityCodes',$,(#598));
#600=IFCRELDEFINESBYPROPERTIES('1D_V8pHvePPrmR81Jxztat',#6,$,$,(#59),#599);
#601=IFCPROPERTYSINGLEVALUE('Cost estimate',$,IFCMONETARYMEASURE(95000),$);
#602=IFCPROPERTYSET('cRWfGdg$AtnLwjXXElVpCH',#6,'OPS_CustomFields',$,(#601));
#603=IFCRELDEFINESBYPROPERTIES('_FTfKLbFUvmXYT5HKXbnJ3',#6,$,$,(#61),#602);
#604=IFCPROPERTYENUMERATEDVALUE('House',$,(IFCLABEL('GEN')),$);
#605=IFCPROPERTYSET('bbe$wvgP7t2bHTRHcz7DqF',#6,'OPS_ActivityCodes',$,(#604));
#606=IFCRELDEFINESBYPROPERTIES('3nb$o3T$MdfxPzZlqZqDKp',#6,$,$,(#61),#605);
#607=IFCPROPERTYENUMERATEDVALUE('House',$,(IFCLABEL('GEN')),$);
#608=IFCPROPERTYSET('mtyTaF4ldpUfBD$XgHxVKX',#6,'OPS_ActivityCodes',$,(#607));
#609=IFCRELDEFINESBYPROPERTIES('8LM3Ubs1Odf5hTxl4r5VqT',#6,$,$,(#63),#608);
#610=IFCPROPERTYENUMERATEDVALUE('House',$,(IFCLABEL('GEN')),$);
#611=IFCPROPERTYSET('PRWN0nLHF3UfnPM1pLFLQB',#6,'OPS_ActivityCodes',$,(#610));
#612=IFCRELDEFINESBYPROPERTIES('$nZfq5F7MbRVwVHX97Kj_1',#6,$,$,(#65),#611);
#613=IFCPROPERTYENUMERATEDVALUE('Discipline',$,(IFCLABEL('STR')),$);
#614=IFCPROPERTYSET('SVrXm767ExdBadw1K$tBWd',#6,'OPS_ActivityCodes',$,(#613));
#615=IFCRELDEFINESBYPROPERTIES('ChR1M$1dt11x3PoXO5MZzB',#6,$,$,(#67),#614);
#616=IFCPROPERTYENUMERATEDVALUE('House',$,(IFCLABEL('1')),$);
#617=IFCPROPERTYENUMERATEDVALUE('Discipline',$,(IFCLABEL('STR')),$);
#618=IFCPROPERTYSET('R$PhZtz1CZUxLTDFxryTR1',#6,'OPS_ActivityCodes',$,(#616,#617));
#619=IFCRELDEFINESBYPROPERTIES('pLrF3h4lTDWlXnjnPraBOB',#6,$,$,(#69),#618);
#620=IFCPROPERTYENUMERATEDVALUE('House',$,(IFCLABEL('1')),$);
#621=IFCPROPERTYENUMERATEDVALUE('Discipline',$,(IFCLABEL('STR')),$);
#622=IFCPROPERTYSET('_nBFBdM$_tM3dHJHtTLHFV',#6,'OPS_ActivityCodes',$,(#620,#621));
#623=IFCRELDEFINESBYPROPERTIES('g3t5ArP9JhdJMBg$HPyZ5H',#6,$,$,(#71),#622);
#624=IFCPROPERTYENUMERATEDVALUE('House',$,(IFCLABEL('1')),$);
#625=IFCPROPERTYENUMERATEDVALUE('Discipline',$,(IFCLABEL('STR')),$);
#626=IFCPROPERTYSET('fP8nzBev4HBFD3jlNDZfAT',#6,'OPS_ActivityCodes',$,(#624,#625));
#627=IFCRELDEFINESBYPROPERTIES('1jIxEXQXtL3ftBoXWNwJAT',#6,$,$,(#73),#626);
#628=IFCPROPERTYENUMERATEDVALUE('House',$,(IFCLABEL('1')),$);
#629=IFCPROPERTYENUMERATEDVALUE('Discipline',$,(IFCLABEL('STR')),$);
#630=IFCPROPERTYSET('UXxFVDYNCzsHRrIXgl5V09',#6,'OPS_ActivityCodes',$,(#628,#629));
#631=IFCRELDEFINESBYPROPERTIES('AJhH5LbnI$$5l9u$zJ2HXv',#6,$,$,(#75),#630);
#632=IFCPROPERTYENUMERATEDVALUE('House',$,(IFCLABEL('2')),$);
#633=IFCPROPERTYENUMERATEDVALUE('Discipline',$,(IFCLABEL('STR')),$);
#634=IFCPROPERTYSET('iR39kjr1GpQXczRnW9UFh9',#6,'OPS_ActivityCodes',$,(#632,#633));
#635=IFCRELDEFINESBYPROPERTIES('id09cNedxnf53dM1BtEXWP',#6,$,$,(#77),#634);
#636=IFCPROPERTYENUMERATEDVALUE('House',$,(IFCLABEL('2')),$);
#637=IFCPROPERTYENUMERATEDVALUE('Discipline',$,(IFCLABEL('STR')),$);
#638=IFCPROPERTYSET('MT5nP9JXzTkhQ3DlRxA3$N',#6,'OPS_ActivityCodes',$,(#636,#637));
#639=IFCRELDEFINESBYPROPERTIES('If8n$zqVb$tzR$VVG$DP9l',#6,$,$,(#79),#638);
#640=IFCPROPERTYENUMERATEDVALUE('House',$,(IFCLABEL('2')),$);
#641=IFCPROPERTYENUMERATEDVALUE('Discipline',$,(IFCLABEL('STR')),$);
#642=IFCPROPERTYSET('0n5VWVxXxHTd8te10vWd7N',#6,'OPS_ActivityCodes',$,(#640,#641));
#643=IFCRELDEFINESBYPROPERTIES('e3Vzozz1eddrixWX7$fhEN',#6,$,$,(#81),#642);
#644=IFCPROPERTYENUMERATEDVALUE('House',$,(IFCLABEL('2')),$);
#645=IFCPROPERTYENUMERATEDVALUE('Discipline',$,(IFCLABEL('STR')),$);
#646=IFCPROPERTYSET('_pMPhJg16lWHrpnXvxwjQh',#6,'OPS_ActivityCodes',$,(#644,#645));
#647=IFCRELDEFINESBYPROPERTIES('Q$PLNjbVX5N5rDv1kV9319',#6,$,$,(#83),#646);
#648=IFCPROPERTYENUMERATEDVALUE('House',$,(IFCLABEL('3')),$);
#649=IFCPROPERTYENUMERATEDVALUE('Discipline',$,(IFCLABEL('STR')),$);
#650=IFCPROPERTYSET('WVpPtzbFY7WltLwHJ9At0f',#6,'OPS_ActivityCodes',$,(#648,#649));
#651=IFCRELDEFINESBYPROPERTIES('8Jp7d9rH9r7DWjHV7XpPF5',#6,$,$,(#85),#650);
#652=IFCPROPERTYENUMERATEDVALUE('House',$,(IFCLABEL('3')),$);
#653=IFCPROPERTYENUMERATEDVALUE('Discipline',$,(IFCLABEL('STR')),$);
#654=IFCPROPERTYSET('uBAvXDw7gbLHDnP1Ox6joN',#6,'OPS_ActivityCodes',$,(#652,#653));
#655=IFCRELDEFINESBYPROPERTIES('W$7BXJA1a$vpSdg1lParOZ',#6,$,$,(#87),#654);
#656=IFCPROPERTYENUMERATEDVALUE('House',$,(IFCLABEL('3')),$);
#657=IFCPROPERTYENUMERATEDVALUE('Discipline',$,(IFCLABEL('STR')),$);
#658=IFCPROPERTYSET('e5CxAHfN4nXzXbqFab1Jo5',#6,'OPS_ActivityCodes',$,(#656,#657));
#659=IFCRELDEFINESBYPROPERTIES('0lnxctS$QVYfDHzl2btrq3',#6,$,$,(#89),#658);
#660=IFCPROPERTYENUMERATEDVALUE('House',$,(IFCLABEL('3')),$);
#661=IFCPROPERTYENUMERATEDVALUE('Discipline',$,(IFCLABEL('STR')),$);
#662=IFCPROPERTYSET('ixHJTRg$_9cDCBoXK1fhQr',#6,'OPS_ActivityCodes',$,(#660,#661));
#663=IFCRELDEFINESBYPROPERTIES('KvKjRVB$eHuNbBkVkTSBCF',#6,$,$,(#91),#662);
#664=IFCPROPERTYENUMERATEDVALUE('House',$,(IFCLABEL('4')),$);
#665=IFCPROPERTYENUMERATEDVALUE('Discipline',$,(IFCLABEL('STR')),$);
#666=IFCPROPERTYSET('3HPzYxgP7twJUfKFMFFhkr',#6,'OPS_ActivityCodes',$,(#664,#665));
#667=IFCRELDEFINESBYPROPERTIES('Lz$Tal8PPPiRJp3FyrhHZf',#6,$,$,(#93),#666);
#668=IFCPROPERTYENUMERATEDVALUE('House',$,(IFCLABEL('4')),$);
#669=IFCPROPERTYENUMERATEDVALUE('Discipline',$,(IFCLABEL('STR')),$);
#670=IFCPROPERTYSET('VXj7b$dtb$PJwJXX_bXDiJ',#6,'OPS_ActivityCodes',$,(#668,#669));
#671=IFCRELDEFINESBYPROPERTIES('9pXL9Z9NgxHJwJHXNtQ7$t',#6,$,$,(#95),#670);
#672=IFCPROPERTYENUMERATEDVALUE('House',$,(IFCLABEL('4')),$);
#673=IFCPROPERTYENUMERATEDVALUE('Discipline',$,(IFCLABEL('STR')),$);
#674=IFCPROPERTYSET('VTWf0lvt55npKVHV3FjvZf',#6,'OPS_ActivityCodes',$,(#672,#673));
#675=IFCRELDEFINESBYPROPERTIES('7HZNaDsdpb3vELEFYBjvfT',#6,$,$,(#97),#674);
#676=IFCPROPERTYENUMERATEDVALUE('House',$,(IFCLABEL('4')),$);
#677=IFCPROPERTYENUMERATEDVALUE('Discipline',$,(IFCLABEL('STR')),$);
#678=IFCPROPERTYSET('0nLlfp79NHbVEhUFJRd5ZR',#6,'OPS_ActivityCodes',$,(#676,#677));
#679=IFCRELDEFINESBYPROPERTIES('ezHjFBdt3z6$SdA$J9I1_Z',#6,$,$,(#99),#678);
#680=IFCPROPERTYENUMERATEDVALUE('House',$,(IFCLABEL('5')),$);
#681=IFCPROPERTYENUMERATEDVALUE('Discipline',$,(IFCLABEL('STR')),$);
#682=IFCPROPERTYSET('9NATGNmfgdnpqFN$11hl1f',#6,'OPS_ActivityCodes',$,(#680,#681));
#683=IFCRELDEFINESBYPROPERTIES('X34Z0FhlB3OdqlzHEHl3pH',#6,$,$,(#101),#682);
#684=IFCPROPERTYENUMERATEDVALUE('House',$,(IFCLABEL('5')),$);
#685=IFCPROPERTYENUMERATEDVALUE('Discipline',$,(IFCLABEL('STR')),$);
#686=IFCPROPERTYSET('Q$dLVt41CdCTXFxlqZixHr',#6,'OPS_ActivityCodes',$,(#684,#685));
#687=IFCRELDEFINESBYPROPERTIES('Er1BVJUnsrb1adkXc7Sz9p',#6,$,$,(#103),#686);
#688=IFCPROPERTYENUMERATEDVALUE('House',$,(IFCLABEL('5')),$);
#689=IFCPROPERTYENUMERATEDVALUE('Discipline',$,(IFCLABEL('STR')),$);
#690=IFCPROPERTYSET('Dv_X0FpV$LfZd3DHPnNT3B',#6,'OPS_ActivityCodes',$,(#688,#689));
#691=IFCRELDEFINESBYPROPERTIES('RRe$63aHnTIh_vEFIzu$o9',#6,$,$,(#105),#690);
#692=IFCPROPERTYENUMERATEDVALUE('House',$,(IFCLABEL('5')),$);
#693=IFCPROPERTYENUMERATEDVALUE('Discipline',$,(IFCLABEL('STR')),$);
#694=IFCPROPERTYSET('5Bgdj$_fYP4LMrM$J5hVK$',#6,'OPS_ActivityCodes',$,(#692,#693));
#695=IFCRELDEFINESBYPROPERTIES('Z$PLX9KFM5dr4fWXFx3tKX',#6,$,$,(#107),#694);
#696=IFCPROPERTYENUMERATEDVALUE('House',$,(IFCLABEL('6')),$);
#697=IFCPROPERTYENUMERATEDVALUE('Discipline',$,(IFCLABEL('STR')),$);
#698=IFCPROPERTYSET('iP8ViNP9rNYfDn$X_b9BiJ',#6,'OPS_ActivityCodes',$,(#696,#697));
#699=IFCRELDEFINESBYPROPERTIES('ypU1_rmf8VAlNbWVHhNZ3h',#6,$,$,(#109),#698);
#700=IFCPROPERTYENUMERATEDVALUE('House',$,(IFCLABEL('6')),$);
#701=IFCPROPERTYENUMERATEDVALUE('Discipline',$,(IFCLABEL('STR')),$);
#702=IFCPROPERTYSET('0lF5g5HvKpGVY9e18ZrnLf',#6,'OPS_ActivityCodes',$,(#700,#701));
#703=IFCRELDEFINESBYPROPERTIES('OTBVW$d9D5f5bLknKD6JM9',#6,$,$,(#111),#702);
#704=IFCPROPERTYENUMERATEDVALUE('House',$,(IFCLABEL('6')),$);
#705=IFCPROPERTYENUMERATEDVALUE('Discipline',$,(IFCLABEL('STR')),$);
#706=IFCPROPERTYSET('mtCxM$FvU70nV5e1SNYhMN',#6,'OPS_ActivityCodes',$,(#704,#705));
#707=IFCRELDEFINESBYPROPERTIES('uLk5cJQVjhHBajJHPLeXOz',#6,$,$,(#113),#706);
#708=IFCPROPERTYENUMERATEDVALUE('House',$,(IFCLABEL('6')),$);
#709=IFCPROPERTYENUMERATEDVALUE('Discipline',$,(IFCLABEL('STR')),$);
#710=IFCPROPERTYSET('pd2BPfFd1hlriXf$gL0v$f',#6,'OPS_ActivityCodes',$,(#708,#709));
#711=IFCRELDEFINESBYPROPERTIES('b5CxYftNMRJNZtiHCZ4hUD',#6,$,$,(#115),#710);
#712=IFCPROPERTYENUMERATEDVALUE('House',$,(IFCLABEL('GEN')),$);
#713=IFCPROPERTYENUMERATEDVALUE('Discipline',$,(IFCLABEL('STR')),$);
#714=IFCPROPERTYSET('E7oFdNPtTjSjMB6$07Wd1j',#6,'OPS_ActivityCodes',$,(#712,#713));
#715=IFCRELDEFINESBYPROPERTIES('Q5Cp$dUF238vE$lXdljvHn',#6,$,$,(#117),#714);
#716=IFCPROPERTYENUMERATEDVALUE('Discipline',$,(IFCLABEL('MEP')),$);
#717=IFCPROPERTYSET('Fv69sFT16H0nDTt1VJst47',#6,'OPS_ActivityCodes',$,(#716));
#718=IFCRELDEFINESBYPROPERTIES('dR8XG7_NcXEv_PoV0707Dl',#6,$,$,(#119),#717);
#719=IFCPROPERTYENUMERATEDVALUE('House',$,(IFCLABEL('1')),$);
#720=IFCPROPERTYENUMERATEDVALUE('Discipline',$,(IFCLABEL('MEP')),$);
#721=IFCPROPERTYSET('ortDhjIHzzsHRBs1bRA98D',#6,'OPS_ActivityCodes',$,(#719,#720));
#722=IFCRELDEFINESBYPROPERTIES('sfI5Ijzl$fJ7EX5FMrSByL',#6,$,$,(#121),#721);
#723=IFCPROPERTYENUMERATEDVALUE('House',$,(IFCLABEL('1')),$);
#724=IFCPROPERTYENUMERATEDVALUE('Discipline',$,(IFCLABEL('MEP')),$);
#725=IFCPROPERTYSET('ZZuXmP6VV5N5NbO$13OXCH',#6,'OPS_ActivityCodes',$,(#723,#724));
#726=IFCRELDEFINESBYPROPERTIES('5lxV4Z09fF7hAvglMLmti1',#6,$,$,(#123),#725);
#727=IFCPROPERTYENUMERATEDVALUE('House',$,(IFCLABEL('1')),$);
#728=IFCPROPERTYENUMERATEDVALUE('Discipline',$,(IFCLABEL('MEP')),$);
#729=IFCPROPERTYSET('6FPzUf17c1Ux5RyHHPSzXd',#6,'OPS_ActivityCodes',$,(#727,#728));
#730=IFCRELDEFINESBYPROPERTIES('kbBVeRYnQ1UxPZFVVlFT9l',#6,$,$,(#125),#729);
#731=IFCPROPERTYENUMERATEDVALUE('House',$,(IFCLABEL('2')),$);
#732=IFCPROPERTYENUMERATEDVALUE('Discipline',$,(IFCLABEL('MEP')),$);
#733=IFCPROPERTYSET('G9S3IFKFExnDaJ3lMFdj6R',#6,'OPS_ActivityCodes',$,(#731,#732));
#734=IFCRELDEFINESBYPROPERTIES('8hsZKLZ$gx7LcnN$R1XDqZ',#6,$,$,(#127),#733);
#735=IFCPROPERTYENUMERATEDVALUE('House',$,(IFCLABEL('2')),$);
#736=IFCPROPERTYENUMERATEDVALUE('Discipline',$,(IFCLABEL('MEP')),$);
#737=IFCPROPERTYSET('ZVpdvhKnwlm1unhHffYLId',#6,'OPS_ActivityCodes',$,(#735,#736));
#738=IFCRELDEFINESBYPROPERTIES('rDNjNnS1I1lraJ3l_NULwX',#6,$,$,(#129),#737);
#739=IFCPROPERTYENUMERATEDVALUE('House',$,(IFCLABEL('2')),$);
#740=IFCPROPERTYENUMERATEDVALUE('Discipline',$,(IFCLABEL('MEP')),$);
#741=IFCPROPERTYSET('vLQjhNGfY7O9FDv1YPiJ2z',#6,'OPS_ActivityCodes',$,(#739,#740));
#742=IFCRELDEFINESBYPROPERTIES('XVTfSDMdzletHZrl9393J$',#6,$,$,(#131),#741);
#743=IFCPROPERTYENUMERATEDVALUE('House',$,(IFCLABEL('3')),$);
#744=IFCPROPERTYENUMERATEDVALUE('Discipline',$,(IFCLABEL('MEP')),$);
#745=IFCPROPERTYSET('0FTfq5NNUJoryf0V75cpmn',#6,'OPS_ActivityCodes',$,(#743,#744));
#746=IFCRELDEFINESBYPROPERTIES('O39xMRr$e7RX_Pw1W92lr3',#6,$,$,(#133),#745);
#747=IFCPROPERTYENUMERATEDVALUE('House',$,(IFCLABEL('3')),$);
#748=IFCPROPERTYENUMERATEDVALUE('Discipline',$,(IFCLABEL('MEP')),$);
#749=IFCPROPERTYSET('b$HJJ3T$IXBn71hlh3lrKJ',#6,'OPS_ActivityCodes',$,(#747,#748));
#750=IFCRELDEFINESBYPROPERTIES('phz9QjA1m3mV_Ps11ZyTnR',#6,$,$,(#135),#749);
#751=IFCPROPERTYENUMERATEDVALUE('House',$,(IFCLABEL('3')),$);
#752=IFCPROPERTYENUMERATEDVALUE('Discipline',$,(IFCLABEL('MEP')),$);
#753=IFCPROPERTYSET('RxCDNDHvynXz5lf$_fk53L',#6,'OPS_ActivityCodes',$,(#751,#752));
#754=IFCRELDEFINESBYPROPERTIES('zltpJ$ItrNE7YNylxlxXyv',#6,$,$,(#137),#753);
#755=IFCPROPERTYENUMERATEDVALUE('House',$,(IFCLABEL('4')),$);
#756=IFCPROPERTYENUMERATEDVALUE('Discipline',$,(IFCLABEL('MEP')),$);
#757=IFCPROPERTYSET('aXxFzLSl5x$TdZXXG1Tt0N',#6,'OPS_ActivityCodes',$,(#755,#756));
#758=IFCRELDEFINESBYPROPERTIES('qLLlFlP95Ff5DFHVTXt31f',#6,$,$,(#139),#757);
#759=IFCPROPERTYENUMERATEDVALUE('House',$,(IFCLABEL('4')),$);
#760=IFCPROPERTYENUMERATEDVALUE('Discipline',$,(IFCLABEL('MEP')),$);
#761=IFCPROPERTYSET('7ntDX9SlNl3vs54ntz7Dml',#6,'OPS_ActivityCodes',$,(#759,#760));
#762=IFCRELDEFINESBYPROPERTIES('l5lJtVIl5nfxJ1zF0vGtat',#6,$,$,(#141),#761);
#763=IFCPROPERTYENUMERATEDVALUE('House',$,(IFCLABEL('4')),$);
#764=IFCPROPERTYENUMERATEDVALUE('Discipline',$,(IFCLABEL('MEP')),$);
#765=IFCPROPERTYSET('0l7Tm7UNC70F9tCnG$Jv3d',#6,'OPS_ActivityCodes',$,(#763,#764));
#766=IFCRELDEFINESBYPROPERTIES('OTJv3hCXtBdjs7wHp7uFdd',#6,$,$,(#143),#765);
#767=IFCPROPERTYENUMERATEDVALUE('House',$,(IFCLABEL('5')),$);
#768=IFCPROPERTYENUMERATEDVALUE('Discipline',$,(IFCLABEL('MEP')),$);
#769=IFCPROPERTYSET('r92V0HlP9hzfHte1q38FZb',#6,'OPS_ActivityCodes',$,(#767,#768));
#770=IFCRELDEFINESBYPROPERTIES('ZZmvlxl74bx1ajRnSxJ7RR',#6,$,$,(#145),#769);
#771=IFCPROPERTYENUMERATEDVALUE('House',$,(IFCLABEL('5')),$);
#772=IFCPROPERTYENUMERATEDVALUE('Discipline',$,(IFCLABEL('MEP')),$);
#773=IFCPROPERTYSET('T$nDTftNYDYNBjpHrDJ7F1',#6,'OPS_ActivityCodes',$,(#771,#772));
#774=IFCRELDEFINESBYPROPERTIES('BjBnDp$dddaBK$xlKVDdHr',#6,$,$,(#147),#773);
#775=IFCPROPERTYENUMERATEDVALUE('House',$,(IFCLABEL('5')),$);
#776=IFCPROPERTYENUMERATEDVALUE('Discipline',$,(IFCLABEL('MEP')),$);
#777=IFCPROPERTYSET('7BcfuJxVH$MzRVbn8hGNgp',#6,'OPS_ActivityCodes',$,(#775,#776));
#778=IFCRELDEFINESBYPROPERTIES('X$NRy1c7ipuvIbCl6DJ7Rb',#6,$,$,(#149),#777);
#779=IFCPROPERTYENUMERATEDVALUE('House',$,(IFCLABEL('6')),$);
#780=IFCPROPERTYENUMERATEDVALUE('Discipline',$,(IFCLABEL('MEP')),$);
#781=IFCPROPERTYSET('BjLHfp7tZV29bVLFHrpdzh',#6,'OPS_ActivityCodes',$,(#779,#780));
#782=IFCRELDEFINESBYPROPERTIES('DdULlXr$S$dJo17$Ep6JkB',#6,$,$,(#151),#781);
#783=IFCPROPERTYENUMERATEDVALUE('House',$,(IFCLABEL('6')),$);
#784=IFCPROPERTYENUMERATEDVALUE('Discipline',$,(IFCLABEL('MEP')),$);
#785=IFCPROPERTYSET('Kd092dL$_Zi3bXDHrjFZ9l',#6,'OPS_ActivityCodes',$,(#783,#784));
#786=IFCRELDEFINESBYPROPERTIES('4DcfyT0tp7RXM9Cl29gfMf',#6,$,$,(#153),#785);
#787=IFCPROPERTYENUMERATEDVALUE('House',$,(IFCLABEL('6')),$);
#788=IFCPROPERTYENUMERATEDVALUE('Discipline',$,(IFCLABEL('MEP')),$);
#789=IFCPROPERTYSET('Ehb$AnRnsNhlzP2XZ$3fsv',#6,'OPS_ActivityCodes',$,(#787,#788));
#790=IFCRELDEFINESBYPROPERTIES('AtsvZbg1sfzNvDBlpr5X8j',#6,$,$,(#155),#789);
#791=IFCPROPERTYENUMERATEDVALUE('Discipline',$,(IFCLABEL('FIT')),$);
#792=IFCPROPERTYSET('$ltppFins9vpqFnXtZT9ez',#6,'OPS_ActivityCodes',$,(#791));
#793=IFCRELDEFINESBYPROPERTIES('fzljbXTHt1lBqnv1s5wJot',#6,$,$,(#157),#792);
#794=IFCPROPERTYENUMERATEDVALUE('House',$,(IFCLABEL('1')),$);
#795=IFCPROPERTYENUMERATEDVALUE('Discipline',$,(IFCLABEL('FIT')),$);
#796=IFCPROPERTYSET('tN6p5hRFgRptThclxlDPrv',#6,'OPS_ActivityCodes',$,(#794,#795));
#797=IFCRELDEFINESBYPROPERTIES('XzCDPxAdRVhlXHVXk1xXmF',#6,$,$,(#159),#796);
#798=IFCPROPERTYENUMERATEDVALUE('House',$,(IFCLABEL('1')),$);
#799=IFCPROPERTYENUMERATEDVALUE('Discipline',$,(IFCLABEL('FIT')),$);
#800=IFCPROPERTYSET('Nde1cpUfW5Vz99SnpdCRXd',#6,'OPS_ActivityCodes',$,(#798,#799));
#801=IFCRELDEFINESBYPROPERTIES('$JUhfpVPjB3ftrYVRXZfcn',#6,$,$,(#161),#800);
#802=IFCPROPERTYENUMERATEDVALUE('House',$,(IFCLABEL('1')),$);
#803=IFCPROPERTYENUMERATEDVALUE('Discipline',$,(IFCLABEL('FIT')),$);
#804=IFCPROPERTYSET('NvKbC7dtVP9bVxO$C3OlDF',#6,'OPS_ActivityCodes',$,(#802,#803));
#805=IFCRELDEFINESBYPROPERTIES('1Dwt_ha$gxnDClBF$XHreZ',#6,$,$,(#163),#804);
#806=IFCPROPERTYENUMERATEDVALUE('House',$,(IFCLABEL('1')),$);
#807=IFCPROPERTYENUMERATEDVALUE('Discipline',$,(IFCLABEL('FIT')),$);
#808=IFCPROPERTYSET('M31TOZdtXvTPmLwH3HlzJV',#6,'OPS_ActivityCodes',$,(#806,#807));
#809=IFCRELDEFINESBYPROPERTIES('I9yTqbZlvfEvwVt1SfYhAd',#6,$,$,(#165),#808);
#810=IFCPROPERTYENUMERATEDVALUE('House',$,(IFCLABEL('2')),$);
#811=IFCPROPERTYENUMERATEDVALUE('Discipline',$,(IFCLABEL('FIT')),$);
#812=IFCPROPERTYSET('PXTfaFCnCPq5JXf1s$NLEf',#6,'OPS_ActivityCodes',$,(#810,#811));
#813=IFCRELDEFINESBYPROPERTIES('FBP3oX6X5bZdyfO$8helF1',#6,$,$,(#167),#812);
#814=IFCPROPERTYENUMERATEDVALUE('House',$,(IFCLABEL('2')),$);
#815=IFCPROPERTYENUMERATEDVALUE('Discipline',$,(IFCLABEL('FIT')),$);
#816=IFCPROPERTYSET('_nb$wPM1Uvuf7DbHcP0vBT',#6,'OPS_ActivityCodes',$,(#814,#815));
#817=IFCRELDEFINESBYPROPERTIES('M3dh9THPh7e9RVhnrJfL_3',#6,$,$,(#169),#816);
#818=IFCPROPERTYENUMERATEDVALUE('House',$,(IFCLABEL('2')),$);
#819=IFCPROPERTYENUMERATEDVALUE('Discipline',$,(IFCLABEL('FIT')),$);
#820=IFCPROPERTYSET('tjp7nh5nmTyD03bF4P07hD',#6,'OPS_ActivityCodes',$,(#818,#819));
#821=IFCRELDEFINESBYPROPERTIES('nPg3kHGNKf_9fds$TVHrKD',#6,$,$,(#171),#820);
#822=IFCPROPERTYENUMERATEDVALUE('House',$,(IFCLABEL('2')),$);
#823=IFCPROPERTYENUMERATEDVALUE('Discipline',$,(IFCLABEL('FIT')),$);
#824=IFCPROPERTYSET('8BMdLj2FenizTLUFBtUnht',#6,'OPS_ActivityCodes',$,(#822,#823));
#825=IFCRELDEFINESBYPROPERTIES('W1Ph7BeP$NrFb$VXCZyZZb',#6,$,$,(#173),#824);
#826=IFCPROPERTYENUMERATEDVALUE('House',$,(IFCLABEL('3')),$);
#827=IFCPROPERTYENUMERATEDVALUE('Discipline',$,(IFCLABEL('FIT')),$);
#828=IFCPROPERTYSET('FhR$c94HX7zv61TFITiJ_V',#6,'OPS_ActivityCodes',$,(#826,#827));
#829=IFCRELDEFINESBYPROPERTIES('9N_BJTffCZ6j2Ps$$3elNT',#6,$,$,(#175),#828);
#830=IFCPROPERTYENUMERATEDVALUE('House',$,(IFCLABEL('3')),$);
#831=IFCPROPERTYENUMERATEDVALUE('Discipline',$,(IFCLABEL('FIT')),$);
#832=IFCPROPERTYSET('TXpdTf7tbrfTFPM1t393Xd',#6,'OPS_ActivityCodes',$,(#830,#831));
#833=IFCRELDEFINESBYPROPERTIES('BpNjJZ1v6luf7JP1Z1j7pn',#6,$,$,(#177),#832);
#834=IFCPROPERTYENUMERATEDVALUE('House',$,(IFCLABEL('3')),$);
#835=IFCPROPERTYENUMERATEDVALUE('Discipline',$,(IFCLABEL('FIT')),$);
#836=IFCPROPERTYSET('XXDdVNmfQ1sZpHZHKjQ7Hl',#6,'OPS_ActivityCodes',$,(#834,#835));
#837=IFCRELDEFINESBYPROPERTIES('9D1BvdbX9VZtpTFXhva3jX',#6,$,$,(#179),#836);
#838=IFCPROPERTYENUMERATEDVALUE('House',$,(IFCLABEL('3')),$);
#839=IFCPROPERTYENUMERATEDVALUE('Discipline',$,(IFCLABEL('FIT')),$);
#840=IFCPROPERTYSET('xH3tY5EtvfAlPZN1FfUhw5',#6,'OPS_ActivityCodes',$,(#838,#839));
#841=IFCRELDEFINESBYPROPERTIES('jbTfaH0t91$xbLkF4hVbJ1',#6,$,$,(#181),#840);
#842=IFCPROPERTYENUMERATEDVALUE('House',$,(IFCLABEL('4')),$);
#843=IFCPROPERTYENUMERATEDVALUE('Discipline',$,(IFCLABEL('FIT')),$);
#844=IFCPROPERTYSET('7hk5AnJXnH8N$1d$mnpPxH',#6,'OPS_ActivityCodes',$,(#842,#843));
#845=IFCRELDEFINESBYPROPERTIES('XXBVOZldXvTPy9iHGnhXOh',#6,$,$,(#183),#844);
#846=IFCPROPERTYENUMERATEDVALUE('House',$,(IFCLABEL('4')),$);
#847=IFCPROPERTYENUMERATEDVALUE('Discipline',$,(IFCLABEL('FIT')),$);
#848=IFCPROPERTYSET('8pHRKtpXtXDda7sHOpDdtl',#6,'OPS_ActivityCodes',$,(#846,#847));
#849=IFCRELDEFINESBYPROPERTIES('GPobmNGNgvp9dl3l_RHzlF',#6,$,$,(#185),#848);
#850=IFCPROPERTYENUMERATEDVALUE('House',$,(IFCLABEL('4')),$);
#851=IFCPROPERTYENUMERATEDVALUE('Discipline',$,(IFCLABEL('FIT')),$);
#852=IFCPROPERTYSET('4HTfe5k9fRx$CF9$PlrFZx',#6,'OPS_ActivityCodes',$,(#850,#851));
#853=IFCRELDEFINESBYPROPERTIES('Kx9xg$9f4brFnpVVWtEVa5',#6,$,$,(#187),#852);
#854=IFCPROPERTYENUMERATEDVALUE('House',$,(IFCLABEL('4')),$);
#855=IFCPROPERTYENUMERATEDVALUE('Discipline',$,(IFCLABEL('FIT')),$);
#856=IFCPROPERTYSET('J9yT4T8drz8N9rA$xByhMj',#6,'OPS_ActivityCodes',$,(#854,#855));
#857=IFCRELDEFINESBYPROPERTIES('xrU1MVzHxHjNl90VxFFhot',#6,$,$,(#189),#856);
#858=IFCPROPERTYENUMERATEDVALUE('House',$,(IFCLABEL('5')),$);
#859=IFCPROPERTYENUMERATEDVALUE('Discipline',$,(IFCLABEL('FIT')),$);
#860=IFCPROPERTYSET('gTrX8jzHX7TP4tanbRgNw5',#6,'OPS_ActivityCodes',$,(#858,#859));
#861=IFCRELDEFINESBYPROPERTIES('INuVapYfCvm$ibyFTz07xB',#6,$,$,(#191),#860);
#862=IFCPROPERTYENUMERATEDVALUE('House',$,(IFCLABEL('5')),$);
#863=IFCPROPERTYENUMERATEDVALUE('Discipline',$,(IFCLABEL('FIT')),$);
#864=IFCPROPERTYSET('0l$rhN0tNHBFN7Mlc7ijo5',#6,'OPS_ActivityCodes',$,(#862,#863));
#865=IFCRELDEFINESBYPROPERTIES('eTRl7rGfyx1TRLcHR$9Bij',#6,$,$,(#193),#864);
#866=IFCPROPERTYENUMERATEDVALUE('House',$,(IFCLABEL('5')),$);
#867=IFCPROPERTYENUMERATEDVALUE('Discipline',$,(IFCLABEL('FIT')),$);
#868=IFCPROPERTYSET('BpFxYb2FiD8fJ$3FSfYhgf',#6,'OPS_ActivityCodes',$,(#866,#867));
#869=IFCRELDEFINESBYPROPERTIES('D769QNevCTM37Xf1kZCpG$',#6,$,$,(#195),#868);
#870=IFCPROPERTYENUMERATEDVALUE('House',$,(IFCLABEL('5')),$);
#871=IFCPROPERTYENUMERATEDVALUE('Discipline',$,(IFCLABEL('FIT')),$);
#872=IFCPROPERTYSET('jbBVajolPd4hc35n2t6P9H',#6,'OPS_ActivityCodes',$,(#870,#871));
#873=IFCRELDEFINESBYPROPERTIES('LvyT8p$dbLxX_jjHpLNT1j',#6,$,$,(#197),#872);
#874=IFCPROPERTYENUMERATEDVALUE('House',$,(IFCLABEL('6')),$);
#875=IFCPROPERTYENUMERATEDVALUE('Discipline',$,(IFCLABEL('FIT')),$);
#876=IFCPROPERTYSET('wBIHLJ6X3Hm1SdM1hPOVSN',#6,'OPS_ActivityCodes',$,(#874,#875));
#877=IFCRELDEFINESBYPROPERTIES('U$npvrOd1tFhUNiHObk$6b',#6,$,$,(#199),#876);
#878=IFCPROPERTYENUMERATEDVALUE('House',$,(IFCLABEL('6')),$);
#879=IFCPROPERTYENUMERATEDVALUE('Discipline',$,(IFCLABEL('FIT')),$);
#880=IFCPROPERTYSET('7lD7Jzhl91HBqhEF_RNhMp',#6,'OPS_ActivityCodes',$,(#878,#879));
#881=IFCRELDEFINESBYPROPERTIES('lbDdlXjFufj7UThlffcp4d',#6,$,$,(#201),#880);
#882=IFCPROPERTYENUMERATEDVALUE('House',$,(IFCLABEL('6')),$);
#883=IFCPROPERTYENUMERATEDVALUE('Discipline',$,(IFCLABEL('FIT')),$);
#884=IFCPROPERTYSET('7LM3M1lv0LxXoLMHkVtzrT',#6,'OPS_ActivityCodes',$,(#882,#883));
#885=IFCRELDEFINESBYPROPERTIES('XVj7r7_NYjY5XHN$6DZN21',#6,$,$,(#203),#884);
#886=IFCPROPERTYENUMERATEDVALUE('House',$,(IFCLABEL('6')),$);
#887=IFCPROPERTYENUMERATEDVALUE('Discipline',$,(IFCLABEL('FIT')),$);
#888=IFCPROPERTYSET('2D6tAHHPpxX31BQ1c3FLkh',#6,'OPS_ActivityCodes',$,(#886,#887));
#889=IFCRELDEFINESBYPROPERTIES('Q$txYxgPZ1_RTroXWtwP5n',#6,$,$,(#205),#888);
#890=IFCPROPERTYENUMERATEDVALUE('House',$,(IFCLABEL('GEN')),$);
#891=IFCPROPERTYSET('T$PLpHOP9L5Xs5qHYPixJ3',#6,'OPS_ActivityCodes',$,(#890));
#892=IFCRELDEFINESBYPROPERTIES('BjpvBvMd5xV3zbO1iD_BS9',#6,$,$,(#207),#891);
#893=IFCPROPERTYENUMERATEDVALUE('House',$,(IFCLABEL('1')),$);
#894=IFCPROPERTYSET('zj6pR5d9thxXQ3rFl7elhD',#6,'OPS_ActivityCodes',$,(#893));
#895=IFCRELDEFINESBYPROPERTIES('RVpdNjZlpdXzfP2VtvCDuj',#6,$,$,(#209),#894);
#896=IFCPROPERTYENUMERATEDVALUE('House',$,(IFCLABEL('2')),$);
#897=IFCPROPERTYSET('H5FD9TnPB3Wl$VRFORMNsd',#6,'OPS_ActivityCodes',$,(#896));
#898=IFCRELDEFINESBYPROPERTIES('fdOlRRzlnlGV_pP1K1d5Lf',#6,$,$,(#211),#897);
#899=IFCPROPERTYENUMERATEDVALUE('House',$,(IFCLABEL('3')),$);
#900=IFCPROPERTYSET('fPO$6ds1mJY5trkXIVvpKj',#6,'OPS_ActivityCodes',$,(#899));
#901=IFCRELDEFINESBYPROPERTIES('$JUh3dzHxn1ZH9mXuz1x1j',#6,$,$,(#213),#900);
#902=IFCPROPERTYENUMERATEDVALUE('House',$,(IFCLABEL('4')),$);
#903=IFCPROPERTYSET('NZrXCbDF29IhMrM1RVpd7f',#6,'OPS_ActivityCodes',$,(#902));
#904=IFCRELDEFINESBYPROPERTIES('HtyZe52NY7ePullX5rK5$j',#6,$,$,(#215),#903);
#905=IFCPROPERTYENUMERATEDVALUE('House',$,(IFCLABEL('5')),$);
#906=IFCPROPERTYSET('5rw9YNFPzHOtB7QHbVRFpp',#6,'OPS_ActivityCodes',$,(#905));
#907=IFCRELDEFINESBYPROPERTIES('Z$t5wzCnGpgFLtGXgLG9W7',#6,$,$,(#217),#906);
#908=IFCPROPERTYENUMERATEDVALUE('House',$,(IFCLABEL('6')),$);
#909=IFCPROPERTYSET('l9qxg5tNC3Al5x0V$1jvdB',#6,'OPS_ActivityCodes',$,(#908));
#910=IFCRELDEFINESBYPROPERTIES('vrQNKh3$Wx9bvX9$ijs9ux',#6,$,$,(#219),#909);
#911=IFCPROPERTYENUMERATEDVALUE('House',$,(IFCLABEL('GEN')),$);
#912=IFCPROPERTYSET('4HBFpjbXLjMzh9WVBDpdRX',#6,'OPS_ActivityCodes',$,(#911));
#913=IFCRELDEFINESBYPROPERTIES('K5nDXty$ylJf11lXNNcDij',#6,$,$,(#221),#912);
#914=IFCPROPERTYSINGLEVALUE('InternalTaskId',$,IFCTEXT('task-mtx91aypm31o99'),$);
#915=IFCPROPERTYSET('_pwt27NfcJq5bLMlYL9z5h',#6,'OPS_TaskIdentity',$,(#914));
#916=IFCRELDEFINESBYPROPERTIES('xnF5IjJn0LJvQTVXuzFL23',#6,$,$,(#45),#915);
#917=IFCPROPERTYSINGLEVALUE('InternalTaskId',$,IFCTEXT('task-mtx91aysk3fg100'),$);
#918=IFCPROPERTYSET('BJp7b$$PF3YfxxWX717Rn1',#6,'OPS_TaskIdentity',$,(#917));
#919=IFCRELDEFINESBYPROPERTIES('SXZNyV6VhJcpaPYX1$T947',#6,$,$,(#47),#918);
#920=IFCPROPERTYSINGLEVALUE('InternalTaskId',$,IFCTEXT('task-mtx91ayujzhk101'),$);
#921=IFCPROPERTYSET('0FZfSpEtJfBnnpf$1$5Vyh',#6,'OPS_TaskIdentity',$,(#920));
#922=IFCRELDEFINESBYPROPERTIES('PRm791sdRVhH$XBFt3NZn5',#6,$,$,(#49),#921);
#923=IFCPROPERTYSINGLEVALUE('InternalTaskId',$,IFCTEXT('task-mtx91ayx2pz4102'),$);
#924=IFCPROPERTYSET('7BMdHVL$ArxXMr2XdHR$AZ',#6,'OPS_TaskIdentity',$,(#923));
#925=IFCRELDEFINESBYPROPERTIES('k9CxoT$7Mxnpi$znm1T9eB',#6,$,$,(#51),#924);
#926=IFCPROPERTYSINGLEVALUE('InternalTaskId',$,IFCTEXT('task-mtx91az0cdlx103'),$);
#927=IFCPROPERTYSET('Ehb$YRs$OPtRX5u$JbvRlH',#6,'OPS_TaskIdentity',$,(#926));
#928=IFCRELDEFINESBYPROPERTIES('d1lj3B0ttVJvYTJFVHdxnR',#6,$,$,(#53),#927);
#929=IFCPROPERTYSINGLEVALUE('InternalTaskId',$,IFCTEXT('task-mtx91az4jlv1104'),$);
#930=IFCPROPERTYSET('R5aLX94HLdK3Hzf$kX15lh',#6,'OPS_TaskIdentity',$,(#929));
#931=IFCRELDEFINESBYPROPERTIES('q9IHVfWt7ze9V5mX0velxr',#6,$,$,(#55),#930);
#932=IFCPROPERTYSINGLEVALUE('InternalTaskId',$,IFCTEXT('task-mtx91az9kiav105'),$);
#933=IFCPROPERTYSET('XXpdPx2f2z0npZHVdnfTjT',#6,'OPS_TaskIdentity',$,(#932));
#934=IFCRELDEFINESBYPROPERTIES('wBQfihZ1ILZ9FpXViXztOT',#6,$,$,(#57),#933);
#935=IFCPROPERTYSINGLEVALUE('InternalTaskId',$,IFCTEXT('task-mtx91azcmcvg106'),$);
#936=IFCPROPERTYSET('S$FDt3T16zw1WJ7$hdmtWd',#6,'OPS_TaskIdentity',$,(#935));
#937=IFCRELDEFINESBYPROPERTIES('3JYh$d6XBT4pqlrnTzuF5F',#6,$,$,(#59),#936);
#938=IFCPROPERTYSINGLEVALUE('InternalTaskId',$,IFCTEXT('task-mtx91azephxb107'),$);
#939=IFCPROPERTYSET('eT39MRpnc$_RPnv1olnZLf',#6,'OPS_TaskIdentity',$,(#938));
#940=IFCRELDEFINESBYPROPERTIES('1ldzE1gPjNrnxH9$i$1Js7',#6,$,$,(#61),#939);
#941=IFCPROPERTYSINGLEVALUE('InternalTaskId',$,IFCTEXT('task-mtx91azj2g5i108'),$);
#942=IFCPROPERTYSET('Z3q5cJYFkXT9lTLHv1tBiV',#6,'OPS_TaskIdentity',$,(#941));
#943=IFCRELDEFINESBYPROPERTIES('sts7Xp_fIB7Di50XHPqRHH',#6,$,$,(#63),#942);
#944=IFCPROPERTYSINGLEVALUE('InternalTaskId',$,IFCTEXT('task-mtx91azm6vus109'),$);
#945=IFCPROPERTYSET('QXjvl5lvevz7cF1XA5k5VZ',#6,'OPS_TaskIdentity',$,(#944));
#946=IFCRELDEFINESBYPROPERTIES('1p69o3pVtV3frjBnDLFLQn',#6,$,$,(#65),#945);
#947=IFCPROPERTYSINGLEVALUE('InternalTaskId',$,IFCTEXT('task-mtx91azqq92o110'),$);
#948=IFCPROPERTYSET('nvoFr7wvArzfVFLlv$P5jT',#6,'OPS_TaskIdentity',$,(#947));
#949=IFCRELDEFINESBYPROPERTIES('ApP3InCXh7G$i1rH1$rnpD',#6,$,$,(#67),#948);
#950=IFCPROPERTYSINGLEVALUE('InternalTaskId',$,IFCTEXT('task-mtx91azusie0111'),$);
#951=IFCPROPERTYSET('oPERW1P9JLFLwpJFrtMNQB',#6,'OPS_TaskIdentity',$,(#950));
#952=IFCRELDEFINESBYPROPERTIES('BpfJvdxVL70FZh2FnR7RLD',#6,$,$,(#69),#951);
#953=IFCPROPERTYSINGLEVALUE('InternalTaskId',$,IFCTEXT('task-mtx91b0b0pd1112'),$);
#954=IFCPROPERTYSET('FLjdzdZlD7jNz7glEDcDyd',#6,'OPS_TaskIdentity',$,(#953));
#955=IFCRELDEFINESBYPROPERTIES('OZz9_LKFMRRXoBoXeJ1Jgt',#6,$,$,(#71),#954);
#956=IFCPROPERTYSINGLEVALUE('InternalTaskId',$,IFCTEXT('task-mtx91b0juet5113'),$);
#957=IFCPROPERTYSET('aVj7flOPvzG$eX5FI$pdHh',#6,'OPS_TaskIdentity',$,(#956));
#958=IFCRELDEFINESBYPROPERTIES('zDkHnHXvOHe9pZv1EpUhYJ',#6,$,$,(#73),#957);
#959=IFCPROPERTYSINGLEVALUE('InternalTaskId',$,IFCTEXT('task-mtx91b0rhgoo114'),$);
#960=IFCPROPERTYSET('l5dL$vo9nTcpGRu$I15VWP',#6,'OPS_TaskIdentity',$,(#959));
#961=IFCRELDEFINESBYPROPERTIES('up9p1dolVRx$qlhFJf_rq3',#6,$,$,(#75),#960);
#962=IFCPROPERTYSINGLEVALUE('InternalTaskId',$,IFCTEXT('task-mtx91b0yr8gp115'),$);
#963=IFCPROPERTYSET('7rMPZtz10LJ7o1N17b2l5B',#6,'OPS_TaskIdentity',$,(#962));
#964=IFCRELDEFINESBYPROPERTIES('ktC5sLz$itcD4fO$DPqpOB',#6,$,$,(#77),#963);
#965=IFCPROPERTYSINGLEVALUE('InternalTaskId',$,IFCTEXT('task-mtx91b14bvqu116'),$);
#966=IFCPROPERTYSET('ttAvpptfSXZtjpDnJtYnDj',#6,'OPS_TaskIdentity',$,(#965));
#967=IFCRELDEFINESBYPROPERTIES('GtijzBmfQJyh6V1VORYn$p',#6,$,$,(#79),#966);
#968=IFCPROPERTYSINGLEVALUE('InternalTaskId',$,IFCTEXT('task-mtx91b1aibpm117'),$);
#969=IFCPROPERTYSET('phz9EXwVHp0FvXd$T$BF5F',#6,'OPS_TaskIdentity',$,(#968));
#970=IFCRELDEFINESBYPROPERTIES('QXh1oXs$On4LsvslObYnJ3',#6,$,$,(#81),#969);
#971=IFCPROPERTYSINGLEVALUE('InternalTaskId',$,IFCTEXT('task-mtx91b1gaq6y118'),$);
#972=IFCPROPERTYSET('rjZNOxgd$BxVEhMlMBixh9',#6,'OPS_TaskIdentity',$,(#971));
#973=IFCRELDEFINESBYPROPERTIES('SXpPzvNN_tcDCBUVVFbFxH',#6,$,$,(#83),#972);
#974=IFCPROPERTYSINGLEVALUE('InternalTaskId',$,IFCTEXT('task-mtx91b1kyaq7119'),$);
#975=IFCPROPERTYSET('j595kDF7A9nLwD3FuryZLf',#6,'OPS_TaskIdentity',$,(#974));
#976=IFCRELDEFINESBYPROPERTIES('6F$BzLiFkrHBChMHQ37pa9',#6,$,$,(#85),#975);
#977=IFCPROPERTYSINGLEVALUE('InternalTaskId',$,IFCTEXT('task-mtx91b1r4mkw120'),$);
#978=IFCPROPERTYSET('xlb$_rOPNbjfhzt$4P073v',#6,'OPS_TaskIdentity',$,(#977));
#979=IFCRELDEFINESBYPROPERTIES('YTmdzPh1wFaBqn$V2twd5F',#6,$,$,(#87),#978);
#980=IFCPROPERTYSINGLEVALUE('InternalTaskId',$,IFCTEXT('task-mtx91b203h4h121'),$);
#981=IFCPROPERTYSET('bVRlnFJVZDmX_PoVS5RFhN',#6,'OPS_TaskIdentity',$,(#980));
#982=IFCRELDEFINESBYPROPERTIES('_D2VyX6XnzAHpF1X2fQD09',#6,$,$,(#89),#981);
#983=IFCPROPERTYSINGLEVALUE('InternalTaskId',$,IFCTEXT('task-mtx91b27gcpc122'),$);
#984=IFCPROPERTYSET('vhMzArnPj99zTrUXj5bFHB',#6,'OPS_TaskIdentity',$,(#983));
#985=IFCRELDEFINESBYPROPERTIES('kNunFh31O7hH1XTlqlR$Mf',#6,$,$,(#91),#984);
#986=IFCPROPERTYSINGLEVALUE('InternalTaskId',$,IFCTEXT('task-mtx91b2cl9qq123'),$);
#987=IFCPROPERTYSET('m9qDbb5VLdK3pZ9$7Vr1sd',#6,'OPS_TaskIdentity',$,(#986));
#988=IFCRELDEFINESBYPROPERTIES('NZrXOTldBt6JQH5F_5TNgt',#6,$,$,(#93),#987);
#989=IFCPROPERTYSINGLEVALUE('InternalTaskId',$,IFCTEXT('task-mtx91b2iav4k126'),$);
#990=IFCPROPERTYSET('kx$ZGtqFG3GX61LlD7mfgp',#6,'OPS_TaskIdentity',$,(#989));
#991=IFCRELDEFINESBYPROPERTIES('7HjPzvNNkB15Dn$XoH1jQB',#6,$,$,(#95),#990);
#992=IFCPROPERTYSINGLEVALUE('InternalTaskId',$,IFCTEXT('task-mtx91b2pylxm127'),$);
#993=IFCPROPERTYSET('KbxFVj6XznyDeVrFDrzfgJ',#6,'OPS_TaskIdentity',$,(#992));
#994=IFCRELDEFINESBYPROPERTIES('xFHRObEldvGXsds1DvG9C3',#6,$,$,(#97),#993);
#995=IFCPROPERTYSINGLEVALUE('InternalTaskId',$,IFCTEXT('task-mtx91b2vjuja128'),$);
#996=IFCPROPERTYSET('Dhp7jT79LJAZZ9Cni$Xpaf',#6,'OPS_TaskIdentity',$,(#995));
#997=IFCRELDEFINESBYPROPERTIES('cX5nTxgPNH51WJHVBJH3R5',#6,$,$,(#99),#996);
#998=IFCPROPERTYSINGLEVALUE('InternalTaskId',$,IFCTEXT('task-mtx91b33ihxi129'),$);
#999=IFCPROPERTYSET('4lLHfJ5VfR37IHf$wfULw1',#6,'OPS_TaskIdentity',$,(#998));
#1000=IFCRELDEFINESBYPROPERTIES('TZuVCvH70r7DGr61uTBnb$',#6,$,$,(#101),#999);
#1001=IFCPROPERTYSINGLEVALUE('InternalTaskId',$,IFCTEXT('task-mtx91b3a5b84130'),$);
#1002=IFCPROPERTYSET('pdcJfF41ut$5j1pFJtUnzL',#6,'OPS_TaskIdentity',$,(#1001));
#1003=IFCRELDEFINESBYPROPERTIES('Chpvhfu7gvJfLz7$FN2ri$',#6,$,$,(#103),#1002);
#1004=IFCPROPERTYSINGLEVALUE('InternalTaskId',$,IFCTEXT('task-mtx91b3jgbpi131'),$);
#1005=IFCPROPERTYSET('0lfJnrV7ShlB033HU7uF9l',#6,'OPS_TaskIdentity',$,(#1004));
#1006=IFCRELDEFINESBYPROPERTIES('P5S3An5F0h3Nhzt14vCDmn',#6,$,$,(#105),#1005);
#1007=IFCPROPERTYSINGLEVALUE('InternalTaskId',$,IFCTEXT('task-mtx91b3wsqln132'),$);
#1008=IFCPROPERTYSET('8pHbW1NfUJATn7MHYrj7j$',#6,'OPS_TaskIdentity',$,(#1007));
#1009=IFCRELDEFINESBYPROPERTIES('XXpPZt31SXLlvjnX1$ZtKX',#6,$,$,(#107),#1008);
#1010=IFCPROPERTYSINGLEVALUE('InternalTaskId',$,IFCTEXT('task-mtx91b455le9133'),$);
#1011=IFCPROPERTYSET('X1HJJ3bFwnSJM94npBrFxl',#6,'OPS_TaskIdentity',$,(#1010));
#1012=IFCRELDEFINESBYPROPERTIES('whERqxVdTDWHhZ3nKDgZ$j',#6,$,$,(#109),#1011);
#1013=IFCPROPERTYSINGLEVALUE('InternalTaskId',$,IFCTEXT('task-mtx91b4eybbi134'),$);
#1014=IFCPROPERTYSET('prNJ5HFPhpgnXx0Xxlb$MD',#6,'OPS_TaskIdentity',$,(#1013));
#1015=IFCRELDEFINESBYPROPERTIES('c$1Zy3a1wZQDibandnPjER',#6,$,$,(#111),#1014);
#1016=IFCPROPERTYSINGLEVALUE('InternalTaskId',$,IFCTEXT('task-mtx91b4l0gcf135'),$);
#1017=IFCPROPERTYSET('T3iJ77tf89XbBds1jN2rml',#6,'OPS_TaskIdentity',$,(#1016));
#1018=IFCRELDEFINESBYPROPERTIES('s92ValmfUjUxPZd1GFB$6R',#6,$,$,(#113),#1017);
#1019=IFCPROPERTYSINGLEVALUE('InternalTaskId',$,IFCTEXT('task-mtx91b4slw28136'),$);
#1020=IFCPROPERTYSET('0Fp7dNHdhdSJk581_539CZ',#6,'OPS_TaskIdentity',$,(#1019));
#1021=IFCRELDEFINESBYPROPERTIES('dR0tYbcV9rHre$v$MlDdbX',#6,$,$,(#115),#1020);
#1022=IFCPROPERTYSINGLEVALUE('InternalTaskId',$,IFCTEXT('task-mtx91b4zaqfb137'),$);
#1023=IFCPROPERTYSET('$JYLhJg$6l0nf7AHWfs3Vv',#6,'OPS_TaskIdentity',$,(#1022));
#1024=IFCRELDEFINESBYPROPERTIES('OROlLpkt5FdrWJf1cvS35B',#6,$,$,(#117),#1023);
#1025=IFCPROPERTYSINGLEVALUE('InternalTaskId',$,IFCTEXT('task-mtx91b56i5bi138'),$);
#1026=IFCPROPERTYSET('_JEbapAP73mVoX3lk1hHj$',#6,'OPS_TaskIdentity',$,(#1025));
#1027=IFCRELDEFINESBYPROPERTIES('NvyZq7l7mjwJgLAH8h8FPv',#6,$,$,(#119),#1026);
#1028=IFCPROPERTYSINGLEVALUE('InternalTaskId',$,IFCTEXT('task-mtx91b5bd1nl139'),$);
#1029=IFCPROPERTYSET('RxShhJQVzTIhErQ$YhnLAP',#6,'OPS_TaskIdentity',$,(#1028));
#1030=IFCRELDEFINESBYPROPERTIES('qtIlBz41ipmVE1t$$T4Lk7',#6,$,$,(#121),#1029);
#1031=IFCPROPERTYSINGLEVALUE('InternalTaskId',$,IFCTEXT('task-mtx91b5hdkty140'),$);
#1032=IFCPROPERTYSET('gTxnFLZ1MRJfTt4n3JEX4d',#6,'OPS_TaskIdentity',$,(#1031));
#1033=IFCRELDEFINESBYPROPERTIES('3lvTuLCV73WHZf81Mn15lL',#6,$,$,(#123),#1032);
#1034=IFCPROPERTYSINGLEVALUE('InternalTaskId',$,IFCTEXT('task-mtx91b5ppvpf141'),$);
#1035=IFCPROPERTYSET('j9q5MXh$6ZoBO1HXRxcp0t',#6,'OPS_TaskIdentity',$,(#1034));
#1036=IFCRELDEFINESBYPROPERTIES('K51ZKfNNmp291rUXb$nZr7',#6,$,$,(#125),#1035);
#1037=IFCPROPERTYSINGLEVALUE('InternalTaskId',$,IFCTEXT('task-mtx91b5vdihp142'),$);
#1038=IFCPROPERTYSET('Z3iRmNmNGz8vUZ5HaNgTjT',#6,'OPS_TaskIdentity',$,(#1037));
#1039=IFCRELDEFINESBYPROPERTIES('AtgPLDEtdd4Di1bl6NgZR$',#6,$,$,(#127),#1038);
#1040=IFCPROPERTYSINGLEVALUE('InternalTaskId',$,IFCTEXT('task-mtx91b62vxlj143'),$);
#1041=IFCPROPERTYSET('G72Xy1k9trNZnv2nBpTNof',#6,'OPS_TaskIdentity',$,(#1040));
#1042=IFCRELDEFINESBYPROPERTIES('9jBnrvwvcjqZ9Bc$YL$xN1',#6,$,$,(#129),#1041);
#1043=IFCPROPERTYSINGLEVALUE('InternalTaskId',$,IFCTEXT('task-mtx91b69yzil144'),$);
#1044=IFCPROPERTYSET('6HD71zqXr9Y5HfaF5Lu$6x',#6,'OPS_TaskIdentity',$,(#1043));
#1045=IFCRELDEFINESBYPROPERTIES('XT096dcV3ZsThZTnMrKxBd',#6,$,$,(#131),#1044);
#1046=IFCPROPERTYSINGLEVALUE('InternalTaskId',$,IFCTEXT('task-mtx91b6gyzaq146'),$);
#1047=IFCPROPERTYSET('pLhlz7l7W5ljQzTlepLXOz',#6,'OPS_TaskIdentity',$,(#1046));
#1048=IFCRELDEFINESBYPROPERTIES('QVztYbkHRV3fTfO1NNQDOr',#6,$,$,(#133),#1047);
#1049=IFCPROPERTYSINGLEVALUE('InternalTaskId',$,IFCTEXT('task-mtx91b6ngs5o147'),$);
#1050=IFCPROPERTYSET('EPM3_PDnob5$4Tpnv$vRvR',#6,'OPS_TaskIdentity',$,(#1049));
#1051=IFCRELDEFINESBYPROPERTIES('rpn5UxUfy51Z$1v1Y7u$E9',#6,$,$,(#135),#1050);
#1052=IFCPROPERTYSINGLEVALUE('InternalTaskId',$,IFCTEXT('task-mtx91b6uchfk148'),$);
#1053=IFCPROPERTYSET('O31Tqbpn6ZsT1$P$SNs3v5',#6,'OPS_TaskIdentity',$,(#1052));
#1054=IFCRELDEFINESBYPROPERTIES('$nhlH1d91t15JXt10P4Tzr',#6,$,$,(#137),#1053);
#1055=IFCPROPERTYSINGLEVALUE('InternalTaskId',$,IFCTEXT('task-mtx91b71vbz5149'),$);
#1056=IFCPROPERTYSET('F7Y16Te7KDedO1lVXDUh6$',#6,'OPS_TaskIdentity',$,(#1055));
#1057=IFCRELDEFINESBYPROPERTIES('sDtpzv1dtXzNhzFVdLuFxH',#6,$,$,(#139),#1056);
#1058=IFCPROPERTYSINGLEVALUE('InternalTaskId',$,IFCTEXT('task-mtx91b77w3zr150'),$);
#1059=IFCPROPERTYSET('i7yTaDIt5l51WpblMHDPvf',#6,'OPS_TaskIdentity',$,(#1058));
#1060=IFCRELDEFINESBYPROPERTIES('Jb5FjzhHJtHr89e$O5ULoN',#6,$,$,(#141),#1059);
#1061=IFCPROPERTYSINGLEVALUE('InternalTaskId',$,IFCTEXT('task-mtx91b7e6m5l151'),$);
#1062=IFCPROPERTYSET('pBnxoVM1kh5VQHrndL8$ox',#6,'OPS_TaskIdentity',$,(#1061));
#1063=IFCRELDEFINESBYPROPERTIES('c$7rNlOd$9nhk5mXi$lzJ1',#6,$,$,(#143),#1062);
#1064=IFCPROPERTYSINGLEVALUE('InternalTaskId',$,IFCTEXT('task-mtx91b7l2n2i152'),$);
#1065=IFCPROPERTYSET('_Hlb8jzHrt6jIlv$9ZJ7xr',#6,'OPS_TaskIdentity',$,(#1064));
#1066=IFCRELDEFINESBYPROPERTIES('R54rxHPtTjSJMtyFnfcDWv',#6,$,$,(#145),#1065);
#1067=IFCPROPERTYSINGLEVALUE('InternalTaskId',$,IFCTEXT('task-mtx91b7s1bjx153'),$);
#1068=IFCPROPERTYSET('mPAZmPUFgbJNDlrnjxTfsz',#6,'OPS_TaskIdentity',$,(#1067));
#1069=IFCRELDEFINESBYPROPERTIES('9pNJfH8vshFhARu$xlJ7z7',#6,$,$,(#147),#1068);
#1070=IFCPROPERTYSINGLEVALUE('InternalTaskId',$,IFCTEXT('task-mtx91b80u8g2154'),$);
#1071=IFCPROPERTYSET('6nfjvPxXhvm1evInyPG9Sx',#6,'OPS_TaskIdentity',$,(#1070));
#1072=IFCRELDEFINESBYPROPERTIES('V3a32r872ZqxVFTFwDZfw$',#6,$,$,(#149),#1071);
#1073=IFCPROPERTYSINGLEVALUE('InternalTaskId',$,IFCTEXT('task-mtx91b881x4b155'),$);
#1074=IFCPROPERTYSET('ebGdXN876Z2bJjFVRXztWd',#6,'OPS_TaskIdentity',$,(#1073));
#1075=IFCRELDEFINESBYPROPERTIES('F7kl1dIlN5nD0zLFtdGt09',#6,$,$,(#151),#1074);
#1076=IFCPROPERTYSINGLEVALUE('InternalTaskId',$,IFCTEXT('task-mtx91b8f2c9g156'),$);
#1077=IFCPROPERTYSET('V$Phhp_fAh15Bpv1MBqpqF',#6,'OPS_TaskIdentity',$,(#1076));
#1078=IFCRELDEFINESBYPROPERTIES('6LQjhNWt$fDPqhslKjk1QL',#6,$,$,(#153),#1077);
#1079=IFCPROPERTYSINGLEVALUE('InternalTaskId',$,IFCTEXT('task-mtx91b8nw14x157'),$);
#1080=IFCPROPERTYSET('bb0tgxVPDRLH5byFPhOHHH',#6,'OPS_TaskIdentity',$,(#1079));
#1081=IFCRELDEFINESBYPROPERTIES('Cf6D5hT$6let$r_V138$Mt',#6,$,$,(#155),#1080);
#1082=IFCPROPERTYSINGLEVALUE('InternalTaskId',$,IFCTEXT('task-mtx91b8uz0j9158'),$);
#1083=IFCPROPERTYSET('Er$rfFiXt$NTxxu1R$VDS9',#6,'OPS_TaskIdentity',$,(#1082));
#1084=IFCRELDEFINESBYPROPERTIES('dX5nP9Llrzm$iX1X0dijMt',#6,$,$,(#157),#1083);
#1085=IFCPROPERTYSINGLEVALUE('InternalTaskId',$,IFCTEXT('task-mtx91b8yij9d159'),$);
#1086=IFCPROPERTYSET('yHR$MV5V5ndBqHrFpBj7FV',#6,'OPS_TaskIdentity',$,(#1085));
#1087=IFCRELDEFINESBYPROPERTIES('ZZOHxB9f6TUx7pZngBazLj',#6,$,$,(#159),#1086);
#1088=IFCPROPERTYSINGLEVALUE('InternalTaskId',$,IFCTEXT('task-mtx91b95thb5160'),$);
#1089=IFCPROPERTYSET('SX3tsFrHTp0n9fe$O5k5jT',#6,'OPS_TaskIdentity',$,(#1088));
#1090=IFCRELDEFINESBYPROPERTIES('3p2X8JB$qT_RL9GX4rT9GV',#6,$,$,(#161),#1089);
#1091=IFCPROPERTYSINGLEVALUE('InternalTaskId',$,IFCTEXT('task-mtx91b9celyl161'),$);
#1092=IFCPROPERTYSET('S17BZb_F8fZtr72FFxpdDJ',#6,'OPS_TaskIdentity',$,(#1091));
#1093=IFCRELDEFINESBYPROPERTIES('3JgzU9JXdpo7cZ$VwpLX0f',#6,$,$,(#163),#1092);
#1094=IFCPROPERTYSINGLEVALUE('InternalTaskId',$,IFCTEXT('task-mtx91b9j4v6u162'),$);
#1095=IFCPROPERTYSET('tNEbujbVljibB7Unjb$JsP',#6,'OPS_TaskIdentity',$,(#1094));
#1096=IFCRELDEFINESBYPROPERTIES('GN8Xur0tF3gFb$7$sbEXuR',#6,$,$,(#165),#1095);
#1097=IFCPROPERTYSINGLEVALUE('InternalTaskId',$,IFCTEXT('task-mtx91b9pm0kh164'),$);
#1098=IFCPROPERTYSET('qton1T8ddPibJjHVZ1j7J$',#6,'OPS_TaskIdentity',$,(#1097));
#1099=IFCRELDEFINESBYPROPERTIES('DLb1sHlP3zMFHZZFEll3pF',#6,$,$,(#167),#1098);
#1100=IFCPROPERTYSINGLEVALUE('InternalTaskId',$,IFCTEXT('task-mtx91b9w8u0r165'),$);
#1101=IFCPROPERTYSET('FhTfO5It3zQXMrM1Hv0vJ1',#6,'OPS_TaskIdentity',$,(#1100));
#1102=IFCRELDEFINESBYPROPERTIES('eZpPT9DXD7TPKx81nNYho9',#6,$,$,(#169),#1101);
#1103=IFCPROPERTYSINGLEVALUE('InternalTaskId',$,IFCTEXT('task-mtx91ba3ychc166'),$);
#1104=IFCPROPERTYSET('Md09IDVd$NZ9h9u1wp5Htp',#6,'OPS_TaskIdentity',$,(#1103));
#1105=IFCRELDEFINESBYPROPERTIES('l5PLnFjXdjsT37glUhtztj',#6,$,$,(#171),#1104);
#1106=IFCPROPERTYSINGLEVALUE('InternalTaskId',$,IFCTEXT('task-mtx91baatvjq167'),$);
#1107=IFCPROPERTYSET('5lxXeTP9l$wjoLEFQvKx$j',#6,'OPS_TaskIdentity',$,(#1106));
#1108=IFCRELDEFINESBYPROPERTIES('UTmvzLinsfxVEBkVEHfLMp',#6,$,$,(#173),#1107);
#1109=IFCPROPERTYSINGLEVALUE('InternalTaskId',$,IFCTEXT('task-mtx91bagftba168'),$);
#1110=IFCPROPERTYSET('aZ0tMx9fSX3fndYVT3OXGV',#6,'OPS_TaskIdentity',$,(#1109));
#1111=IFCRELDEFINESBYPROPERTIES('B9Y$_vffI$HrCFnVNDLV0f',#6,$,$,(#175),#1110);
#1112=IFCPROPERTYSINGLEVALUE('InternalTaskId',$,IFCTEXT('task-mtx91bamfs2y169'),$);
#1113=IFCPROPERTYSET('m7_VGNW9jrrnPFlXHB5X4L',#6,'OPS_TaskIdentity',$,(#1112));
#1114=IFCRELDEFINESBYPROPERTIES('tJBnd9JVD5vh61BHvRUnxH',#6,$,$,(#177),#1113);
#1115=IFCPROPERTYSINGLEVALUE('InternalTaskId',$,IFCTEXT('task-mtx91bas3yx8170'),$);
#1116=IFCPROPERTYSET('k5X3YRs1OvLH$$P1StA9uj',#6,'OPS_TaskIdentity',$,(#1115));
#1117=IFCRELDEFINESBYPROPERTIES('vlp7r7MPbB$xXnhldHb$sP',#6,$,$,(#179),#1116);
#1118=IFCPROPERTYSINGLEVALUE('InternalTaskId',$,IFCTEXT('task-mtx91baylr3j171'),$);
#1119=IFCPROPERTYSET('INmdLp_fgdf5LZ5H47iJoN',#6,'OPS_TaskIdentity',$,(#1118));
#1120=IFCRELDEFINESBYPROPERTIES('hzNROzpVHJi3jj$VGXPjQL',#6,$,$,(#181),#1119);
#1121=IFCPROPERTYSINGLEVALUE('InternalTaskId',$,IFCTEXT('task-mtx91bb57g3r172'),$);
#1122=IFCPROPERTYSET('6lrFZ5sPH1sZtBg$tZhlfT',#6,'OPS_TaskIdentity',$,(#1121));
#1123=IFCRELDEFINESBYPROPERTIES('VTe$gRZlx5VzR$VXuri5Vz',#6,$,$,(#183),#1122);
#1124=IFCPROPERTYSINGLEVALUE('InternalTaskId',$,IFCTEXT('task-mtx91bbb9il0173'),$);
#1125=IFCPROPERTYSET('hvKjdNNNyHbXsbu1vx6j2V',#6,'OPS_TaskIdentity',$,(#1124));
#1126=IFCRELDEFINESBYPROPERTIES('I5XzM$F7MxvhQZlX5rS3tD',#6,$,$,(#185),#1125);
#1127=IFCPROPERTYSINGLEVALUE('InternalTaskId',$,IFCTEXT('task-mtx91bbijnky174'),$);
#1128=IFCPROPERTYSET('lN8nzrGfg5FDyfu1PheVOz',#6,'OPS_TaskIdentity',$,(#1127));
#1129=IFCRELDEFINESBYPROPERTIES('MZz9sLbFsB3N1V5FwJfhIv',#6,$,$,(#187),#1128);
#1130=IFCPROPERTYSINGLEVALUE('InternalTaskId',$,IFCTEXT('task-mtx91bbo8y4q175'),$);
#1131=IFCPROPERTYSET('W$lJrdA$eFyLkbSF$zeVip',#6,'OPS_TaskIdentity',$,(#1130));
#1132=IFCRELDEFINESBYPROPERTIES('7LERqRDnkX3ffxalnxhXiV',#6,$,$,(#189),#1131);
#1133=IFCPROPERTYSINGLEVALUE('InternalTaskId',$,IFCTEXT('task-mtx91bbw7gg7176'),$);
#1134=IFCPROPERTYSET('9tQNOzpV7t2RXRKlCFFh_T',#6,'OPS_TaskIdentity',$,(#1133));
#1135=IFCRELDEFINESBYPROPERTIES('mtyZORQXbV3fBDP1CHDd9F',#6,$,$,(#191),#1134);
#1136=IFCPROPERTYSINGLEVALUE('InternalTaskId',$,IFCTEXT('task-mtx91bc2oqsb177'),$);
#1137=IFCPROPERTYSET('Dr7T8DH7KtkhEhAluhOHpn',#6,'OPS_TaskIdentity',$,(#1136));
#1138=IFCRELDEFINESBYPROPERTIES('c$nDDH87wzgF9fmVgL07ln',#6,$,$,(#193),#1137);
#1139=IFCPROPERTYSINGLEVALUE('InternalTaskId',$,IFCTEXT('task-mtx91bcavjae178'),$);
#1140=IFCPROPERTYSET('exSLbbr1iDWHdzBnNjtBOz',#6,'OPS_TaskIdentity',$,(#1139));
#1141=IFCRELDEFINESBYPROPERTIES('FP6phjA1SXpPajLFnR9ryB',#6,$,$,(#195),#1140);
#1142=IFCPROPERTYSINGLEVALUE('InternalTaskId',$,IFCTEXT('task-mtx91bcgd32t179'),$);
#1143=IFCPROPERTYSET('6BcNqvffcXYNZ9CHoD_rW7',#6,'OPS_TaskIdentity',$,(#1142));
#1144=IFCRELDEFINESBYPROPERTIES('jN8Xih5F0LLlLZ5lepJvf3',#6,$,$,(#197),#1143);
#1145=IFCPROPERTYSINGLEVALUE('InternalTaskId',$,IFCTEXT('task-mtx91bcooktj180'),$);
#1146=IFCPROPERTYSET('vHxV8jpFgxdrmxqnGlVpqz',#6,'OPS_TaskIdentity',$,(#1145));
#1147=IFCRELDEFINESBYPROPERTIES('WXblpnSlznqxbLMlYBhlLp',#6,$,$,(#199),#1146);
#1148=IFCPROPERTYSINGLEVALUE('InternalTaskId',$,IFCTEXT('task-mtx91bcvzbxo181'),$);
#1149=IFCPROPERTYSET('idO$U9rHJr5Vklt1eRstSb',#6,'OPS_TaskIdentity',$,(#1148));
#1150=IFCRELDEFINESBYPROPERTIES('J5PhJ1EtDd$ZxbClQ7azVP',#6,$,$,(#201),#1149);
#1151=IFCPROPERTYSINGLEVALUE('InternalTaskId',$,IFCTEXT('task-mtx91bd2t0pg182'),$);
#1152=IFCPROPERTYSET('6lz9ABv91LvD0zxF2x3tqF',#6,'OPS_TaskIdentity',$,(#1151));
#1153=IFCRELDEFINESBYPROPERTIES('VZGdH$l7ut$5TNGVkTar8b',#6,$,$,(#203),#1152);
#1154=IFCPROPERTYSINGLEVALUE('InternalTaskId',$,IFCTEXT('task-mtx91bd95kew183'),$);
#1155=IFCPROPERTYSET('rjjPH$1dfn$T9rw$WNgT$J',#6,'OPS_TaskIdentity',$,(#1154));
#1156=IFCRELDEFINESBYPROPERTIES('aV39EV6XjNT99fe$L39zjX',#6,$,$,(#205),#1155);
#1157=IFCPROPERTYSINGLEVALUE('InternalTaskId',$,IFCTEXT('task-mtx91bdgufrw184'),$);
#1158=IFCPROPERTYSET('mdER0lHPTDWH$1FVJxLXWd',#6,'OPS_TaskIdentity',$,(#1157));
#1159=IFCRELDEFINESBYPROPERTIES('9D1B1zy$u91x9r2Xf9k$ob',#6,$,$,(#207),#1158);
#1160=IFCPROPERTYSINGLEVALUE('InternalTaskId',$,IFCTEXT('task-mtx91bdkz1q3185'),$);
#1161=IFCPROPERTYSET('sJTfujxXxlBntNu1AxQpqF',#6,'OPS_TaskIdentity',$,(#1160));
#1162=IFCRELDEFINESBYPROPERTIES('T$Phxr9Nk$NT5xWXffQpKp',#6,$,$,(#209),#1161);
#1163=IFCPROPERTYSINGLEVALUE('InternalTaskId',$,IFCTEXT('task-mtx91bdpdfno186'),$);
#1164=IFCPROPERTYSET('4J6D1P2n0BNZhTJn5FnhYp',#6,'OPS_TaskIdentity',$,(#1163));
#1165=IFCRELDEFINESBYPROPERTIES('L7CplV3H9hDdyfGXmF5Hb5',#6,$,$,(#211),#1164);
#1166=IFCPROPERTYSINGLEVALUE('InternalTaskId',$,IFCTEXT('task-mtx91bdud9o1187'),$);
#1167=IFCPROPERTYSET('aXz9Ar9N29cDeXbnebgN61',#6,'OPS_TaskIdentity',$,(#1166));
#1168=IFCRELDEFINESBYPROPERTIES('zD_XKtrl3Zgz1rEXGFxlj1',#6,$,$,(#213),#1167);
#1169=IFCPROPERTYSINGLEVALUE('InternalTaskId',$,IFCTEXT('task-mtx91bdz6qdj188'),$);
#1170=IFCPROPERTYSET('s9cN4X6X79YxXlN1Mh0v7R',#6,'OPS_TaskIdentity',$,(#1169));
#1171=IFCRELDEFINESBYPROPERTIES('Fhb$YxI9H$2Rjj7$DBrF$J',#6,$,$,(#215),#1170);
#1172=IFCPROPERTYSINGLEVALUE('InternalTaskId',$,IFCTEXT('task-mtx91be3dbhb189'),$);
#1173=IFCPROPERTYSET('8DVLZfV7qzE7o1HV$3WdB7',#6,'OPS_TaskIdentity',$,(#1172));
#1174=IFCRELDEFINESBYPROPERTIES('XVztcNe70hDP0zxnQvijo5',#6,$,$,(#217),#1173);
#1175=IFCPROPERTYSINGLEVALUE('InternalTaskId',$,IFCTEXT('task-mtx91be87go2190'),$);
#1176=IFCPROPERTYSET('U3ijLfuPDdXzvVN1oHP5jz',#6,'OPS_TaskIdentity',$,(#1175));
#1177=IFCRELDEFINESBYPROPERTIES('tfMzY9LlnZgztf81wfcDWP',#6,$,$,(#219),#1176);
#1178=IFCPROPERTYSINGLEVALUE('InternalTaskId',$,IFCTEXT('task-mtx91bed739r191'),$);
#1179=IFCPROPERTYSET('lNG79$Et3lGXkbilyPu1M9',#6,'OPS_TaskIdentity',$,(#1178));
#1180=IFCRELDEFINESBYPROPERTIES('MTRlbRpFgxvLgtiFc7yhwV',#6,$,$,(#221),#1179);
#1181=IFCPROPERTYSINGLEVALUE('Deadline',$,IFCDATE('2027-07-15'),$);
#1182=IFCPROPERTYSET('Szahnlld1N5VE$v1EDER$t',#6,'OPS_Constraints',$,(#1181));
#1183=IFCRELDEFINESBYPROPERTIES('rNAT0H1volp9ThMHwjFTN1',#6,$,$,(#221),#1182);
#1184=IFCPROPERTYSINGLEVALUE('MilestoneKind',$,IFCLABEL('START'),$);
#1185=IFCPROPERTYSET('lxfRKNP9R1VbdlJHfDzt8J',#6,'OPS_Milestone',$,(#1184));
#1186=IFCRELDEFINESBYPROPERTIES('8jb1g1HvGJILAPA$VDIxtl',#6,$,$,(#45),#1185);
#1187=IFCPROPERTYSINGLEVALUE('MilestoneKind',$,IFCLABEL('FINISH'),$);
#1188=IFCPROPERTYSINGLEVALUE('Mandatory',$,IFCBOOLEAN(.T.),$);
#1189=IFCPROPERTYSET('LPmvJ3rHFnqxndQ$Ep_BeT',#6,'OPS_Milestone',$,(#1187,#1188));
#1190=IFCRELDEFINESBYPROPERTIES('S3aLPxcvmpo7kF3nuZJ7ln',#6,$,$,(#65),#1189);
#1191=IFCPROPERTYSINGLEVALUE('MilestoneKind',$,IFCLABEL('FINISH'),$);
#1192=IFCPROPERTYSET('I51TujZlJNBnv1TngHrnhf',#6,'OPS_Milestone',$,(#1191));
#1193=IFCRELDEFINESBYPROPERTIES('B9_VGfGf8tfZVl1XSRtB8p',#6,$,$,(#117),#1192);
#1194=IFCPROPERTYSINGLEVALUE('MilestoneKind',$,IFCLABEL('FINISH'),$);
#1195=IFCPROPERTYSINGLEVALUE('Mandatory',$,IFCBOOLEAN(.T.),$);
#1196=IFCPROPERTYSET('vhcjjZdt73WHf5ilStoXiJ',#6,'OPS_Milestone',$,(#1194,#1195));
#1197=IFCRELDEFINESBYPROPERTIES('0HlbuBOPvzet99ylNpzti$',#6,$,$,(#209),#1196);
#1198=IFCPROPERTYSINGLEVALUE('MilestoneKind',$,IFCLABEL('FINISH'),$);
#1199=IFCPROPERTYSINGLEVALUE('Mandatory',$,IFCBOOLEAN(.T.),$);
#1200=IFCPROPERTYSET('L3$Zif9f6Z_bFJjltzvp09',#6,'OPS_Milestone',$,(#1198,#1199));
#1201=IFCRELDEFINESBYPROPERTIES('o7gdVt4lrNIPmbGV4Pm9ij',#6,$,$,(#211),#1200);
#1202=IFCPROPERTYSINGLEVALUE('MilestoneKind',$,IFCLABEL('FINISH'),$);
#1203=IFCPROPERTYSINGLEVALUE('Mandatory',$,IFCBOOLEAN(.T.),$);
#1204=IFCPROPERTYSET('jNOl1P2F8VsHFdA$97iJEx',#6,'OPS_Milestone',$,(#1202,#1203));
#1205=IFCRELDEFINESBYPROPERTIES('c5iRKhLlDPVzLfinUh7Dux',#6,$,$,(#213),#1204);
#1206=IFCPROPERTYSINGLEVALUE('MilestoneKind',$,IFCLABEL('FINISH'),$);
#1207=IFCPROPERTYSINGLEVALUE('Mandatory',$,IFCBOOLEAN(.T.),$);
#1208=IFCPROPERTYSET('bV5nr7YNOdvLkx81IZKJ_z',#6,'OPS_Milestone',$,(#1206,#1207));
#1209=IFCRELDEFINESBYPROPERTIES('KRztM$vthpUNxb4Hnt2HJ$',#6,$,$,(#215),#1208);
#1210=IFCPROPERTYSINGLEVALUE('MilestoneKind',$,IFCLABEL('FINISH'),$);
#1211=IFCPROPERTYSINGLEVALUE('Mandatory',$,IFCBOOLEAN(.T.),$);
#1212=IFCPROPERTYSET('9tgdZN$7o5$ZvJ91CFlr0t',#6,'OPS_Milestone',$,(#1210,#1211));
#1213=IFCRELDEFINESBYPROPERTIES('2DEFzLCnGpo7_D91bRUnX3',#6,$,$,(#217),#1212);
#1214=IFCPROPERTYSINGLEVALUE('MilestoneKind',$,IFCLABEL('FINISH'),$);
#1215=IFCPROPERTYSINGLEVALUE('Mandatory',$,IFCBOOLEAN(.T.),$);
#1216=IFCPROPERTYSET('Dr1B$z4HxnvLUfanbR2Hzv',#6,'OPS_Milestone',$,(#1214,#1215));
#1217=IFCRELDEFINESBYPROPERTIES('iPuFrvEt7tsTvDhHlLHBat',#6,$,$,(#219),#1216);
#1218=IFCPROPERTYSINGLEVALUE('MilestoneKind',$,IFCLABEL('FINISH'),$);
#1219=IFCPROPERTYSINGLEVALUE('Mandatory',$,IFCBOOLEAN(.T.),$);
#1220=IFCPROPERTYSET('0nb1Q9y$iJSjQzTlOj$jkL',#6,'OPS_Milestone',$,(#1218,#1219));
#1221=IFCRELDEFINESBYPROPERTIES('7FXLbRTHrZ4hUz1VyBxV4h',#6,$,$,(#221),#1220);
#1222=IFCPROPERTYSINGLEVALUE('Notes',$,IFCTEXT('[{"id":"note-mtx91b2inzvn124","text":"Check rebar drawing with the structural engineer","done":false},{"id":"note-mtx91b2ixj8g125","text":"Formwork checked by the site manager","done":true}]'),$);
#1223=IFCPROPERTYSET('yD2XKLBlthb$8nTFcTR1Iv',#6,'OPS_TaskNotes',$,(#1222));
#1224=IFCRELDEFINESBYPROPERTIES('hviJJzJVVvz7wjFX7RAtOT',#6,$,$,(#95),#1223);
#1225=IFCPROPERTYSINGLEVALUE('Notes',$,IFCTEXT('[{"id":"note-mtx91b6gm1d2145","text":"Confirm pipework material delivery with the supplier","done":false}]'),$);
#1226=IFCPROPERTYSET('bbelfpF7_TyLIld$tdOXW7',#6,'OPS_TaskNotes',$,(#1225));
#1227=IFCRELDEFINESBYPROPERTIES('qt_XuhKnoFPryf8$QP0vZf',#6,$,$,(#133),#1226);
#1228=IFCPROPERTYSINGLEVALUE('Notes',$,IFCTEXT('[{"id":"note-mtx91b9pv3lk163","text":"Moisture readings taken on walls","done":true}]'),$);
#1229=IFCPROPERTYSET('2nrnd95F45PB8tu$gnPJE5',#6,'OPS_TaskNotes',$,(#1228));
#1230=IFCRELDEFINESBYPROPERTIES('b5ShhDMPFT6jgB2XlBZ9m$',#6,$,$,(#167),#1229);
#1231=IFCPROPERTYSINGLEVALUE('Baselines',$,IFCTEXT('[{"id":"baseline-mtx91booeeey341","name":"Baseline at start","createdAt":"2026-09-11T17:47:40.008Z","tasks":[{"taskId":"task-mtx91aypm31o99","start":"2027-03-01","finish":"2027-03-01","duration":0,"isMilestone":true,"milestoneKind":"START"},{"taskId":"task-mtx91ayujzhk101","start":"2027-03-01","finish":"2027-03-01","duration":1,"isMilestone":false},{"taskId":"task-mtx91ayx2pz4102","start":"2027-03-02","finish":"2027-03-04","duration":3,"isMilestone":false},{"taskId":"task-mtx91az0cdlx103","start":"2027-03-05","finish":"2027-03-08","duration":2,"isMilestone":false},{"taskId":"task-mtx91az4jlv1104","start":"2027-03-09","finish":"2027-03-11","duration":3,"isMilestone":false},{"taskId":"task-mtx91azcmcvg106","start":"2027-03-12","finish":"2027-03-18","duration":5,"isMilestone":false},{"taskId":"task-mtx91azephxb107","start":"2027-03-19","finish":"2027-04-01","duration":5,"isMilestone":false},{"taskId":"task-mtx91azj2g5i108","start":"2027-04-05","finish":"2027-04-08","duration":4,"isMilestone":false},{"taskId":"task-mtx91azm6vus109","start":"2027-04-08","finish":"2027-04-08","duration":0,"isMilestone":true,"milestoneKind":"FINISH"},{"taskId":"task-mtx91azusie0111","start":"2027-04-09","finish":"2027-04-16","duration":6,"isMilestone":false},{"taskId":"task-mtx91b0b0pd1112","start":"2027-04-19","finish":"2027-04-22","duration":4,"isMilestone":false},{"taskId":"task-mtx91b0juet5113","start":"2027-04-23","finish":"2027-05-03","duration":6,"isMilestone":false},{"taskId":"task-mtx91b0rhgoo114","start":"2027-05-04","finish":"2027-05-12","duration":5,"isMilestone":false},{"taskId":"task-mtx91b0yr8gp115","start":"2027-04-19","finish":"2027-04-26","duration":6,"isMilestone":false},{"taskId":"task-mtx91b14bvqu116","start":"2027-04-28","finish":"2027-05-03","duration":4,"isMilestone":false},{"taskId":"task-mtx91b1aibpm117","start":"2027-05-04","finish":"2027-05-13","duration":6,"isMilestone":false},{"taskId":"task-mtx91b1gaq6y118","start":"2027-05-14","finish":"2027-05-21","duration":5,"isMilestone":false},{"taskId":"task-mtx91b1kyaq7119","start":"2027-04-28","finish":"2027-05-07","duration":6,"isMilestone":false},{"taskId":"task-mtx91b1r4mkw120","start":"2027-05-10","finish":"2027-05-13","duration":4,"isMilestone":false},{"taskId":"task-mtx91b203h4h121","start":"2027-05-14","finish":"2027-05-24","duration":6,"isMilestone":false},{"taskId":"task-mtx91b27gcpc122","start":"2027-05-25","finish":"2027-05-31","duration":5,"isMilestone":false},{"taskId":"task-mtx91b2cl9qq123","start":"2027-05-10","finish":"2027-05-18","duration":6,"isMilestone":false},{"taskId":"task-mtx91b2iav4k126","start":"2027-05-19","finish":"2027-05-24","duration":4,"isMilestone":false},{"taskId":"task-mtx91b2pylxm127","start":"2027-05-25","finish":"2027-06-01","duration":6,"isMilestone":false},{"taskId":"task-mtx91b2vjuja128","start":"2027-06-02","finish":"2027-06-08","duration":5,"isMilestone":false},{"taskId":"task-mtx91b33ihxi129","start":"2027-05-19","finish":"2027-05-26","duration":6,"isMilestone":false},{"taskId":"task-mtx91b3a5b84130","start":"2027-05-27","finish":"2027-06-01","duration":4,"isMilestone":false},{"taskId":"task-mtx91b3jgbpi131","start":"2027-06-02","finish":"2027-06-09","duration":6,"isMilestone":false},{"taskId":"task-mtx91b3wsqln132","start":"2027-06-10","finish":"2027-06-16","duration":5,"isMilestone":false},{"taskId":"task-mtx91b455le9133","start":"2027-05-27","finish":"2027-06-03","duration":6,"isMilestone":false},{"taskId":"task-mtx91b4eybbi134","start":"2027-06-04","finish":"2027-06-09","duration":4,"isMilestone":false},{"taskId":"task-mtx91b4l0gcf135","start":"2027-06-10","finish":"2027-06-17","duration":6,"isMilestone":false},{"taskId":"task-mtx91b4slw28136","start":"2027-06-18","finish":"2027-06-24","duration":5,"isMilestone":false},{"taskId":"task-mtx91b4zaqfb137","start":"2027-06-24","finish":"2027-06-24","duration":0,"isMilestone":true,"milestoneKind":"FINISH"},{"taskId":"task-mtx91b5bd1nl139","start":"2027-05-13","finish":"2027-05-18","duration":3,"isMilestone":false},{"taskId":"task-mtx91b5hdkty140","start":"2027-05-19","finish":"2027-05-21","duration":3,"isMilestone":false},{"taskId":"task-mtx91b5ppvpf141","start":"2027-05-21","finish":"2027-05-21","duration":1,"isMilestone":false},{"taskId":"task-mtx91b5vdihp142","start":"2027-05-24","finish":"2027-05-26","duration":3,"isMilestone":false},{"taskId":"task-mtx91b62vxlj143","start":"2027-05-27","finish":"2027-05-31","duration":3,"isMilestone":false},{"taskId":"task-mtx91b69yzil144","start":"2027-06-01","finish":"2027-06-01","duration":1,"isMilestone":false},{"taskId":"task-mtx91b6gyzaq146","start":"2027-06-01","finish":"2027-06-03","duration":3,"isMilestone":false},{"taskId":"task-mtx91b6ngs5o147","start":"2027-06-04","finish":"2027-06-08","duration":3,"isMilestone":false},{"taskId":"task-mtx91b6uchfk148","start":"2027-06-09","finish":"2027-06-09","duration":1,"isMilestone":false},{"taskId":"task-mtx91b71vbz5149","start":"2027-06-09","finish":"2027-06-11","duration":3,"isMilestone":false},{"taskId":"task-mtx91b77w3zr150","start":"2027-06-14","finish":"2027-06-16","duration":3,"isMilestone":false},{"taskId":"task-mtx91b7e6m5l151","start":"2027-06-17","finish":"2027-06-17","duration":1,"isMilestone":false},{"taskId":"task-mtx91b7l2n2i152","start":"2027-06-17","finish":"2027-06-21","duration":3,"isMilestone":false},{"taskId":"task-mtx91b7s1bjx153","start":"2027-06-22","finish":"2027-06-24","duration":3,"isMilestone":false},{"taskId":"task-mtx91b80u8g2154","start":"2027-06-25","finish":"2027-06-25","duration":1,"isMilestone":false},{"taskId":"task-mtx91b881x4b155","start":"2027-06-25","finish":"2027-06-29","duration":3,"isMilestone":false},{"taskId":"task-mtx91b8f2c9g156","start":"2027-06-30","finish":"2027-07-02","duration":3,"isMilestone":false},{"taskId":"task-mtx91b8nw14x157","start":"2027-07-05","finish":"2027-07-05","duration":1,"isMilestone":false},{"taskId":"task-mtx91b8yij9d159","start":"2027-05-24","finish":"2027-05-28","duration":5,"isMilestone":false},{"taskId":"task-mtx91b95thb5160","start":"2027-05-31","finish":"2027-06-02","duration":3,"isMilestone":false},{"taskId":"task-mtx91b9celyl161","start":"2027-06-03","finish":"2027-06-07","duration":3,"isMilestone":false},{"taskId":"task-mtx91b9j4v6u162","start":"2027-06-04","finish":"2027-06-09","duration":4,"isMilestone":false},{"taskId":"task-mtx91b9pm0kh164","start":"2027-06-02","finish":"2027-06-08","duration":5,"isMilestone":false},{"taskId":"task-mtx91b9w8u0r165","start":"2027-06-09","finish":"2027-06-11","duration":3,"isMilestone":false},{"taskId":"task-mtx91ba3ychc166","start":"2027-06-14","finish":"2027-06-16","duration":3,"isMilestone":false},{"taskId":"task-mtx91baatvjq167","start":"2027-06-17","finish":"2027-06-22","duration":4,"isMilestone":false},{"taskId":"task-mtx91bagftba168","start":"2027-06-10","finish":"2027-06-16","duration":5,"isMilestone":false},{"taskId":"task-mtx91bamfs2y169","start":"2027-06-17","finish":"2027-06-21","duration":3,"isMilestone":false},{"taskId":"task-mtx91bas3yx8170","start":"2027-06-22","finish":"2027-06-24","duration":3,"isMilestone":false},{"taskId":"task-mtx91baylr3j171","start":"2027-06-25","finish":"2027-06-30","duration":4,"isMilestone":false},{"taskId":"task-mtx91bb57g3r172","start":"2027-06-18","finish":"2027-06-24","duration":5,"isMilestone":false},{"taskId":"task-mtx91bbb9il0173","start":"2027-06-25","finish":"2027-06-29","duration":3,"isMilestone":false},{"taskId":"task-mtx91bbijnky174","start":"2027-06-30","finish":"2027-07-02","duration":3,"isMilestone":false},{"taskId":"task-mtx91bbo8y4q175","start":"2027-07-05","finish":"2027-07-08","duration":4,"isMilestone":false},{"taskId":"task-mtx91bbw7gg7176","start":"2027-06-28","finish":"2027-07-02","duration":5,"isMilestone":false},{"taskId":"task-mtx91bc2oqsb177","start":"2027-07-05","finish":"2027-07-07","duration":3,"isMilestone":false},{"taskId":"task-mtx91bcavjae178","start":"2027-07-08","finish":"2027-07-12","duration":3,"isMilestone":false},{"taskId":"task-mtx91bcgd32t179","start":"2027-07-13","finish":"2027-07-16","duration":4,"isMilestone":false},{"taskId":"task-mtx91bcooktj180","start":"2027-07-06","finish":"2027-07-12","duration":5,"isMilestone":false},{"taskId":"task-mtx91bcvzbxo181","start":"2027-07-13","finish":"2027-07-15","duration":3,"isMilestone":false},{"taskId":"task-mtx91bd2t0pg182","start":"2027-07-16","finish":"2027-07-20","duration":3,"isMilestone":false},{"taskId":"task-mtx91bd95kew183","start":"2027-07-21","finish":"2027-08-16","duration":4,"isMilestone":false},{"taskId":"task-mtx91bdkz1q3185","start":"2027-06-09","finish":"2027-06-09","duration":0,"isMilestone":true,"milestoneKind":"FINISH"},{"taskId":"task-mtx91bdpdfno186","start":"2027-06-22","finish":"2027-06-22","duration":0,"isMilestone":true,"milestoneKind":"FINISH"},{"taskId":"task-mtx91bdud9o1187","start":"2027-06-30","finish":"2027-06-30","duration":0,"isMilestone":true,"milestoneKind":"FINISH"},{"taskId":"task-mtx91bdz6qdj188","start":"2027-07-08","finish":"2027-07-08","duration":0,"isMilestone":true,"milestoneKind":"FINISH"},{"taskId":"task-mtx91be3dbhb189","start":"2027-07-16","finish":"2027-07-16","duration":0,"isMilestone":true,"milestoneKind":"FINISH"},{"taskId":"task-mtx91be87go2190","start":"2027-08-16","finish":"2027-08-16","duration":0,"isMilestone":true,"milestoneKind":"FINISH"},{"taskId":"task-mtx91bed739r191","start":"2027-08-16","finish":"2027-08-16","duration":0,"isMilestone":true,"milestoneKind":"FINISH"}],"projectEnd":"2027-08-16","projectDuration":97}]'),$);
#1232=IFCPROPERTYSINGLEVALUE('TaskGuids',$,IFCTEXT('{"task-mtx91aypm31o99":"RxyBxnrl9rNTtroVCFtzJ1","task-mtx91ayujzhk101":"zHNJLNud1BrFbXDHT1zfsT","task-mtx91ayx2pz4102":"yp_VC79feFCZVHXXQzfT3r","task-mtx91az0cdlx103":"l9iRi95FCT_bxnpFvVRnzh","task-mtx91az4jlv1104":"YZWN43qXVd9bJJ7$Z38$_X","task-mtx91azcmcvg106":"d1dLH1lvWbp9b$XXeDJvfZ","task-mtx91azephxb107":"LZpdFHv9lpG$WDLl5hun79","task-mtx91azj2g5i108":"WV5FxFT$_tg3xlVVUBj7Hl","task-mtx91azm6vus109":"fTL1YffNu$ErSdYV5HJvBZ","task-mtx91azusie0111":"BfM3oVs1GD2tXRCHEJMf65","task-mtx91b0b0pd1112":"I9Szo$_fgvx1SdM1j5J7pH","task-mtx91b0juet5113":"PV3tALT1ExtbZBg$zJs9KD","task-mtx91b0rhgoo114":"ovU12B09zFK3dHbn4vi5NX","task-mtx91b0yr8gp115":"yD_X0HHd9L3NvjVVQPOXS5","task-mtx91b14bvqu116":"6BU$w7ottVzfNxyFbVDdrd","task-mtx91b1aibpm117":"Gt4rrdkl5Fvhg9ylVF5HRb","task-mtx91b1gaq6y118":"ErfjP9Z1wFCxPZP1GVvD4v","task-mtx91b1kyaq7119":"GvEFVpotP7mV_dYVn96Pzh","task-mtx91b1r4mkw120":"8DtDrTePhPSJQT71UL9zJ1","task-mtx91b203h4h121":"OZpddxo9t1fTTfmXuZBFxn","task-mtx91b27gcpc122":"yj_BVD67_38vUZhl3l1J_$","task-mtx91b2cl9qq123":"JNGP5rtNs9NTndA1dndJIB","task-mtx91b2iav4k126":"F7IHDlOPPpEvg9KlqFlrWv","task-mtx91b2pylxm127":"lRh$2d5VVPPB8NSltdmfEN","task-mtx91b2vjuja128":"mtKRC7n72fMFp35FgFvpup","task-mtx91b33ihxi129":"vnXLvBudj9dj272nzHfL6X","task-mtx91b3a5b84130":"AfERCdDns9djkld1DPSrWd","task-mtx91b3jgbpi131":"zFpvFLpVj9vDKV1XeRMNUD","task-mtx91b3wsqln132":"rjrnlRTH5RjfdTP107G9St","task-mtx91b455le9133":"S$vrb1lvGD_999iHWfEbJ1","task-mtx91b4eybbi134":"mNGdXtaHZ1sTtBUV5H3fwx","task-mtx91b4l0gcf135":"WXDPvBmNCvePKxO15rar8b","task-mtx91b4slw28136":"3HPzInCVLdSr4t4HPL07Pr","task-mtx91b4zaqfb137":"_HF5Yx2No57LklVXgHBnvN","task-mtx91b5bd1nl139":"YZWfW$nvIrVblZRl6JVp8j","task-mtx91b5hdkty140":"jRJ7NFiVHDOtvXv$FNszJV","task-mtx91b5ppvpf141":"MPGd9ZFPDPlJgtaFv1FZ5l","task-mtx91b5vdihp142":"WVbl5LDVjt93zb0Vvb6Pdv","task-mtx91b62vxlj143":"D7QNy1k9nFqZ9LQl3jcvzv","task-mtx91b69yzil144":"9pPz6zKXbLTtzbu1PriJMt","task-mtx91b6gyzaq146":"G9a3Ytbn_9sZ9Bw$a9stWP","task-mtx91b6ngs5o147":"rf2r7vNf63YNzdc1AbEVOr","task-mtx91b6uchfk148":"hzfbyXcVvZqTf54nFtoVmX","task-mtx91b71vbz5149":"C969sr79hpgnPnlX$3eVij","task-mtx91b77w3zr150":"NdWfy1o9$rrntNO$KVhV8b","task-mtx91b7e6m5l151":"mfunR$NfgdlJQlTlWt6Prd","task-mtx91b7l2n2i152":"xHrnv7NNkhpPmr_XLzlruR","task-mtx91b7s1bjx153":"DPcjzBO7ylRVUNyndheXm$","task-mtx91b80u8g2154":"tjp7tVol5Rx189O$hTR16b","task-mtx91b881x4b155":"Rx4ZC5$dvf_tR$HVDvm9mX","task-mtx91b8f2c9g156":"a1$T0l$v2t6J2v6lTV93nV","task-mtx91b8nw14x157":"U3qpBT09p7Dt3RO1h3$xV3","task-mtx91b8yij9d159":"7nFxE3Rnwlm18NqlIVPjgj","task-mtx91b95thb5160":"dXDdbxv91h7Dyz9$epTN2$","task-mtx91b9celyl161":"P1VzEzBHDRp9vVnVPrqbPh","task-mtx91b9j4v6u162":"6Lg3ct4$yHZdajBnB9I$s7","task-mtx91b9pm0kh164":"9ts7nrlPNxtbTBUX3jYnnx","task-mtx91b9w8u0r165":"ktCDRbbVXxVz5npFBJFTh9","task-mtx91ba3ychc166":"d5Cpl179LDEvIHnXbXB1wX","task-mtx91baatvjq167":"uDfJ7vH7CvePSjRn8r4T9n","task-mtx91bagftba168":"VzCpRRTlF36103rnfjHzVd","task-mtx91bamfs2y169":"pvQNe5APJhPj6jnV5lR$QB","task-mtx91bas3yx8170":"n7onFhZ1cX_9rP61ODztGF","task-mtx91baylr3j171":"h7yZGtCFSrJ7ohcl5HZ9WP","task-mtx91bb57g3r172":"tD$rr7c7GjcpuHd1BpTfkL","task-mtx91bbb9il0173":"ObG7XJklPpkdmLAHmllz3v","task-mtx91bbijnky174":"K7S3ETndDvhHj$5lWt6dZx","task-mtx91bbo8y4q175":"Z$vrLNGNWxFDOdg$xlR$wR","task-mtx91bbw7gg7176":"wBoFhfW9Zpm$KVVXgnnhwV","task-mtx91bc2oqsb177":"mf09EXA1ePN5Tt4FZ307J$","task-mtx91bcavjae178":"RR8VW179jNpde72FxBK5lL","task-mtx91bcgd32t179":"zps777l78tXb1LknWfoRnX","task-mtx91bcooktj180":"ADHbmfO7u$oBqLwlRbQvfz","task-mtx91bcvzbxo181":"NvCxALLHZ1_RFJpHv1vRll","task-mtx91bd2t0pg182":"tptp7LqVHVslpHJlFNMZPP","task-mtx91bd95kew183":"oBvTSFalRhhlVlnXZzelpn","task-mtx91bdkz1q3185":"DBfjfnKFAh7pS7sHexEb7b","task-mtx91bdpdfno186":"1JsZSna$M5NxvDxHi$NL_1","task-mtx91bdud9o1187":"PVpdHXh$g5ljw$DnLzHr8b","task-mtx91bdz6qdj188":"7rA7NHOP$NBFPlBFDhnhQr","task-mtx91be3dbhb189":"rJ5V0njXRXrFPnf1rtMNo9","task-mtx91be87go2190":"X1$Zmf0t$Lnhsb0XDLdjYD","task-mtx91bed739r191":"ivq5shpV5bhHl90VXHXDy7"}'),$);
#1233=IFCPROPERTYSINGLEVALUE('ActiveBaselineId',$,IFCTEXT('baseline-mtx91booeeey341'),$);
#1234=IFCPROPERTYSET('XXh1w34HTJCTF7clPLWdrv',#6,'OPS_Baselines',$,(#1231,#1232,#1233));
#1235=IFCRELDEFINESBYPROPERTIES('Oz1Z43KV$BzN1$1VwJtr4B',#6,$,$,(#41),#1234);
ENDSEC;
END-ISO-10303-21;
